"HITId","HITTypeId","Title","Description","Keywords","Reward","CreationTime","MaxAssignments","RequesterAnnotation","AssignmentDurationInSeconds","AutoApprovalDelayInSeconds","Expiration","NumberOfSimilarHITs","LifetimeInSeconds","AssignmentId","WorkerId","AssignmentStatus","AcceptTime","SubmitTime","AutoApprovalTime","ApprovalTime","RejectionTime","RequesterFeedback","WorkTimeInSeconds","LifetimeApprovalRate","Last30DaysApprovalRate","Last7DaysApprovalRate","Answer.GT-LJ001-0063","Answer.GT-LJ001-0072","Answer.bad-LJ001-0015","Answer.bad-LJ001-0051","Answer.dw-LJ001-0173","Approve","Reject"
"3511RHPADV7MK88NDL62EMIGXKXRL5","3HSQTUGQM2AKK76J15EGVP65ET09G1","How natural (i.e. human-sounding) is this recording?","How natural (i.e. human-sounding) is this recording?","audio, naturalness, rating","$0.05","Fri Oct 18 23:24:24 PDT 2019","140","BatchId:3806728;OriginalHitTemplateId:928390811;","1800","604800","Fri Oct 25 23:24:24 PDT 2019","","","3018Q3ZVOJK8B9FC6WMDUSYT1XJARL","AWHFDTC0631VS","Rejected","Fri Oct 18 23:26:01 PDT 2019","Fri Oct 18 23:30:08 PDT 2019","Fri Oct 25 23:30:08 PDT 2019","","Sat Oct 19 21:21:20 PDT 2019","Sorry, you did not pass our hidden quality assurance tests.","247","0% (0/1)","0% (0/1)","0% (0/1)","5","4","3","4","4"
"3511RHPADV7MK88NDL62EMIGXKXRL5","3HSQTUGQM2AKK76J15EGVP65ET09G1","How natural (i.e. human-sounding) is this recording?","How natural (i.e. human-sounding) is this recording?","audio, naturalness, rating","$0.05","Fri Oct 18 23:24:24 PDT 2019","140","BatchId:3806728;OriginalHitTemplateId:928390811;","1800","604800","Fri Oct 25 23:24:24 PDT 2019","","","3018Q3ZVOJK8B9FC6WMDUSYT20ZAR8","A2S7SCJHKZ0CDR","Submitted","Sat Oct 19 21:24:25 PDT 2019","Sat Oct 19 21:52:53 PDT 2019","Sat Oct 26 21:52:53 PDT 2019","","","","1708","0% (0/0)","0% (0/0)","0% (0/0)","3","5","1","1","4"
"3511RHPADV7MK88NDL62EMIGXKXRL5","3HSQTUGQM2AKK76J15EGVP65ET09G1","How natural (i.e. human-sounding) is this recording?","How natural (i.e. human-sounding) is this recording?","audio, naturalness, rating","$0.05","Fri Oct 18 23:24:24 PDT 2019","140","BatchId:3806728;OriginalHitTemplateId:928390811;","1800","604800","Fri Oct 25 23:24:24 PDT 2019","","","304SM51WA4YPVYKHRZMEFDNV5HNSBM","A3ODX7RC28VYZX","Rejected","Fri Oct 18 23:27:03 PDT 2019","Fri Oct 18 23:27:37 PDT 2019","Fri Oct 25 23:27:37 PDT 2019","","Sat Oct 19 21:21:20 PDT 2019","Sorry, you did not pass our hidden quality assurance tests.","34","0% (0/7)","0% (0/7)","0% (0/7)","4","4","4","4","5"
"3511RHPADV7MK88NDL62EMIGXKXRL5","3HSQTUGQM2AKK76J15EGVP65ET09G1","How natural (i.e. human-sounding) is this recording?","How natural (i.e. human-sounding) is this recording?","audio, naturalness, rating","$0.05","Fri Oct 18 23:24:24 PDT 2019","140","BatchId:3806728;OriginalHitTemplateId:928390811;","1800","604800","Fri Oct 25 23:24:24 PDT 2019","","","308Q0PEVB97HDR2OO3E4K5MI9MZ9IP","A39LL7VGRY7XQ2","Submitted","Sat Oct 19 21:33:43 PDT 2019","Sat Oct 19 21:35:15 PDT 2019","Sat Oct 26 21:35:15 PDT 2019","","","","92","0% (0/0)","0% (0/0)","0% (0/0)","5","3","1","1","5"
"3511RHPADV7MK88NDL62EMIGXKXRL5","3HSQTUGQM2AKK76J15EGVP65ET09G1","How natural (i.e. human-sounding) is this recording?","How natural (i.e. human-sounding) is this recording?","audio, naturalness, rating","$0.05","Fri Oct 18 23:24:24 PDT 2019","140","BatchId:3806728;OriginalHitTemplateId:928390811;","1800","604800","Fri Oct 25 23:24:24 PDT 2019","","","30H4UDGLT3CO1X8MQ78TYOTEVZ2PMH","A2S0BLOKRQDOSQ","Submitted","Sat Oct 19 21:47:28 PDT 2019","Sat Oct 19 21:48:36 PDT 2019","Sat Oct 26 21:48:36 PDT 2019","","","","68","0% (0/0)","0% (0/0)","0% (0/0)","5","5","1","1","4"
"3511RHPADV7MK88NDL62EMIGXKXRL5","3HSQTUGQM2AKK76J15EGVP65ET09G1","How natural (i.e. human-sounding) is this recording?","How natural (i.e. human-sounding) is this recording?","audio, naturalness, rating","$0.05","Fri Oct 18 23:24:24 PDT 2019","140","BatchId:3806728;OriginalHitTemplateId:928390811;","1800","604800","Fri Oct 25 23:24:24 PDT 2019","","","30LSNF239VP6D7HP3UZPAIE42D92I3","A28QUR0QYD2WI7","Submitted","Fri Oct 18 23:33:20 PDT 2019","Fri Oct 18 23:35:10 PDT 2019","Fri Oct 25 23:35:10 PDT 2019","","","","110","100% (1/1)","100% (1/1)","100% (1/1)","5","5","1","1","5"
"3511RHPADV7MK88NDL62EMIGXKXRL5","3HSQTUGQM2AKK76J15EGVP65ET09G1","How natural (i.e. human-sounding) is this recording?","How natural (i.e. human-sounding) is this recording?","audio, naturalness, rating","$0.05","Fri Oct 18 23:24:24 PDT 2019","140","BatchId:3806728;OriginalHitTemplateId:928390811;","1800","604800","Fri Oct 25 23:24:24 PDT 2019","","","3137ONMDKHZKCWNA6QUNR7ADK36EGO","AZFHBOI9IHMK4","Submitted","Fri Oct 18 23:24:35 PDT 2019","Fri Oct 18 23:26:50 PDT 2019","Fri Oct 25 23:26:50 PDT 2019","","","","135","0% (0/0)","0% (0/0)","0% (0/0)","4","4","2","2","4"
"3511RHPADV7MK88NDL62EMIGXKXRL5","3HSQTUGQM2AKK76J15EGVP65ET09G1","How natural (i.e. human-sounding) is this recording?","How natural (i.e. human-sounding) is this recording?","audio, naturalness, rating","$0.05","Fri Oct 18 23:24:24 PDT 2019","140","BatchId:3806728;OriginalHitTemplateId:928390811;","1800","604800","Fri Oct 25 23:24:24 PDT 2019","","","317HQ483I8M22T6IPDX926H2D82INC","A31QYD4D35EJH1","Submitted","Fri Oct 18 23:52:03 PDT 2019","Fri Oct 18 23:52:23 PDT 2019","Fri Oct 25 23:52:23 PDT 2019","","","","20","0% (0/0)","0% (0/0)","0% (0/0)","5","5","2","2","5"
"3511RHPADV7MK88NDL62EMIGXKXRL5","3HSQTUGQM2AKK76J15EGVP65ET09G1","How natural (i.e. human-sounding) is this recording?","How natural (i.e. human-sounding) is this recording?","audio, naturalness, rating","$0.05","Fri Oct 18 23:24:24 PDT 2019","140","BatchId:3806728;OriginalHitTemplateId:928390811;","1800","604800","Fri Oct 25 23:24:24 PDT 2019","","","31EUONYN2WXP6KQUPZW5WK71BK0VOY","A92PYHF3CQCVQ","Submitted","Fri Oct 18 23:29:35 PDT 2019","Fri Oct 18 23:31:17 PDT 2019","Fri Oct 25 23:31:17 PDT 2019","","","","102","0% (0/0)","0% (0/0)","0% (0/0)","5","5","2","2","4"
"3511RHPADV7MK88NDL62EMIGXKXRL5","3HSQTUGQM2AKK76J15EGVP65ET09G1","How natural (i.e. human-sounding) is this recording?","How natural (i.e. human-sounding) is this recording?","audio, naturalness, rating","$0.05","Fri Oct 18 23:24:24 PDT 2019","140","BatchId:3806728;OriginalHitTemplateId:928390811;","1800","604800","Fri Oct 25 23:24:24 PDT 2019","","","31LM9EDVOMMYX4QO7VI9E7W2QNRJNP","A1X7XN1U6IHQY1","Submitted","Fri Oct 18 23:46:57 PDT 2019","Fri Oct 18 23:47:58 PDT 2019","Fri Oct 25 23:47:58 PDT 2019","","","","61","0% (0/0)","0% (0/0)","0% (0/0)","5","5","1","1","5"
"3511RHPADV7MK88NDL62EMIGXKXRL5","3HSQTUGQM2AKK76J15EGVP65ET09G1","How natural (i.e. human-sounding) is this recording?","How natural (i.e. human-sounding) is this recording?","audio, naturalness, rating","$0.05","Fri Oct 18 23:24:24 PDT 2019","140","BatchId:3806728;OriginalHitTemplateId:928390811;","1800","604800","Fri Oct 25 23:24:24 PDT 2019","","","31Q0U3WYDQ92Z2IX1ZVEEAEQXU171K","A6KOTWP7N7RLU","Submitted","Sat Oct 19 21:44:07 PDT 2019","Sat Oct 19 21:45:14 PDT 2019","Sat Oct 26 21:45:14 PDT 2019","","","","67","0% (0/0)","0% (0/0)","0% (0/0)","5","5","2","2","4"
"3511RHPADV7MK88NDL62EMIGXKXRL5","3HSQTUGQM2AKK76J15EGVP65ET09G1","How natural (i.e. human-sounding) is this recording?","How natural (i.e. human-sounding) is this recording?","audio, naturalness, rating","$0.05","Fri Oct 18 23:24:24 PDT 2019","140","BatchId:3806728;OriginalHitTemplateId:928390811;","1800","604800","Fri Oct 25 23:24:24 PDT 2019","","","31QNSG6A5SNKA22I0K4TTK1YAXP78F","A27ODHA3747UVP","Rejected","Fri Oct 18 23:24:30 PDT 2019","Fri Oct 18 23:36:40 PDT 2019","Fri Oct 25 23:36:40 PDT 2019","","Sat Oct 19 21:21:20 PDT 2019","Sorry, you did not pass our hidden quality assurance tests.","730","0% (0/4)","0% (0/4)","0% (0/4)","3","3","2","3","3"
"3511RHPADV7MK88NDL62EMIGXKXRL5","3HSQTUGQM2AKK76J15EGVP65ET09G1","How natural (i.e. human-sounding) is this recording?","How natural (i.e. human-sounding) is this recording?","audio, naturalness, rating","$0.05","Fri Oct 18 23:24:24 PDT 2019","140","BatchId:3806728;OriginalHitTemplateId:928390811;","1800","604800","Fri Oct 25 23:24:24 PDT 2019","","","32VNZTT0A8YT9KZVXVCMHPCT9NNR4R","A36NN37BC5OO86","Rejected","Fri Oct 18 23:29:58 PDT 2019","Fri Oct 18 23:30:25 PDT 2019","Fri Oct 25 23:30:25 PDT 2019","","Sat Oct 19 21:21:20 PDT 2019","Sorry, you did not pass our hidden quality assurance tests.","27","0% (0/7)","0% (0/7)","0% (0/7)","2","2","3","3","3"
"3511RHPADV7MK88NDL62EMIGXKXRL5","3HSQTUGQM2AKK76J15EGVP65ET09G1","How natural (i.e. human-sounding) is this recording?","How natural (i.e. human-sounding) is this recording?","audio, naturalness, rating","$0.05","Fri Oct 18 23:24:24 PDT 2019","140","BatchId:3806728;OriginalHitTemplateId:928390811;","1800","604800","Fri Oct 25 23:24:24 PDT 2019","","","32XVDSJFP0RS9Q7GO9XH2BLLKP8M2P","A24JKHC4HTY6CD","Submitted","Sat Oct 19 21:21:26 PDT 2019","Sat Oct 19 21:41:22 PDT 2019","Sat Oct 26 21:41:22 PDT 2019","","","","1196","16% (3/19)","0% (0/16)","0% (0/16)","4","4","3","3","2"
"3511RHPADV7MK88NDL62EMIGXKXRL5","3HSQTUGQM2AKK76J15EGVP65ET09G1","How natural (i.e. human-sounding) is this recording?","How natural (i.e. human-sounding) is this recording?","audio, naturalness, rating","$0.05","Fri Oct 18 23:24:24 PDT 2019","140","BatchId:3806728;OriginalHitTemplateId:928390811;","1800","604800","Fri Oct 25 23:24:24 PDT 2019","","","333U7HK6IA9PBSZBI146I2K8DM4DJN","A1O51687PJJKJR","Submitted","Sat Oct 19 21:48:10 PDT 2019","Sat Oct 19 21:48:56 PDT 2019","Sat Oct 26 21:48:56 PDT 2019","","","","46","0% (0/0)","0% (0/0)","0% (0/0)","5","5","2","2","5"
"3511RHPADV7MK88NDL62EMIGXKXRL5","3HSQTUGQM2AKK76J15EGVP65ET09G1","How natural (i.e. human-sounding) is this recording?","How natural (i.e. human-sounding) is this recording?","audio, naturalness, rating","$0.05","Fri Oct 18 23:24:24 PDT 2019","140","BatchId:3806728;OriginalHitTemplateId:928390811;","1800","604800","Fri Oct 25 23:24:24 PDT 2019","","","336YQZE83W8K8NQ36SZF0IOX4ZZM5Q","A2HITRHQ441VHA","Submitted","Sat Oct 19 21:21:35 PDT 2019","Sat Oct 19 21:42:26 PDT 2019","Sat Oct 26 21:42:26 PDT 2019","","","","1251","96% (52/54)","0% (0/2)","0% (0/2)","4","5","1","1","5"
"3511RHPADV7MK88NDL62EMIGXKXRL5","3HSQTUGQM2AKK76J15EGVP65ET09G1","How natural (i.e. human-sounding) is this recording?","How natural (i.e. human-sounding) is this recording?","audio, naturalness, rating","$0.05","Fri Oct 18 23:24:24 PDT 2019","140","BatchId:3806728;OriginalHitTemplateId:928390811;","1800","604800","Fri Oct 25 23:24:24 PDT 2019","","","339ANSOTR6W1UNLFS05TAE0YJDVIK5","AA80MQM4H6KXV","Submitted","Fri Oct 18 23:36:16 PDT 2019","Fri Oct 18 23:38:03 PDT 2019","Fri Oct 25 23:38:03 PDT 2019","","","","107","0% (0/0)","0% (0/0)","0% (0/0)","3","3","2","2","2"
"3511RHPADV7MK88NDL62EMIGXKXRL5","3HSQTUGQM2AKK76J15EGVP65ET09G1","How natural (i.e. human-sounding) is this recording?","How natural (i.e. human-sounding) is this recording?","audio, naturalness, rating","$0.05","Fri Oct 18 23:24:24 PDT 2019","140","BatchId:3806728;OriginalHitTemplateId:928390811;","1800","604800","Fri Oct 25 23:24:24 PDT 2019","","","339ANSOTR6W1UNLFS05TAE0YJDVKI7","AOQIN4AGBL85L","Submitted","Fri Oct 18 23:34:03 PDT 2019","Fri Oct 18 23:48:02 PDT 2019","Fri Oct 25 23:48:02 PDT 2019","","","","839","0% (0/0)","0% (0/0)","0% (0/0)","5","4","1","1","4"
"3511RHPADV7MK88NDL62EMIGXKXRL5","3HSQTUGQM2AKK76J15EGVP65ET09G1","How natural (i.e. human-sounding) is this recording?","How natural (i.e. human-sounding) is this recording?","audio, naturalness, rating","$0.05","Fri Oct 18 23:24:24 PDT 2019","140","BatchId:3806728;OriginalHitTemplateId:928390811;","1800","604800","Fri Oct 25 23:24:24 PDT 2019","","","33CID57105NXOQLESXA7L8BOQYKL3Z","ACPENHF7DVV7L","Submitted","Sat Oct 19 21:48:48 PDT 2019","Sat Oct 19 21:49:27 PDT 2019","Sat Oct 26 21:49:27 PDT 2019","","","","39","0% (0/0)","0% (0/0)","0% (0/0)","4","4","1","1","5"
"3511RHPADV7MK88NDL62EMIGXKXRL5","3HSQTUGQM2AKK76J15EGVP65ET09G1","How natural (i.e. human-sounding) is this recording?","How natural (i.e. human-sounding) is this recording?","audio, naturalness, rating","$0.05","Fri Oct 18 23:24:24 PDT 2019","140","BatchId:3806728;OriginalHitTemplateId:928390811;","1800","604800","Fri Oct 25 23:24:24 PDT 2019","","","33FOTY3KENF8BJDTSG3PUW64X2AC1T","A20LJFKHTEXZEW","Submitted","Fri Oct 18 23:24:29 PDT 2019","Fri Oct 18 23:52:16 PDT 2019","Fri Oct 25 23:52:16 PDT 2019","","","","1667","100% (32/32)","0% (0/0)","0% (0/0)","3","4","2","2","3"
"3511RHPADV7MK88NDL62EMIGXKXRL5","3HSQTUGQM2AKK76J15EGVP65ET09G1","How natural (i.e. human-sounding) is this recording?","How natural (i.e. human-sounding) is this recording?","audio, naturalness, rating","$0.05","Fri Oct 18 23:24:24 PDT 2019","140","BatchId:3806728;OriginalHitTemplateId:928390811;","1800","604800","Fri Oct 25 23:24:24 PDT 2019","","","33L7PJKHCHS780ZPDN7UYGTGZUH8TT","A1SYEEL3UI2798","Rejected","Fri Oct 18 23:31:30 PDT 2019","Fri Oct 18 23:32:58 PDT 2019","Fri Oct 25 23:32:58 PDT 2019","","Sat Oct 19 21:21:21 PDT 2019","Sorry, you did not pass our hidden quality assurance tests.","88","0% (0/1)","0% (0/1)","0% (0/1)","2","4","1","5","4"
"3511RHPADV7MK88NDL62EMIGXKXRL5","3HSQTUGQM2AKK76J15EGVP65ET09G1","How natural (i.e. human-sounding) is this recording?","How natural (i.e. human-sounding) is this recording?","audio, naturalness, rating","$0.05","Fri Oct 18 23:24:24 PDT 2019","140","BatchId:3806728;OriginalHitTemplateId:928390811;","1800","604800","Fri Oct 25 23:24:24 PDT 2019","","","33NF62TLXKWXPY5LAIQTMFFYWSJKJI","A2AKGKD22DWZHI","Rejected","Fri Oct 18 23:26:37 PDT 2019","Fri Oct 18 23:28:14 PDT 2019","Fri Oct 25 23:28:14 PDT 2019","","Sat Oct 19 21:21:21 PDT 2019","Sorry, you did not pass our hidden quality assurance tests.","97","0% (0/2)","0% (0/2)","0% (0/2)","2","2","2","2","3"
"3511RHPADV7MK88NDL62EMIGXKXRL5","3HSQTUGQM2AKK76J15EGVP65ET09G1","How natural (i.e. human-sounding) is this recording?","How natural (i.e. human-sounding) is this recording?","audio, naturalness, rating","$0.05","Fri Oct 18 23:24:24 PDT 2019","140","BatchId:3806728;OriginalHitTemplateId:928390811;","1800","604800","Fri Oct 25 23:24:24 PDT 2019","","","33PPO7FECW9TGHF50JJ66158Z4XDIM","A3AI4RH21G5MI0","Rejected","Fri Oct 18 23:27:22 PDT 2019","Fri Oct 18 23:29:27 PDT 2019","Fri Oct 25 23:29:27 PDT 2019","","Sat Oct 19 21:21:21 PDT 2019","Sorry, you did not pass our hidden quality assurance tests.","125","0% (0/8)","0% (0/8)","0% (0/8)","4","2","2","3","2"
"3511RHPADV7MK88NDL62EMIGXKXRL5","3HSQTUGQM2AKK76J15EGVP65ET09G1","How natural (i.e. human-sounding) is this recording?","How natural (i.e. human-sounding) is this recording?","audio, naturalness, rating","$0.05","Fri Oct 18 23:24:24 PDT 2019","140","BatchId:3806728;OriginalHitTemplateId:928390811;","1800","604800","Fri Oct 25 23:24:24 PDT 2019","","","352YTHGROW7GKQLS1Q0S3LANMES4HA","A3QG18E20CI6FI","Submitted","Fri Oct 18 23:45:24 PDT 2019","Fri Oct 18 23:46:21 PDT 2019","Fri Oct 25 23:46:21 PDT 2019","","","","57","0% (0/0)","0% (0/0)","0% (0/0)","5","5","1","1","5"
"3511RHPADV7MK88NDL62EMIGXKXRL5","3HSQTUGQM2AKK76J15EGVP65ET09G1","How natural (i.e. human-sounding) is this recording?","How natural (i.e. human-sounding) is this recording?","audio, naturalness, rating","$0.05","Fri Oct 18 23:24:24 PDT 2019","140","BatchId:3806728;OriginalHitTemplateId:928390811;","1800","604800","Fri Oct 25 23:24:24 PDT 2019","","","352YTHGROW7GKQLS1Q0S3LANNH5H47","A1ESKJFDQUMBL4","Submitted","Sat Oct 19 21:23:01 PDT 2019","Sat Oct 19 21:24:17 PDT 2019","Sat Oct 26 21:24:17 PDT 2019","","","","76","100% (30/30)","100% (1/1)","100% (1/1)","5","5","1","1","5"
"3511RHPADV7MK88NDL62EMIGXKXRL5","3HSQTUGQM2AKK76J15EGVP65ET09G1","How natural (i.e. human-sounding) is this recording?","How natural (i.e. human-sounding) is this recording?","audio, naturalness, rating","$0.05","Fri Oct 18 23:24:24 PDT 2019","140","BatchId:3806728;OriginalHitTemplateId:928390811;","1800","604800","Fri Oct 25 23:24:24 PDT 2019","","","35BLDD71I7R15O41R87MCIE5VO3VZ0","A1OPV9FZEXBOSQ","Submitted","Fri Oct 18 23:30:20 PDT 2019","Fri Oct 18 23:33:36 PDT 2019","Fri Oct 25 23:33:36 PDT 2019","","","","196","0% (0/0)","0% (0/0)","0% (0/0)","5","5","2","2","5"
"3511RHPADV7MK88NDL62EMIGXKXRL5","3HSQTUGQM2AKK76J15EGVP65ET09G1","How natural (i.e. human-sounding) is this recording?","How natural (i.e. human-sounding) is this recording?","audio, naturalness, rating","$0.05","Fri Oct 18 23:24:24 PDT 2019","140","BatchId:3806728;OriginalHitTemplateId:928390811;","1800","604800","Fri Oct 25 23:24:24 PDT 2019","","","35GMH2SV3FB84948U97VWGJFBPZEOD","ACEJTTH65ZRQE","Submitted","Fri Oct 18 23:38:38 PDT 2019","Fri Oct 18 23:39:25 PDT 2019","Fri Oct 25 23:39:25 PDT 2019","","","","47","100% (1/1)","100% (1/1)","100% (1/1)","5","5","1","1","5"
"3511RHPADV7MK88NDL62EMIGXKXRL5","3HSQTUGQM2AKK76J15EGVP65ET09G1","How natural (i.e. human-sounding) is this recording?","How natural (i.e. human-sounding) is this recording?","audio, naturalness, rating","$0.05","Fri Oct 18 23:24:24 PDT 2019","140","BatchId:3806728;OriginalHitTemplateId:928390811;","1800","604800","Fri Oct 25 23:24:24 PDT 2019","","","35GMH2SV3FB84948U97VWGJFCSDEOY","A4LZANILQMJDG","Submitted","Sat Oct 19 21:23:20 PDT 2019","Sat Oct 19 21:24:15 PDT 2019","Sat Oct 26 21:24:15 PDT 2019","","","","55","100% (1/1)","100% (1/1)","100% (1/1)","5","5","1","1","4"
"3511RHPADV7MK88NDL62EMIGXKXRL5","3HSQTUGQM2AKK76J15EGVP65ET09G1","How natural (i.e. human-sounding) is this recording?","How natural (i.e. human-sounding) is this recording?","audio, naturalness, rating","$0.05","Fri Oct 18 23:24:24 PDT 2019","140","BatchId:3806728;OriginalHitTemplateId:928390811;","1800","604800","Fri Oct 25 23:24:24 PDT 2019","","","36U2A8VAG2TNKN0KWIRWW2UM9WSKYC","A2T91RXF04YUT8","Rejected","Fri Oct 18 23:27:17 PDT 2019","Fri Oct 18 23:29:47 PDT 2019","Fri Oct 25 23:29:47 PDT 2019","","Sat Oct 19 21:21:21 PDT 2019","Sorry, you did not pass our hidden quality assurance tests.","150","0% (0/8)","0% (0/8)","0% (0/8)","3","3","3","4","3"
"3511RHPADV7MK88NDL62EMIGXKXRL5","3HSQTUGQM2AKK76J15EGVP65ET09G1","How natural (i.e. human-sounding) is this recording?","How natural (i.e. human-sounding) is this recording?","audio, naturalness, rating","$0.05","Fri Oct 18 23:24:24 PDT 2019","140","BatchId:3806728;OriginalHitTemplateId:928390811;","1800","604800","Fri Oct 25 23:24:24 PDT 2019","","","378XPAWRUD7VIACTG9S4G0X2F4IIAE","A1YCGICA8XCNBH","Submitted","Sat Oct 19 21:48:27 PDT 2019","Sat Oct 19 21:49:27 PDT 2019","Sat Oct 26 21:49:27 PDT 2019","","","","60","0% (0/0)","0% (0/0)","0% (0/0)","5","5","2","2","5"
"3511RHPADV7MK88NDL62EMIGXKXRL5","3HSQTUGQM2AKK76J15EGVP65ET09G1","How natural (i.e. human-sounding) is this recording?","How natural (i.e. human-sounding) is this recording?","audio, naturalness, rating","$0.05","Fri Oct 18 23:24:24 PDT 2019","140","BatchId:3806728;OriginalHitTemplateId:928390811;","1800","604800","Fri Oct 25 23:24:24 PDT 2019","","","37C0GNLMHGXDNXK4YIAH9YF3QD36DM","A1DA6S5V66LLDW","Submitted","Fri Oct 18 23:31:45 PDT 2019","Fri Oct 18 23:32:18 PDT 2019","Fri Oct 25 23:32:18 PDT 2019","","","","33","0% (0/0)","0% (0/0)","0% (0/0)","5","5","1","1","4"
"3511RHPADV7MK88NDL62EMIGXKXRL5","3HSQTUGQM2AKK76J15EGVP65ET09G1","How natural (i.e. human-sounding) is this recording?","How natural (i.e. human-sounding) is this recording?","audio, naturalness, rating","$0.05","Fri Oct 18 23:24:24 PDT 2019","140","BatchId:3806728;OriginalHitTemplateId:928390811;","1800","604800","Fri Oct 25 23:24:24 PDT 2019","","","37M28K1J0R7RDLWZYRD4S1C2RGPAJT","A2MDORDGPI3WKR","Submitted","Fri Oct 18 23:25:07 PDT 2019","Fri Oct 18 23:29:43 PDT 2019","Fri Oct 25 23:29:43 PDT 2019","","","","276","0% (0/1)","0% (0/1)","0% (0/1)","4","4","2","2","5"
"3511RHPADV7MK88NDL62EMIGXKXRL5","3HSQTUGQM2AKK76J15EGVP65ET09G1","How natural (i.e. human-sounding) is this recording?","How natural (i.e. human-sounding) is this recording?","audio, naturalness, rating","$0.05","Fri Oct 18 23:24:24 PDT 2019","140","BatchId:3806728;OriginalHitTemplateId:928390811;","1800","604800","Fri Oct 25 23:24:24 PDT 2019","","","37Q970SNZF2OI02PP2TP91AMJ5WS13","AFRSASN33QBC3","Rejected","Fri Oct 18 23:26:01 PDT 2019","Fri Oct 18 23:27:58 PDT 2019","Fri Oct 25 23:27:58 PDT 2019","","Sat Oct 19 21:21:21 PDT 2019","Sorry, you did not pass our hidden quality assurance tests.","117","0% (0/5)","0% (0/5)","0% (0/5)","3","3","3","3","3"
"3511RHPADV7MK88NDL62EMIGXKXRL5","3HSQTUGQM2AKK76J15EGVP65ET09G1","How natural (i.e. human-sounding) is this recording?","How natural (i.e. human-sounding) is this recording?","audio, naturalness, rating","$0.05","Fri Oct 18 23:24:24 PDT 2019","140","BatchId:3806728;OriginalHitTemplateId:928390811;","1800","604800","Fri Oct 25 23:24:24 PDT 2019","","","37TD41K0AI3853CN5ZI9QXTDN2NCSD","A3Q9UK9RCL87O8","Submitted","Fri Oct 18 23:25:50 PDT 2019","Fri Oct 18 23:29:05 PDT 2019","Fri Oct 25 23:29:05 PDT 2019","","","","195","0% (0/0)","0% (0/0)","0% (0/0)","5","4","2","2","4"
"3511RHPADV7MK88NDL62EMIGXKXRL5","3HSQTUGQM2AKK76J15EGVP65ET09G1","How natural (i.e. human-sounding) is this recording?","How natural (i.e. human-sounding) is this recording?","audio, naturalness, rating","$0.05","Fri Oct 18 23:24:24 PDT 2019","140","BatchId:3806728;OriginalHitTemplateId:928390811;","1800","604800","Fri Oct 25 23:24:24 PDT 2019","","","386CSBG1O0G7C6O934G19XM2AV7Q6X","A3TKUXUTDX6FBF","Submitted","Sat Oct 19 21:25:12 PDT 2019","Sat Oct 19 21:25:41 PDT 2019","Sat Oct 26 21:25:41 PDT 2019","","","","29","0% (0/11)","0% (0/11)","0% (0/11)","3","3","1","2","4"
"3511RHPADV7MK88NDL62EMIGXKXRL5","3HSQTUGQM2AKK76J15EGVP65ET09G1","How natural (i.e. human-sounding) is this recording?","How natural (i.e. human-sounding) is this recording?","audio, naturalness, rating","$0.05","Fri Oct 18 23:24:24 PDT 2019","140","BatchId:3806728;OriginalHitTemplateId:928390811;","1800","604800","Fri Oct 25 23:24:24 PDT 2019","","","386PBUZZXGR894N3VI2U1FSDLSOJLK","A2P7LKVCMHI1C5","Submitted","Fri Oct 18 23:24:35 PDT 2019","Fri Oct 18 23:30:34 PDT 2019","Fri Oct 25 23:30:34 PDT 2019","","","","359","20% (1/5)","20% (1/5)","20% (1/5)","4","4","2","2","3"
"3511RHPADV7MK88NDL62EMIGXKXRL5","3HSQTUGQM2AKK76J15EGVP65ET09G1","How natural (i.e. human-sounding) is this recording?","How natural (i.e. human-sounding) is this recording?","audio, naturalness, rating","$0.05","Fri Oct 18 23:24:24 PDT 2019","140","BatchId:3806728;OriginalHitTemplateId:928390811;","1800","604800","Fri Oct 25 23:24:24 PDT 2019","","","38SKSKU7R2RCET3XD0HUPEDD8D2ILA","AC7QPNOH2LELF","Submitted","Fri Oct 18 23:51:21 PDT 2019","Fri Oct 18 23:53:09 PDT 2019","Fri Oct 25 23:53:09 PDT 2019","","","","108","0% (0/0)","0% (0/0)","0% (0/0)","5","5","1","1","4"
"3511RHPADV7MK88NDL62EMIGXKXRL5","3HSQTUGQM2AKK76J15EGVP65ET09G1","How natural (i.e. human-sounding) is this recording?","How natural (i.e. human-sounding) is this recording?","audio, naturalness, rating","$0.05","Fri Oct 18 23:24:24 PDT 2019","140","BatchId:3806728;OriginalHitTemplateId:928390811;","1800","604800","Fri Oct 25 23:24:24 PDT 2019","","","38YMOXR4MVTCW3KVFDF71M4OYWW6WP","A3M7ENYG95EEMV","Rejected","Sat Oct 19 22:36:27 PDT 2019","Sat Oct 19 22:39:42 PDT 2019","Sat Oct 26 22:39:42 PDT 2019","","Sat Oct 19 23:41:04 PDT 2019","Sorry, you did not pass our hidden quality assurance tests.","195","0% (0/3)","0% (0/3)","0% (0/3)","3","2","2","3","3"
"3511RHPADV7MK88NDL62EMIGXKXRL5","3HSQTUGQM2AKK76J15EGVP65ET09G1","How natural (i.e. human-sounding) is this recording?","How natural (i.e. human-sounding) is this recording?","audio, naturalness, rating","$0.05","Fri Oct 18 23:24:24 PDT 2019","140","BatchId:3806728;OriginalHitTemplateId:928390811;","1800","604800","Fri Oct 25 23:24:24 PDT 2019","","","3907X2AHF1ZYUT4TGPP9JFFGOR4P22","A2EDC9NY41R5Q1","Submitted","Fri Oct 18 23:34:25 PDT 2019","Fri Oct 18 23:35:31 PDT 2019","Fri Oct 25 23:35:31 PDT 2019","","","","66","0% (0/0)","0% (0/0)","0% (0/0)","5","5","1","1","5"
"3511RHPADV7MK88NDL62EMIGXKXRL5","3HSQTUGQM2AKK76J15EGVP65ET09G1","How natural (i.e. human-sounding) is this recording?","How natural (i.e. human-sounding) is this recording?","audio, naturalness, rating","$0.05","Fri Oct 18 23:24:24 PDT 2019","140","BatchId:3806728;OriginalHitTemplateId:928390811;","1800","604800","Fri Oct 25 23:24:24 PDT 2019","","","39K0FND3AI9HET2K1OQW8T4JVAKMA9","A2ZSQLANLQ7OC6","Rejected","Fri Oct 18 23:24:48 PDT 2019","Fri Oct 18 23:25:13 PDT 2019","Fri Oct 25 23:25:13 PDT 2019","","Sat Oct 19 21:21:21 PDT 2019","Sorry, you did not pass our hidden quality assurance tests.","25","0% (0/7)","0% (0/7)","0% (0/7)","4","4","4","4","4"
"3511RHPADV7MK88NDL62EMIGXKXRL5","3HSQTUGQM2AKK76J15EGVP65ET09G1","How natural (i.e. human-sounding) is this recording?","How natural (i.e. human-sounding) is this recording?","audio, naturalness, rating","$0.05","Fri Oct 18 23:24:24 PDT 2019","140","BatchId:3806728;OriginalHitTemplateId:928390811;","1800","604800","Fri Oct 25 23:24:24 PDT 2019","","","39KFRKBFIOP6AELZUAJP3JBVT12OY0","A119XB4OETWU59","Submitted","Fri Oct 18 23:24:44 PDT 2019","Fri Oct 18 23:29:50 PDT 2019","Fri Oct 25 23:29:50 PDT 2019","","","","306","0% (0/1)","0% (0/1)","0% (0/1)","3","3","2","2","3"
"3511RHPADV7MK88NDL62EMIGXKXRL5","3HSQTUGQM2AKK76J15EGVP65ET09G1","How natural (i.e. human-sounding) is this recording?","How natural (i.e. human-sounding) is this recording?","audio, naturalness, rating","$0.05","Fri Oct 18 23:24:24 PDT 2019","140","BatchId:3806728;OriginalHitTemplateId:928390811;","1800","604800","Fri Oct 25 23:24:24 PDT 2019","","","39ZSFO5CA9QBSUAX4WUVS2OWYJHJUE","A23EHEU2A03QJO","Rejected","Fri Oct 18 23:25:04 PDT 2019","Fri Oct 18 23:25:35 PDT 2019","Fri Oct 25 23:25:35 PDT 2019","","Sat Oct 19 21:21:21 PDT 2019","Sorry, you did not pass our hidden quality assurance tests.","31","0% (0/3)","0% (0/3)","0% (0/3)","3","3","2","3","2"
"3511RHPADV7MK88NDL62EMIGXKXRL5","3HSQTUGQM2AKK76J15EGVP65ET09G1","How natural (i.e. human-sounding) is this recording?","How natural (i.e. human-sounding) is this recording?","audio, naturalness, rating","$0.05","Fri Oct 18 23:24:24 PDT 2019","140","BatchId:3806728;OriginalHitTemplateId:928390811;","1800","604800","Fri Oct 25 23:24:24 PDT 2019","","","3A1COHJ8NKPH3R8UDTQ5KXQSO0LH8R","A1O4AAQX2KCD3N","Submitted","Fri Oct 18 23:25:13 PDT 2019","Fri Oct 18 23:25:40 PDT 2019","Fri Oct 25 23:25:40 PDT 2019","","","","27","0% (0/0)","0% (0/0)","0% (0/0)","5","5","1","1","4"
"3511RHPADV7MK88NDL62EMIGXKXRL5","3HSQTUGQM2AKK76J15EGVP65ET09G1","How natural (i.e. human-sounding) is this recording?","How natural (i.e. human-sounding) is this recording?","audio, naturalness, rating","$0.05","Fri Oct 18 23:24:24 PDT 2019","140","BatchId:3806728;OriginalHitTemplateId:928390811;","1800","604800","Fri Oct 25 23:24:24 PDT 2019","","","3A1COHJ8NKPH3R8UDTQ5KXQSP37H8K","AZ330Q7B1O9R6","Submitted","Sat Oct 19 22:19:12 PDT 2019","Sat Oct 19 22:20:09 PDT 2019","Sat Oct 26 22:20:09 PDT 2019","","","","57","0% (0/0)","0% (0/0)","0% (0/0)","5","5","2","2","5"
"3511RHPADV7MK88NDL62EMIGXKXRL5","3HSQTUGQM2AKK76J15EGVP65ET09G1","How natural (i.e. human-sounding) is this recording?","How natural (i.e. human-sounding) is this recording?","audio, naturalness, rating","$0.05","Fri Oct 18 23:24:24 PDT 2019","140","BatchId:3806728;OriginalHitTemplateId:928390811;","1800","604800","Fri Oct 25 23:24:24 PDT 2019","","","3A4NIXBJ77TYACTOYFFMH7KUPMJMLR","A14UJPO621M1X0","Submitted","Fri Oct 18 23:25:01 PDT 2019","Fri Oct 18 23:26:27 PDT 2019","Fri Oct 25 23:26:27 PDT 2019","","","","86","0% (0/1)","0% (0/1)","0% (0/1)","5","5","2","2","5"
"3511RHPADV7MK88NDL62EMIGXKXRL5","3HSQTUGQM2AKK76J15EGVP65ET09G1","How natural (i.e. human-sounding) is this recording?","How natural (i.e. human-sounding) is this recording?","audio, naturalness, rating","$0.05","Fri Oct 18 23:24:24 PDT 2019","140","BatchId:3806728;OriginalHitTemplateId:928390811;","1800","604800","Fri Oct 25 23:24:24 PDT 2019","","","3AMW0RGHOEWUJFTM28NTB3IE0PAPNF","AN708FWWYGN1E","Submitted","Sat Oct 19 21:23:49 PDT 2019","Sat Oct 19 21:24:38 PDT 2019","Sat Oct 26 21:24:38 PDT 2019","","","","49","0% (0/0)","0% (0/0)","0% (0/0)","5","5","1","1","5"
"3511RHPADV7MK88NDL62EMIGXKXRL5","3HSQTUGQM2AKK76J15EGVP65ET09G1","How natural (i.e. human-sounding) is this recording?","How natural (i.e. human-sounding) is this recording?","audio, naturalness, rating","$0.05","Fri Oct 18 23:24:24 PDT 2019","140","BatchId:3806728;OriginalHitTemplateId:928390811;","1800","604800","Fri Oct 25 23:24:24 PDT 2019","","","3AMW0RGHOEWUJFTM28NTB3IEZMVPNT","A2GXKPQB64DZC1","Submitted","Fri Oct 18 23:35:21 PDT 2019","Fri Oct 18 23:36:23 PDT 2019","Fri Oct 25 23:36:23 PDT 2019","","","","62","0% (0/0)","0% (0/0)","0% (0/0)","4","4","2","2","5"
"3511RHPADV7MK88NDL62EMIGXKXRL5","3HSQTUGQM2AKK76J15EGVP65ET09G1","How natural (i.e. human-sounding) is this recording?","How natural (i.e. human-sounding) is this recording?","audio, naturalness, rating","$0.05","Fri Oct 18 23:24:24 PDT 2019","140","BatchId:3806728;OriginalHitTemplateId:928390811;","1800","604800","Fri Oct 25 23:24:24 PDT 2019","","","3AWETUDC93MWJIK1S183XTOBNM7IZQ","A1KHJ8MO94KGI6","Submitted","Fri Oct 18 23:29:24 PDT 2019","Fri Oct 18 23:32:18 PDT 2019","Fri Oct 25 23:32:18 PDT 2019","","","","174","0% (0/2)","0% (0/2)","0% (0/2)","4","4","2","2","5"
"3511RHPADV7MK88NDL62EMIGXKXRL5","3HSQTUGQM2AKK76J15EGVP65ET09G1","How natural (i.e. human-sounding) is this recording?","How natural (i.e. human-sounding) is this recording?","audio, naturalness, rating","$0.05","Fri Oct 18 23:24:24 PDT 2019","140","BatchId:3806728;OriginalHitTemplateId:928390811;","1800","604800","Fri Oct 25 23:24:24 PDT 2019","","","3B3WTRP3DCWD26OMZ0TCXPF1KQ4299","A3AYHESLQSDY5T","Submitted","Sat Oct 19 21:52:40 PDT 2019","Sat Oct 19 21:57:00 PDT 2019","Sat Oct 26 21:57:00 PDT 2019","","","","260","50% (1/2)","50% (1/2)","50% (1/2)","5","5","1","1","5"
"3511RHPADV7MK88NDL62EMIGXKXRL5","3HSQTUGQM2AKK76J15EGVP65ET09G1","How natural (i.e. human-sounding) is this recording?","How natural (i.e. human-sounding) is this recording?","audio, naturalness, rating","$0.05","Fri Oct 18 23:24:24 PDT 2019","140","BatchId:3806728;OriginalHitTemplateId:928390811;","1800","604800","Fri Oct 25 23:24:24 PDT 2019","","","3BF51CHDTW4ZL23RIPDQRIKA529H04","ATTNJ2IHS8MH8","Submitted","Fri Oct 18 23:24:40 PDT 2019","Fri Oct 18 23:25:33 PDT 2019","Fri Oct 25 23:25:33 PDT 2019","","","","53","100% (45/45)","0% (0/0)","0% (0/0)","5","4","1","1","5"
"3511RHPADV7MK88NDL62EMIGXKXRL5","3HSQTUGQM2AKK76J15EGVP65ET09G1","How natural (i.e. human-sounding) is this recording?","How natural (i.e. human-sounding) is this recording?","audio, naturalness, rating","$0.05","Fri Oct 18 23:24:24 PDT 2019","140","BatchId:3806728;OriginalHitTemplateId:928390811;","1800","604800","Fri Oct 25 23:24:24 PDT 2019","","","3COPXFW7XC6TB98J5VVDJB1A5RPPKN","A238HMAO1757MF","Rejected","Fri Oct 18 23:26:01 PDT 2019","Fri Oct 18 23:27:20 PDT 2019","Fri Oct 25 23:27:20 PDT 2019","","Sat Oct 19 21:21:21 PDT 2019","Sorry, you did not pass our hidden quality assurance tests.","79","0% (0/8)","0% (0/8)","0% (0/8)","2","2","3","3","3"
"3511RHPADV7MK88NDL62EMIGXKXRL5","3HSQTUGQM2AKK76J15EGVP65ET09G1","How natural (i.e. human-sounding) is this recording?","How natural (i.e. human-sounding) is this recording?","audio, naturalness, rating","$0.05","Fri Oct 18 23:24:24 PDT 2019","140","BatchId:3806728;OriginalHitTemplateId:928390811;","1800","604800","Fri Oct 25 23:24:24 PDT 2019","","","3CP1TO84PUVU1JMAWAGVL9AZXR352W","A2V84QVZRULWF1","Rejected","Fri Oct 18 23:34:23 PDT 2019","Fri Oct 18 23:36:29 PDT 2019","Fri Oct 25 23:36:29 PDT 2019","","Sat Oct 19 21:21:21 PDT 2019","Sorry, you did not pass our hidden quality assurance tests.","126","0% (0/2)","0% (0/2)","0% (0/2)","3","3","2","3","4"
"3511RHPADV7MK88NDL62EMIGXKXRL5","3HSQTUGQM2AKK76J15EGVP65ET09G1","How natural (i.e. human-sounding) is this recording?","How natural (i.e. human-sounding) is this recording?","audio, naturalness, rating","$0.05","Fri Oct 18 23:24:24 PDT 2019","140","BatchId:3806728;OriginalHitTemplateId:928390811;","1800","604800","Fri Oct 25 23:24:24 PDT 2019","","","3DBQWDE4Y7SQQ5B3ITEFDXDX8MVN56","APEI6BV54PCKY","Rejected","Fri Oct 18 23:39:19 PDT 2019","Fri Oct 18 23:40:11 PDT 2019","Fri Oct 25 23:40:11 PDT 2019","","Sat Oct 19 21:21:21 PDT 2019","Sorry, you did not pass our hidden quality assurance tests.","52","0% (0/1)","0% (0/1)","0% (0/1)","1","5","1","1","4"
"3511RHPADV7MK88NDL62EMIGXKXRL5","3HSQTUGQM2AKK76J15EGVP65ET09G1","How natural (i.e. human-sounding) is this recording?","How natural (i.e. human-sounding) is this recording?","audio, naturalness, rating","$0.05","Fri Oct 18 23:24:24 PDT 2019","140","BatchId:3806728;OriginalHitTemplateId:928390811;","1800","604800","Fri Oct 25 23:24:24 PDT 2019","","","3DI28L7YXB8N8HX7O79KKK67IEOE1P","A13VEEU1DPKKOU","Submitted","Fri Oct 18 23:31:27 PDT 2019","Fri Oct 18 23:32:47 PDT 2019","Fri Oct 25 23:32:47 PDT 2019","","","","80","0% (0/0)","0% (0/0)","0% (0/0)","5","5","2","2","5"
"3511RHPADV7MK88NDL62EMIGXKXRL5","3HSQTUGQM2AKK76J15EGVP65ET09G1","How natural (i.e. human-sounding) is this recording?","How natural (i.e. human-sounding) is this recording?","audio, naturalness, rating","$0.05","Fri Oct 18 23:24:24 PDT 2019","140","BatchId:3806728;OriginalHitTemplateId:928390811;","1800","604800","Fri Oct 25 23:24:24 PDT 2019","","","3DUZQ9U6SNI44CINWGDEGPH2896SVV","AU6VZO8Q030YE","Submitted","Fri Oct 18 23:50:17 PDT 2019","Fri Oct 18 23:51:06 PDT 2019","Fri Oct 25 23:51:06 PDT 2019","","","","49","0% (0/0)","0% (0/0)","0% (0/0)","5","5","2","2","5"
"3511RHPADV7MK88NDL62EMIGXKXRL5","3HSQTUGQM2AKK76J15EGVP65ET09G1","How natural (i.e. human-sounding) is this recording?","How natural (i.e. human-sounding) is this recording?","audio, naturalness, rating","$0.05","Fri Oct 18 23:24:24 PDT 2019","140","BatchId:3806728;OriginalHitTemplateId:928390811;","1800","604800","Fri Oct 25 23:24:24 PDT 2019","","","3EFE17QCRDZZMBN3RRWA1OQT0UTHSS","AX1TWZNM2XLYO","Rejected","Fri Oct 18 23:34:09 PDT 2019","Fri Oct 18 23:34:31 PDT 2019","Fri Oct 25 23:34:31 PDT 2019","","Sat Oct 19 21:21:21 PDT 2019","Sorry, you did not pass our hidden quality assurance tests.","22","0% (0/1)","0% (0/1)","0% (0/1)","3","4","3","4","3"
"3511RHPADV7MK88NDL62EMIGXKXRL5","3HSQTUGQM2AKK76J15EGVP65ET09G1","How natural (i.e. human-sounding) is this recording?","How natural (i.e. human-sounding) is this recording?","audio, naturalness, rating","$0.05","Fri Oct 18 23:24:24 PDT 2019","140","BatchId:3806728;OriginalHitTemplateId:928390811;","1800","604800","Fri Oct 25 23:24:24 PDT 2019","","","3EQHHY4HQTMKGDUHVP1KND407A85GF","ACDG7LLXBKIO3","Submitted","Fri Oct 18 23:34:56 PDT 2019","Fri Oct 18 23:35:46 PDT 2019","Fri Oct 25 23:35:46 PDT 2019","","","","50","0% (0/1)","0% (0/1)","0% (0/1)","3","3","2","2","2"
"3511RHPADV7MK88NDL62EMIGXKXRL5","3HSQTUGQM2AKK76J15EGVP65ET09G1","How natural (i.e. human-sounding) is this recording?","How natural (i.e. human-sounding) is this recording?","audio, naturalness, rating","$0.05","Fri Oct 18 23:24:24 PDT 2019","140","BatchId:3806728;OriginalHitTemplateId:928390811;","1800","604800","Fri Oct 25 23:24:24 PDT 2019","","","3EQHHY4HQTMKGDUHVP1KND408DP5G3","A38R689MVZST8Q","Submitted","Sat Oct 19 21:46:04 PDT 2019","Sat Oct 19 21:59:42 PDT 2019","Sat Oct 26 21:59:42 PDT 2019","","","","818","100% (3/3)","100% (1/1)","100% (1/1)","3","5","1","2","4"
"3511RHPADV7MK88NDL62EMIGXKXRL5","3HSQTUGQM2AKK76J15EGVP65ET09G1","How natural (i.e. human-sounding) is this recording?","How natural (i.e. human-sounding) is this recording?","audio, naturalness, rating","$0.05","Fri Oct 18 23:24:24 PDT 2019","140","BatchId:3806728;OriginalHitTemplateId:928390811;","1800","604800","Fri Oct 25 23:24:24 PDT 2019","","","3ERET4BTVN38JMSCO6ZGXL1V0N8K9O","A3KOWY3F88WP94","Submitted","Fri Oct 18 23:33:31 PDT 2019","Fri Oct 18 23:43:45 PDT 2019","Fri Oct 25 23:43:45 PDT 2019","","","","614","0% (0/0)","0% (0/0)","0% (0/0)","4","5","2","2","3"
"3511RHPADV7MK88NDL62EMIGXKXRL5","3HSQTUGQM2AKK76J15EGVP65ET09G1","How natural (i.e. human-sounding) is this recording?","How natural (i.e. human-sounding) is this recording?","audio, naturalness, rating","$0.05","Fri Oct 18 23:24:24 PDT 2019","140","BatchId:3806728;OriginalHitTemplateId:928390811;","1800","604800","Fri Oct 25 23:24:24 PDT 2019","","","3F6KKYWMNCVLUIQWXZWYB91PL3TDN4","A3W1M5ORA8AR9P","Submitted","Fri Oct 18 23:40:03 PDT 2019","Fri Oct 18 23:41:35 PDT 2019","Fri Oct 25 23:41:35 PDT 2019","","","","92","0% (0/0)","0% (0/0)","0% (0/0)","5","5","1","1","5"
"3511RHPADV7MK88NDL62EMIGXKXRL5","3HSQTUGQM2AKK76J15EGVP65ET09G1","How natural (i.e. human-sounding) is this recording?","How natural (i.e. human-sounding) is this recording?","audio, naturalness, rating","$0.05","Fri Oct 18 23:24:24 PDT 2019","140","BatchId:3806728;OriginalHitTemplateId:928390811;","1800","604800","Fri Oct 25 23:24:24 PDT 2019","","","3FE7TXL1LJHJU558G24YJK5QTNQ2Q6","A3SAM67S3RWXSY","Submitted","Fri Oct 18 23:29:17 PDT 2019","Fri Oct 18 23:30:13 PDT 2019","Fri Oct 25 23:30:13 PDT 2019","","","","56","0% (0/0)","0% (0/0)","0% (0/0)","5","5","2","1","4"
"3511RHPADV7MK88NDL62EMIGXKXRL5","3HSQTUGQM2AKK76J15EGVP65ET09G1","How natural (i.e. human-sounding) is this recording?","How natural (i.e. human-sounding) is this recording?","audio, naturalness, rating","$0.05","Fri Oct 18 23:24:24 PDT 2019","140","BatchId:3806728;OriginalHitTemplateId:928390811;","1800","604800","Fri Oct 25 23:24:24 PDT 2019","","","3FIJLY1B6VYIVNG54K4G3Y95YYQPFA","A1G3XXI02ND2L9","Submitted","Sat Oct 19 21:47:04 PDT 2019","Sat Oct 19 21:47:35 PDT 2019","Sat Oct 26 21:47:35 PDT 2019","","","","31","0% (0/1)","0% (0/1)","0% (0/1)","5","4","2","2","4"
"3511RHPADV7MK88NDL62EMIGXKXRL5","3HSQTUGQM2AKK76J15EGVP65ET09G1","How natural (i.e. human-sounding) is this recording?","How natural (i.e. human-sounding) is this recording?","audio, naturalness, rating","$0.05","Fri Oct 18 23:24:24 PDT 2019","140","BatchId:3806728;OriginalHitTemplateId:928390811;","1800","604800","Fri Oct 25 23:24:24 PDT 2019","","","3G0WWMR1UWEFJRU12L2IB88O4IGNQH","A1ZRIMODLBPQH6","Rejected","Fri Oct 18 23:27:16 PDT 2019","Fri Oct 18 23:29:49 PDT 2019","Fri Oct 25 23:29:49 PDT 2019","","Sat Oct 19 21:21:22 PDT 2019","Sorry, you did not pass our hidden quality assurance tests.","153","0% (0/8)","0% (0/8)","0% (0/8)","3","3","2","3","2"
"3511RHPADV7MK88NDL62EMIGXKXRL5","3HSQTUGQM2AKK76J15EGVP65ET09G1","How natural (i.e. human-sounding) is this recording?","How natural (i.e. human-sounding) is this recording?","audio, naturalness, rating","$0.05","Fri Oct 18 23:24:24 PDT 2019","140","BatchId:3806728;OriginalHitTemplateId:928390811;","1800","604800","Fri Oct 25 23:24:24 PDT 2019","","","3GNA64GUZFYBT2OVYL6WHR82DXGQ5U","A2Z9T8L42FS8KG","Rejected","Fri Oct 18 23:27:40 PDT 2019","Fri Oct 18 23:28:25 PDT 2019","Fri Oct 25 23:28:25 PDT 2019","","Sat Oct 19 21:21:22 PDT 2019","Sorry, you did not pass our hidden quality assurance tests.","45","0% (0/3)","0% (0/3)","0% (0/3)","2","2","1","2","3"
"3511RHPADV7MK88NDL62EMIGXKXRL5","3HSQTUGQM2AKK76J15EGVP65ET09G1","How natural (i.e. human-sounding) is this recording?","How natural (i.e. human-sounding) is this recording?","audio, naturalness, rating","$0.05","Fri Oct 18 23:24:24 PDT 2019","140","BatchId:3806728;OriginalHitTemplateId:928390811;","1800","604800","Fri Oct 25 23:24:24 PDT 2019","","","3H0W84IWBLWB1MWOM1OZQBOKMCIERL","A3AJE1ORZMFDON","Submitted","Fri Oct 18 23:32:37 PDT 2019","Fri Oct 18 23:34:50 PDT 2019","Fri Oct 25 23:34:50 PDT 2019","","","","133","0% (0/0)","0% (0/0)","0% (0/0)","4","3","2","2","4"
"3511RHPADV7MK88NDL62EMIGXKXRL5","3HSQTUGQM2AKK76J15EGVP65ET09G1","How natural (i.e. human-sounding) is this recording?","How natural (i.e. human-sounding) is this recording?","audio, naturalness, rating","$0.05","Fri Oct 18 23:24:24 PDT 2019","140","BatchId:3806728;OriginalHitTemplateId:928390811;","1800","604800","Fri Oct 25 23:24:24 PDT 2019","","","3HVVDCPGTFMMN6Q7QR5OXTHITC1TYG","AZR34QLGQARBV","Submitted","Sat Oct 19 21:50:37 PDT 2019","Sat Oct 19 21:55:57 PDT 2019","Sat Oct 26 21:55:57 PDT 2019","","","","320","0% (0/1)","0% (0/1)","0% (0/1)","5","5","1","1","5"
"3511RHPADV7MK88NDL62EMIGXKXRL5","3HSQTUGQM2AKK76J15EGVP65ET09G1","How natural (i.e. human-sounding) is this recording?","How natural (i.e. human-sounding) is this recording?","audio, naturalness, rating","$0.05","Fri Oct 18 23:24:24 PDT 2019","140","BatchId:3806728;OriginalHitTemplateId:928390811;","1800","604800","Fri Oct 25 23:24:24 PDT 2019","","","3HYA4D452SDM3GFZ2MT47L1CMLH2FC","A3FCYUTV0X0Z6U","Submitted","Fri Oct 18 23:33:15 PDT 2019","Fri Oct 18 23:44:18 PDT 2019","Fri Oct 25 23:44:18 PDT 2019","","","","663","0% (0/0)","0% (0/0)","0% (0/0)","5","4","2","2","5"
"3511RHPADV7MK88NDL62EMIGXKXRL5","3HSQTUGQM2AKK76J15EGVP65ET09G1","How natural (i.e. human-sounding) is this recording?","How natural (i.e. human-sounding) is this recording?","audio, naturalness, rating","$0.05","Fri Oct 18 23:24:24 PDT 2019","140","BatchId:3806728;OriginalHitTemplateId:928390811;","1800","604800","Fri Oct 25 23:24:24 PDT 2019","","","3IAS3U3I0GAWQZ3JXK78OVAR7NPB23","A1BAT5O7WVAFPW","Rejected","Fri Oct 18 23:30:05 PDT 2019","Fri Oct 18 23:32:34 PDT 2019","Fri Oct 25 23:32:34 PDT 2019","","Sat Oct 19 21:21:22 PDT 2019","Sorry, you did not pass our hidden quality assurance tests.","149","0% (0/5)","0% (0/5)","0% (0/5)","2","4","3","4","4"
"3511RHPADV7MK88NDL62EMIGXKXRL5","3HSQTUGQM2AKK76J15EGVP65ET09G1","How natural (i.e. human-sounding) is this recording?","How natural (i.e. human-sounding) is this recording?","audio, naturalness, rating","$0.05","Fri Oct 18 23:24:24 PDT 2019","140","BatchId:3806728;OriginalHitTemplateId:928390811;","1800","604800","Fri Oct 25 23:24:24 PDT 2019","","","3IRIK4HM3BE3I5EQYMF6PSXL5DQC6R","A1MHQSP1POQNXX","Submitted","Fri Oct 18 23:24:49 PDT 2019","Fri Oct 18 23:26:10 PDT 2019","Fri Oct 25 23:26:10 PDT 2019","","","","81","50% (1/2)","50% (1/2)","50% (1/2)","4","4","2","3","4"
"3511RHPADV7MK88NDL62EMIGXKXRL5","3HSQTUGQM2AKK76J15EGVP65ET09G1","How natural (i.e. human-sounding) is this recording?","How natural (i.e. human-sounding) is this recording?","audio, naturalness, rating","$0.05","Fri Oct 18 23:24:24 PDT 2019","140","BatchId:3806728;OriginalHitTemplateId:928390811;","1800","604800","Fri Oct 25 23:24:24 PDT 2019","","","3ITXP059PXDVDHITFRZVD168DMWSJ7","A1G2WCU6V3ASEQ","Rejected","Fri Oct 18 23:27:18 PDT 2019","Fri Oct 18 23:30:19 PDT 2019","Fri Oct 25 23:30:19 PDT 2019","","Sat Oct 19 21:21:22 PDT 2019","Sorry, you did not pass our hidden quality assurance tests.","181","0% (0/8)","0% (0/8)","0% (0/8)","3","5","3","4","3"
"3511RHPADV7MK88NDL62EMIGXKXRL5","3HSQTUGQM2AKK76J15EGVP65ET09G1","How natural (i.e. human-sounding) is this recording?","How natural (i.e. human-sounding) is this recording?","audio, naturalness, rating","$0.05","Fri Oct 18 23:24:24 PDT 2019","140","BatchId:3806728;OriginalHitTemplateId:928390811;","1800","604800","Fri Oct 25 23:24:24 PDT 2019","","","3JC6VJ2SACDJ6MHE9P9ARRTXAIP5A4","AZJYQJOIQSZ8H","Submitted","Sun Oct 20 00:12:41 PDT 2019","Sun Oct 20 00:17:11 PDT 2019","Sun Oct 27 00:17:11 PDT 2019","","","","270","0% (0/2)","0% (0/2)","0% (0/2)","5","5","3","3","5"
"3511RHPADV7MK88NDL62EMIGXKXRL5","3HSQTUGQM2AKK76J15EGVP65ET09G1","How natural (i.e. human-sounding) is this recording?","How natural (i.e. human-sounding) is this recording?","audio, naturalness, rating","$0.05","Fri Oct 18 23:24:24 PDT 2019","140","BatchId:3806728;OriginalHitTemplateId:928390811;","1800","604800","Fri Oct 25 23:24:24 PDT 2019","","","3JCG6DTRV4K0MO7TIDUZF23T9T3QQ7","A1GQV5JK2BZ68S","Rejected","Fri Oct 18 23:28:57 PDT 2019","Fri Oct 18 23:30:14 PDT 2019","Fri Oct 25 23:30:14 PDT 2019","","Sat Oct 19 21:21:22 PDT 2019","Sorry, you did not pass our hidden quality assurance tests.","77","0% (0/8)","0% (0/8)","0% (0/8)","3","3","4","3","2"
"3511RHPADV7MK88NDL62EMIGXKXRL5","3HSQTUGQM2AKK76J15EGVP65ET09G1","How natural (i.e. human-sounding) is this recording?","How natural (i.e. human-sounding) is this recording?","audio, naturalness, rating","$0.05","Fri Oct 18 23:24:24 PDT 2019","140","BatchId:3806728;OriginalHitTemplateId:928390811;","1800","604800","Fri Oct 25 23:24:24 PDT 2019","","","3JJVG1YBECROPWM6F396M2D3RXIB56","A23JNXSW7EE82F","Submitted","Fri Oct 18 23:50:20 PDT 2019","Fri Oct 18 23:51:58 PDT 2019","Fri Oct 25 23:51:58 PDT 2019","","","","98","0% (0/0)","0% (0/0)","0% (0/0)","5","5","1","1","5"
"3511RHPADV7MK88NDL62EMIGXKXRL5","3HSQTUGQM2AKK76J15EGVP65ET09G1","How natural (i.e. human-sounding) is this recording?","How natural (i.e. human-sounding) is this recording?","audio, naturalness, rating","$0.05","Fri Oct 18 23:24:24 PDT 2019","140","BatchId:3806728;OriginalHitTemplateId:928390811;","1800","604800","Fri Oct 25 23:24:24 PDT 2019","","","3JZQSN0I3R4CIAN611ET9PVDW4LFG7","A17WS8DKAR8RN3","Rejected","Fri Oct 18 23:27:22 PDT 2019","Fri Oct 18 23:28:51 PDT 2019","Fri Oct 25 23:28:51 PDT 2019","","Sat Oct 19 21:21:22 PDT 2019","Sorry, you did not pass our hidden quality assurance tests.","89","14% (1/7)","0% (0/6)","0% (0/6)","3","3","3","3","3"
"3511RHPADV7MK88NDL62EMIGXKXRL5","3HSQTUGQM2AKK76J15EGVP65ET09G1","How natural (i.e. human-sounding) is this recording?","How natural (i.e. human-sounding) is this recording?","audio, naturalness, rating","$0.05","Fri Oct 18 23:24:24 PDT 2019","140","BatchId:3806728;OriginalHitTemplateId:928390811;","1800","604800","Fri Oct 25 23:24:24 PDT 2019","","","3JZQSN0I3R4CIAN611ET9PVDX73GFX","AFOP28WMLK9UB","Submitted","Sat Oct 19 21:47:57 PDT 2019","Sat Oct 19 21:48:59 PDT 2019","Sat Oct 26 21:48:59 PDT 2019","","","","62","0% (0/0)","0% (0/0)","0% (0/0)","5","5","1","1","5"
"3511RHPADV7MK88NDL62EMIGXKXRL5","3HSQTUGQM2AKK76J15EGVP65ET09G1","How natural (i.e. human-sounding) is this recording?","How natural (i.e. human-sounding) is this recording?","audio, naturalness, rating","$0.05","Fri Oct 18 23:24:24 PDT 2019","140","BatchId:3806728;OriginalHitTemplateId:928390811;","1800","604800","Fri Oct 25 23:24:24 PDT 2019","","","3K3R2QNK8CXMMIXOIK3I38AT3HL9UW","A37NFLYNUZQ0QS","Submitted","Sat Oct 19 21:21:30 PDT 2019","Sat Oct 19 21:22:24 PDT 2019","Sat Oct 26 21:22:24 PDT 2019","","","","54","0% (0/4)","0% (0/4)","0% (0/4)","4","3","2","2","4"
"3511RHPADV7MK88NDL62EMIGXKXRL5","3HSQTUGQM2AKK76J15EGVP65ET09G1","How natural (i.e. human-sounding) is this recording?","How natural (i.e. human-sounding) is this recording?","audio, naturalness, rating","$0.05","Fri Oct 18 23:24:24 PDT 2019","140","BatchId:3806728;OriginalHitTemplateId:928390811;","1800","604800","Fri Oct 25 23:24:24 PDT 2019","","","3K772S5NP95YCSILQWC5C7MEZ3MEHQ","A3GPHENAT5DWHG","Submitted","Fri Oct 18 23:46:28 PDT 2019","Fri Oct 18 23:46:49 PDT 2019","Fri Oct 25 23:46:49 PDT 2019","","","","21","0% (0/0)","0% (0/0)","0% (0/0)","5","5","1","1","5"
"3511RHPADV7MK88NDL62EMIGXKXRL5","3HSQTUGQM2AKK76J15EGVP65ET09G1","How natural (i.e. human-sounding) is this recording?","How natural (i.e. human-sounding) is this recording?","audio, naturalness, rating","$0.05","Fri Oct 18 23:24:24 PDT 2019","140","BatchId:3806728;OriginalHitTemplateId:928390811;","1800","604800","Fri Oct 25 23:24:24 PDT 2019","","","3KGTPGBS6YFBMYCPXBO3TL2FW8Y2UD","AHJ8DY75XFY16","Submitted","Fri Oct 18 23:47:44 PDT 2019","Fri Oct 18 23:49:04 PDT 2019","Fri Oct 25 23:49:04 PDT 2019","","","","80","0% (0/1)","0% (0/1)","0% (0/1)","5","4","2","1","4"
"3511RHPADV7MK88NDL62EMIGXKXRL5","3HSQTUGQM2AKK76J15EGVP65ET09G1","How natural (i.e. human-sounding) is this recording?","How natural (i.e. human-sounding) is this recording?","audio, naturalness, rating","$0.05","Fri Oct 18 23:24:24 PDT 2019","140","BatchId:3806728;OriginalHitTemplateId:928390811;","1800","604800","Fri Oct 25 23:24:24 PDT 2019","","","3KJYX6QCMA5B59ZX9M40OOQFCQQJV3","A2VX9QCUTQ2R04","Submitted","Fri Oct 18 23:25:06 PDT 2019","Fri Oct 18 23:25:59 PDT 2019","Fri Oct 25 23:25:59 PDT 2019","","","","53","0% (0/0)","0% (0/0)","0% (0/0)","5","5","1","1","5"
"3511RHPADV7MK88NDL62EMIGXKXRL5","3HSQTUGQM2AKK76J15EGVP65ET09G1","How natural (i.e. human-sounding) is this recording?","How natural (i.e. human-sounding) is this recording?","audio, naturalness, rating","$0.05","Fri Oct 18 23:24:24 PDT 2019","140","BatchId:3806728;OriginalHitTemplateId:928390811;","1800","604800","Fri Oct 25 23:24:24 PDT 2019","","","3L70J4KAZHGEAZW7OVRTP3HPMWTADG","A1RF3SUO8U3QWU","Rejected","Fri Oct 18 23:34:58 PDT 2019","Fri Oct 18 23:36:28 PDT 2019","Fri Oct 25 23:36:28 PDT 2019","","Sat Oct 19 21:21:22 PDT 2019","Sorry, you did not pass our hidden quality assurance tests.","90","0% (0/2)","0% (0/2)","0% (0/2)","3","4","2","4","3"
"3511RHPADV7MK88NDL62EMIGXKXRL5","3HSQTUGQM2AKK76J15EGVP65ET09G1","How natural (i.e. human-sounding) is this recording?","How natural (i.e. human-sounding) is this recording?","audio, naturalness, rating","$0.05","Fri Oct 18 23:24:24 PDT 2019","140","BatchId:3806728;OriginalHitTemplateId:928390811;","1800","604800","Fri Oct 25 23:24:24 PDT 2019","","","3LEIZ60CDKT38HRYO72QK0P85Z29ZN","A2CXCRCQN4AM46","Submitted","Sat Oct 19 21:45:04 PDT 2019","Sat Oct 19 21:45:40 PDT 2019","Sat Oct 26 21:45:40 PDT 2019","","","","36","0% (0/0)","0% (0/0)","0% (0/0)","5","5","1","1","5"
"3511RHPADV7MK88NDL62EMIGXKXRL5","3HSQTUGQM2AKK76J15EGVP65ET09G1","How natural (i.e. human-sounding) is this recording?","How natural (i.e. human-sounding) is this recording?","audio, naturalness, rating","$0.05","Fri Oct 18 23:24:24 PDT 2019","140","BatchId:3806728;OriginalHitTemplateId:928390811;","1800","604800","Fri Oct 25 23:24:24 PDT 2019","","","3LKC68YZ3BX2L9QZF911IMQFIT2OW1","A2LCRHTK0WQEOM","Submitted","Fri Oct 18 23:24:39 PDT 2019","Fri Oct 18 23:24:57 PDT 2019","Fri Oct 25 23:24:57 PDT 2019","","","","18","0% (0/0)","0% (0/0)","0% (0/0)","4","5","2","2","5"
"3511RHPADV7MK88NDL62EMIGXKXRL5","3HSQTUGQM2AKK76J15EGVP65ET09G1","How natural (i.e. human-sounding) is this recording?","How natural (i.e. human-sounding) is this recording?","audio, naturalness, rating","$0.05","Fri Oct 18 23:24:24 PDT 2019","140","BatchId:3806728;OriginalHitTemplateId:928390811;","1800","604800","Fri Oct 25 23:24:24 PDT 2019","","","3LQ8PUHQFMMASXK7MF2WXMK6RWSHI1","AF3K80U0YQJMZ","Rejected","Fri Oct 18 23:38:39 PDT 2019","Fri Oct 18 23:40:38 PDT 2019","Fri Oct 25 23:40:38 PDT 2019","","Sat Oct 19 21:21:22 PDT 2019","Sorry, you did not pass our hidden quality assurance tests.","119","60% (6/10)","0% (0/4)","0% (0/4)","3","3","2","3","3"
"3511RHPADV7MK88NDL62EMIGXKXRL5","3HSQTUGQM2AKK76J15EGVP65ET09G1","How natural (i.e. human-sounding) is this recording?","How natural (i.e. human-sounding) is this recording?","audio, naturalness, rating","$0.05","Fri Oct 18 23:24:24 PDT 2019","140","BatchId:3806728;OriginalHitTemplateId:928390811;","1800","604800","Fri Oct 25 23:24:24 PDT 2019","","","3LWJHTCVCDG3VZHK4XJ533ZF2RXQFG","A37PV20YO3VBF1","Submitted","Fri Oct 18 23:51:22 PDT 2019","Fri Oct 18 23:52:24 PDT 2019","Fri Oct 25 23:52:24 PDT 2019","","","","62","0% (0/0)","0% (0/0)","0% (0/0)","5","5","2","1","5"
"3511RHPADV7MK88NDL62EMIGXKXRL5","3HSQTUGQM2AKK76J15EGVP65ET09G1","How natural (i.e. human-sounding) is this recording?","How natural (i.e. human-sounding) is this recording?","audio, naturalness, rating","$0.05","Fri Oct 18 23:24:24 PDT 2019","140","BatchId:3806728;OriginalHitTemplateId:928390811;","1800","604800","Fri Oct 25 23:24:24 PDT 2019","","","3M23Y66PO31JPM3MV8564X13RGCS61","A3TM33UONIMETZ","Submitted","Fri Oct 18 23:26:32 PDT 2019","Fri Oct 18 23:28:26 PDT 2019","Fri Oct 25 23:28:26 PDT 2019","","","","114","0% (0/1)","0% (0/1)","0% (0/1)","5","4","2","2","5"
"3511RHPADV7MK88NDL62EMIGXKXRL5","3HSQTUGQM2AKK76J15EGVP65ET09G1","How natural (i.e. human-sounding) is this recording?","How natural (i.e. human-sounding) is this recording?","audio, naturalness, rating","$0.05","Fri Oct 18 23:24:24 PDT 2019","140","BatchId:3806728;OriginalHitTemplateId:928390811;","1800","604800","Fri Oct 25 23:24:24 PDT 2019","","","3MHW492WW1716H5ICJHS4GIWGKLVMJ","A3BP890CXV4UMN","Submitted","Fri Oct 18 23:29:26 PDT 2019","Fri Oct 18 23:30:39 PDT 2019","Fri Oct 25 23:30:39 PDT 2019","","","","73","0% (0/0)","0% (0/0)","0% (0/0)","5","5","2","2","5"
"3511RHPADV7MK88NDL62EMIGXKXRL5","3HSQTUGQM2AKK76J15EGVP65ET09G1","How natural (i.e. human-sounding) is this recording?","How natural (i.e. human-sounding) is this recording?","audio, naturalness, rating","$0.05","Fri Oct 18 23:24:24 PDT 2019","140","BatchId:3806728;OriginalHitTemplateId:928390811;","1800","604800","Fri Oct 25 23:24:24 PDT 2019","","","3MHW492WW1716H5ICJHS4GIWHN3MVZ","A1BUI06PVSN6X2","Submitted","Sat Oct 19 21:47:28 PDT 2019","Sat Oct 19 21:48:23 PDT 2019","Sat Oct 26 21:48:23 PDT 2019","","","","55","0% (0/0)","0% (0/0)","0% (0/0)","4","4","1","1","5"
"3511RHPADV7MK88NDL62EMIGXKXRL5","3HSQTUGQM2AKK76J15EGVP65ET09G1","How natural (i.e. human-sounding) is this recording?","How natural (i.e. human-sounding) is this recording?","audio, naturalness, rating","$0.05","Fri Oct 18 23:24:24 PDT 2019","140","BatchId:3806728;OriginalHitTemplateId:928390811;","1800","604800","Fri Oct 25 23:24:24 PDT 2019","","","3MTMREQS4WCDJ5WY5QWJHR6ATC1AWR","A3IDU0PGLK1H1F","Submitted","Fri Oct 18 23:49:30 PDT 2019","Fri Oct 18 23:50:29 PDT 2019","Fri Oct 25 23:50:29 PDT 2019","","","","59","0% (0/0)","0% (0/0)","0% (0/0)","5","5","3","3","5"
"3511RHPADV7MK88NDL62EMIGXKXRL5","3HSQTUGQM2AKK76J15EGVP65ET09G1","How natural (i.e. human-sounding) is this recording?","How natural (i.e. human-sounding) is this recording?","audio, naturalness, rating","$0.05","Fri Oct 18 23:24:24 PDT 2019","140","BatchId:3806728;OriginalHitTemplateId:928390811;","1800","604800","Fri Oct 25 23:24:24 PDT 2019","","","3MYYFCXHJ412KUQHHKIAILYM7EDG4L","A18H3EK547GHD4","Submitted","Fri Oct 18 23:35:50 PDT 2019","Fri Oct 18 23:36:35 PDT 2019","Fri Oct 25 23:36:35 PDT 2019","","","","45","100% (1/1)","100% (1/1)","100% (1/1)","5","5","2","2","5"
"3511RHPADV7MK88NDL62EMIGXKXRL5","3HSQTUGQM2AKK76J15EGVP65ET09G1","How natural (i.e. human-sounding) is this recording?","How natural (i.e. human-sounding) is this recording?","audio, naturalness, rating","$0.05","Fri Oct 18 23:24:24 PDT 2019","140","BatchId:3806728;OriginalHitTemplateId:928390811;","1800","604800","Fri Oct 25 23:24:24 PDT 2019","","","3NPFYT4IZDYTIWER1VKFFWVK09HGXZ","A1L4LOTUQGJJBE","Submitted","Fri Oct 18 23:24:29 PDT 2019","Fri Oct 18 23:25:40 PDT 2019","Fri Oct 25 23:25:40 PDT 2019","","","","71","100% (67/67)","0% (0/0)","0% (0/0)","5","5","2","1","4"
"3511RHPADV7MK88NDL62EMIGXKXRL5","3HSQTUGQM2AKK76J15EGVP65ET09G1","How natural (i.e. human-sounding) is this recording?","How natural (i.e. human-sounding) is this recording?","audio, naturalness, rating","$0.05","Fri Oct 18 23:24:24 PDT 2019","140","BatchId:3806728;OriginalHitTemplateId:928390811;","1800","604800","Fri Oct 25 23:24:24 PDT 2019","","","3OE22WJIGJISEHEAZME4P30ICEBUQI","A27E9KCYZCUW5W","Submitted","Fri Oct 18 23:39:34 PDT 2019","Fri Oct 18 23:40:50 PDT 2019","Fri Oct 25 23:40:50 PDT 2019","","","","76","0% (0/0)","0% (0/0)","0% (0/0)","5","5","1","1","5"
"3511RHPADV7MK88NDL62EMIGXKXRL5","3HSQTUGQM2AKK76J15EGVP65ET09G1","How natural (i.e. human-sounding) is this recording?","How natural (i.e. human-sounding) is this recording?","audio, naturalness, rating","$0.05","Fri Oct 18 23:24:24 PDT 2019","140","BatchId:3806728;OriginalHitTemplateId:928390811;","1800","604800","Fri Oct 25 23:24:24 PDT 2019","","","3OJSZ2ATDTQ1NKJG2MXQH0R787O57B","A3VWU0WEB2VD48","Rejected","Fri Oct 18 23:24:37 PDT 2019","Fri Oct 18 23:25:00 PDT 2019","Fri Oct 25 23:25:00 PDT 2019","","Sat Oct 19 21:21:22 PDT 2019","Sorry, you did not pass our hidden quality assurance tests.","23","0% (0/8)","0% (0/8)","0% (0/8)","3","2","3","3","3"
"3511RHPADV7MK88NDL62EMIGXKXRL5","3HSQTUGQM2AKK76J15EGVP65ET09G1","How natural (i.e. human-sounding) is this recording?","How natural (i.e. human-sounding) is this recording?","audio, naturalness, rating","$0.05","Fri Oct 18 23:24:24 PDT 2019","140","BatchId:3806728;OriginalHitTemplateId:928390811;","1800","604800","Fri Oct 25 23:24:24 PDT 2019","","","3OLQQLKKNTJU3YDBEWFQOK2TCVNEJS","A1QWBLJIMF1A5V","Rejected","Fri Oct 18 23:25:05 PDT 2019","Fri Oct 18 23:25:41 PDT 2019","Fri Oct 25 23:25:41 PDT 2019","","Sat Oct 19 21:21:23 PDT 2019","Sorry, you did not pass our hidden quality assurance tests.","36","0% (0/7)","0% (0/7)","0% (0/7)","4","3","4","4","4"
"3511RHPADV7MK88NDL62EMIGXKXRL5","3HSQTUGQM2AKK76J15EGVP65ET09G1","How natural (i.e. human-sounding) is this recording?","How natural (i.e. human-sounding) is this recording?","audio, naturalness, rating","$0.05","Fri Oct 18 23:24:24 PDT 2019","140","BatchId:3806728;OriginalHitTemplateId:928390811;","1800","604800","Fri Oct 25 23:24:24 PDT 2019","","","3OVHNO1VE7VFB74F0N7S6W8YWKFDZ6","AO2WNSGOXAX52","Rejected","Sat Oct 19 21:21:21 PDT 2019","Sat Oct 19 21:44:24 PDT 2019","Sat Oct 26 21:44:24 PDT 2019","","Sat Oct 19 22:36:27 PDT 2019","Sorry, you did not pass our hidden quality assurance tests.","1383","0% (0/17)","0% (0/17)","0% (0/17)","2","4","3","3","4"
"3511RHPADV7MK88NDL62EMIGXKXRL5","3HSQTUGQM2AKK76J15EGVP65ET09G1","How natural (i.e. human-sounding) is this recording?","How natural (i.e. human-sounding) is this recording?","audio, naturalness, rating","$0.05","Fri Oct 18 23:24:24 PDT 2019","140","BatchId:3806728;OriginalHitTemplateId:928390811;","1800","604800","Fri Oct 25 23:24:24 PDT 2019","","","3OVR4I9USQDTXJKVKGNMCZ2OE41Q4C","A1AJ2G7JXXJ8UJ","Submitted","Sat Oct 19 21:25:10 PDT 2019","Sat Oct 19 21:25:46 PDT 2019","Sat Oct 26 21:25:46 PDT 2019","","","","36","0% (0/0)","0% (0/0)","0% (0/0)","5","5","1","1","5"
"3511RHPADV7MK88NDL62EMIGXKXRL5","3HSQTUGQM2AKK76J15EGVP65ET09G1","How natural (i.e. human-sounding) is this recording?","How natural (i.e. human-sounding) is this recording?","audio, naturalness, rating","$0.05","Fri Oct 18 23:24:24 PDT 2019","140","BatchId:3806728;OriginalHitTemplateId:928390811;","1800","604800","Fri Oct 25 23:24:24 PDT 2019","","","3P4RDNWND606J3FXAF5H9Z0L5RAIJS","A2O1WX024RTWUP","Rejected","Sat Oct 19 21:27:20 PDT 2019","Sat Oct 19 21:28:19 PDT 2019","Sat Oct 26 21:28:19 PDT 2019","","Sat Oct 19 22:36:27 PDT 2019","Sorry, you did not pass our hidden quality assurance tests.","59","0% (0/16)","0% (0/16)","0% (0/16)","4","4","3","5","3"
"3511RHPADV7MK88NDL62EMIGXKXRL5","3HSQTUGQM2AKK76J15EGVP65ET09G1","How natural (i.e. human-sounding) is this recording?","How natural (i.e. human-sounding) is this recording?","audio, naturalness, rating","$0.05","Fri Oct 18 23:24:24 PDT 2019","140","BatchId:3806728;OriginalHitTemplateId:928390811;","1800","604800","Fri Oct 25 23:24:24 PDT 2019","","","3P529IW9KZFS4217CSB9MH0LSLAFLG","A1C8FN01981A69","Submitted","Fri Oct 18 23:49:17 PDT 2019","Fri Oct 18 23:50:24 PDT 2019","Fri Oct 25 23:50:24 PDT 2019","","","","67","0% (0/0)","0% (0/0)","0% (0/0)","4","4","1","2","4"
"3511RHPADV7MK88NDL62EMIGXKXRL5","3HSQTUGQM2AKK76J15EGVP65ET09G1","How natural (i.e. human-sounding) is this recording?","How natural (i.e. human-sounding) is this recording?","audio, naturalness, rating","$0.05","Fri Oct 18 23:24:24 PDT 2019","140","BatchId:3806728;OriginalHitTemplateId:928390811;","1800","604800","Fri Oct 25 23:24:24 PDT 2019","","","3P59JYT76MEWMLX0X6YTOPGDDUOT2A","A2C2AIWOMMI26F","Rejected","Fri Oct 18 23:28:15 PDT 2019","Fri Oct 18 23:32:03 PDT 2019","Fri Oct 25 23:32:03 PDT 2019","","Sat Oct 19 21:21:23 PDT 2019","Sorry, you did not pass our hidden quality assurance tests.","228","0% (0/8)","0% (0/8)","0% (0/8)","3","3","4","4","3"
"3511RHPADV7MK88NDL62EMIGXKXRL5","3HSQTUGQM2AKK76J15EGVP65ET09G1","How natural (i.e. human-sounding) is this recording?","How natural (i.e. human-sounding) is this recording?","audio, naturalness, rating","$0.05","Fri Oct 18 23:24:24 PDT 2019","140","BatchId:3806728;OriginalHitTemplateId:928390811;","1800","604800","Fri Oct 25 23:24:24 PDT 2019","","","3PJ71Z61R5W6DL6QGWTYS65WRH891A","AKXY2ATEM5DC2","Submitted","Fri Oct 18 23:31:58 PDT 2019","Fri Oct 18 23:32:47 PDT 2019","Fri Oct 25 23:32:47 PDT 2019","","","","49","50% (1/2)","50% (1/2)","50% (1/2)","5","5","2","2","5"
"3511RHPADV7MK88NDL62EMIGXKXRL5","3HSQTUGQM2AKK76J15EGVP65ET09G1","How natural (i.e. human-sounding) is this recording?","How natural (i.e. human-sounding) is this recording?","audio, naturalness, rating","$0.05","Fri Oct 18 23:24:24 PDT 2019","140","BatchId:3806728;OriginalHitTemplateId:928390811;","1800","604800","Fri Oct 25 23:24:24 PDT 2019","","","3PQMUDRV7S0AOSVRSXKHXYLLR95IIT","A14W60KFU2343Z","Rejected","Fri Oct 18 23:28:34 PDT 2019","Fri Oct 18 23:30:43 PDT 2019","Fri Oct 25 23:30:43 PDT 2019","","Sat Oct 19 21:21:23 PDT 2019","Sorry, you did not pass our hidden quality assurance tests.","129","0% (0/8)","0% (0/8)","0% (0/8)","3","4","2","3","4"
"3511RHPADV7MK88NDL62EMIGXKXRL5","3HSQTUGQM2AKK76J15EGVP65ET09G1","How natural (i.e. human-sounding) is this recording?","How natural (i.e. human-sounding) is this recording?","audio, naturalness, rating","$0.05","Fri Oct 18 23:24:24 PDT 2019","140","BatchId:3806728;OriginalHitTemplateId:928390811;","1800","604800","Fri Oct 25 23:24:24 PDT 2019","","","3Q5ZZ9ZEVP95NYOZCRPWV0N2KUA58L","A3F9N2P4NUUR7S","Submitted","Sat Oct 19 21:21:37 PDT 2019","Sat Oct 19 21:28:45 PDT 2019","Sat Oct 26 21:28:45 PDT 2019","","","","428","100% (79/79)","0% (0/0)","0% (0/0)","5","4","1","3","3"
"3511RHPADV7MK88NDL62EMIGXKXRL5","3HSQTUGQM2AKK76J15EGVP65ET09G1","How natural (i.e. human-sounding) is this recording?","How natural (i.e. human-sounding) is this recording?","audio, naturalness, rating","$0.05","Fri Oct 18 23:24:24 PDT 2019","140","BatchId:3806728;OriginalHitTemplateId:928390811;","1800","604800","Fri Oct 25 23:24:24 PDT 2019","","","3QAPZX2QN57V6C09Z4AJ4EE8HMF202","A33H2PUP9W8WED","Submitted","Sat Oct 19 22:36:32 PDT 2019","Sat Oct 19 22:38:32 PDT 2019","Sat Oct 26 22:38:32 PDT 2019","","","","120","0% (0/3)","0% (0/3)","0% (0/3)","4","4","2","2","4"
"3511RHPADV7MK88NDL62EMIGXKXRL5","3HSQTUGQM2AKK76J15EGVP65ET09G1","How natural (i.e. human-sounding) is this recording?","How natural (i.e. human-sounding) is this recording?","audio, naturalness, rating","$0.05","Fri Oct 18 23:24:24 PDT 2019","140","BatchId:3806728;OriginalHitTemplateId:928390811;","1800","604800","Fri Oct 25 23:24:24 PDT 2019","","","3QEMNNSB2YTWRXY9HSF9FCFZLOM7DL","A16LTPBK99MZHO","Rejected","Fri Oct 18 23:24:40 PDT 2019","Fri Oct 18 23:48:13 PDT 2019","Fri Oct 25 23:48:13 PDT 2019","","Sat Oct 19 21:21:23 PDT 2019","Sorry, you did not pass our hidden quality assurance tests.","1413","0% (0/2)","0% (0/2)","0% (0/2)","3","2","3","3","3"
"3511RHPADV7MK88NDL62EMIGXKXRL5","3HSQTUGQM2AKK76J15EGVP65ET09G1","How natural (i.e. human-sounding) is this recording?","How natural (i.e. human-sounding) is this recording?","audio, naturalness, rating","$0.05","Fri Oct 18 23:24:24 PDT 2019","140","BatchId:3806728;OriginalHitTemplateId:928390811;","1800","604800","Fri Oct 25 23:24:24 PDT 2019","","","3QEMNNSB2YTWRXY9HSF9FCFZMR4D7G","A1NF6PELRKACS9","Submitted","Sat Oct 19 21:47:08 PDT 2019","Sat Oct 19 21:47:58 PDT 2019","Sat Oct 26 21:47:58 PDT 2019","","","","50","0% (0/0)","0% (0/0)","0% (0/0)","5","5","1","1","4"
"3511RHPADV7MK88NDL62EMIGXKXRL5","3HSQTUGQM2AKK76J15EGVP65ET09G1","How natural (i.e. human-sounding) is this recording?","How natural (i.e. human-sounding) is this recording?","audio, naturalness, rating","$0.05","Fri Oct 18 23:24:24 PDT 2019","140","BatchId:3806728;OriginalHitTemplateId:928390811;","1800","604800","Fri Oct 25 23:24:24 PDT 2019","","","3QIYRE09Y4BR2NAKH6C3A70GW6ON1M","A3P04JZJNOYILR","Submitted","Fri Oct 18 23:25:58 PDT 2019","Fri Oct 18 23:30:29 PDT 2019","Fri Oct 25 23:30:29 PDT 2019","","","","271","0% (0/1)","0% (0/1)","0% (0/1)","5","5","1","1","5"
"3511RHPADV7MK88NDL62EMIGXKXRL5","3HSQTUGQM2AKK76J15EGVP65ET09G1","How natural (i.e. human-sounding) is this recording?","How natural (i.e. human-sounding) is this recording?","audio, naturalness, rating","$0.05","Fri Oct 18 23:24:24 PDT 2019","140","BatchId:3806728;OriginalHitTemplateId:928390811;","1800","604800","Fri Oct 25 23:24:24 PDT 2019","","","3QRYMNZ7FZBSB7MTJPWDGDJBOPFNTV","APX99JE8G6KZ2","Rejected","Fri Oct 18 23:27:31 PDT 2019","Fri Oct 18 23:32:19 PDT 2019","Fri Oct 25 23:32:19 PDT 2019","","Sat Oct 19 21:21:23 PDT 2019","Sorry, you did not pass our hidden quality assurance tests.","288","0% (0/7)","0% (0/7)","0% (0/7)","3","3","4","2","3"
"3511RHPADV7MK88NDL62EMIGXKXRL5","3HSQTUGQM2AKK76J15EGVP65ET09G1","How natural (i.e. human-sounding) is this recording?","How natural (i.e. human-sounding) is this recording?","audio, naturalness, rating","$0.05","Fri Oct 18 23:24:24 PDT 2019","140","BatchId:3806728;OriginalHitTemplateId:928390811;","1800","604800","Fri Oct 25 23:24:24 PDT 2019","","","3QY5DC2MXSEVNSO1L63AD4W45C1FU8","A24HPZ4V1DMERW","Rejected","Fri Oct 18 23:35:07 PDT 2019","Fri Oct 18 23:36:46 PDT 2019","Fri Oct 25 23:36:46 PDT 2019","","Sat Oct 19 21:21:23 PDT 2019","Sorry, you did not pass our hidden quality assurance tests.","99","0% (0/2)","0% (0/2)","0% (0/2)","2","3","4","5","3"
"3511RHPADV7MK88NDL62EMIGXKXRL5","3HSQTUGQM2AKK76J15EGVP65ET09G1","How natural (i.e. human-sounding) is this recording?","How natural (i.e. human-sounding) is this recording?","audio, naturalness, rating","$0.05","Fri Oct 18 23:24:24 PDT 2019","140","BatchId:3806728;OriginalHitTemplateId:928390811;","1800","604800","Fri Oct 25 23:24:24 PDT 2019","","","3QY7M81QH8G4534J991WJPAP5XJ7KY","AJTHGXBMZJ3HE","Rejected","Fri Oct 18 23:24:59 PDT 2019","Fri Oct 18 23:43:30 PDT 2019","Fri Oct 25 23:43:30 PDT 2019","","Sat Oct 19 21:21:24 PDT 2019","Sorry, you did not pass our hidden quality assurance tests.","1111","66% (29/44)","0% (0/15)","0% (0/15)","2","3","4","3","3"
"3511RHPADV7MK88NDL62EMIGXKXRL5","3HSQTUGQM2AKK76J15EGVP65ET09G1","How natural (i.e. human-sounding) is this recording?","How natural (i.e. human-sounding) is this recording?","audio, naturalness, rating","$0.05","Fri Oct 18 23:24:24 PDT 2019","140","BatchId:3806728;OriginalHitTemplateId:928390811;","1800","604800","Fri Oct 25 23:24:24 PDT 2019","","","3R3YRB5GRGX0R17TAQHIZ3LD9Z5AUE","A1J4AZL6MZ675U","Submitted","Sat Oct 19 21:46:59 PDT 2019","Sat Oct 19 22:03:09 PDT 2019","Sat Oct 26 22:03:09 PDT 2019","","","","970","0% (0/0)","0% (0/0)","0% (0/0)","4","4","2","2","5"
"3511RHPADV7MK88NDL62EMIGXKXRL5","3HSQTUGQM2AKK76J15EGVP65ET09G1","How natural (i.e. human-sounding) is this recording?","How natural (i.e. human-sounding) is this recording?","audio, naturalness, rating","$0.05","Fri Oct 18 23:24:24 PDT 2019","140","BatchId:3806728;OriginalHitTemplateId:928390811;","1800","604800","Fri Oct 25 23:24:24 PDT 2019","","","3RANCT1ZVGB5ABCLG4HEUE5JQE8UB4","AHM8PLFI4MOKF","Submitted","Fri Oct 18 23:31:19 PDT 2019","Fri Oct 18 23:32:13 PDT 2019","Fri Oct 25 23:32:13 PDT 2019","","","","54","0% (0/0)","0% (0/0)","0% (0/0)","5","4","1","1","5"
"3511RHPADV7MK88NDL62EMIGXKXRL5","3HSQTUGQM2AKK76J15EGVP65ET09G1","How natural (i.e. human-sounding) is this recording?","How natural (i.e. human-sounding) is this recording?","audio, naturalness, rating","$0.05","Fri Oct 18 23:24:24 PDT 2019","140","BatchId:3806728;OriginalHitTemplateId:928390811;","1800","604800","Fri Oct 25 23:24:24 PDT 2019","","","3RGU30DZTB2SFM5OVU391S72LXHMJS","A3MW8P9QLFY3SC","Submitted","Fri Oct 18 23:47:17 PDT 2019","Fri Oct 18 23:48:11 PDT 2019","Fri Oct 25 23:48:11 PDT 2019","","","","54","0% (0/0)","0% (0/0)","0% (0/0)","5","4","1","1","4"
"3511RHPADV7MK88NDL62EMIGXKXRL5","3HSQTUGQM2AKK76J15EGVP65ET09G1","How natural (i.e. human-sounding) is this recording?","How natural (i.e. human-sounding) is this recording?","audio, naturalness, rating","$0.05","Fri Oct 18 23:24:24 PDT 2019","140","BatchId:3806728;OriginalHitTemplateId:928390811;","1800","604800","Fri Oct 25 23:24:24 PDT 2019","","","3RJSC4XJ11ON59JWHNCH2LHK1W0500","A1KBT0ZV2OGI7V","Submitted","Sat Oct 19 21:45:13 PDT 2019","Sat Oct 19 21:46:29 PDT 2019","Sat Oct 26 21:46:29 PDT 2019","","","","76","0% (0/0)","0% (0/0)","0% (0/0)","4","4","1","1","4"
"3511RHPADV7MK88NDL62EMIGXKXRL5","3HSQTUGQM2AKK76J15EGVP65ET09G1","How natural (i.e. human-sounding) is this recording?","How natural (i.e. human-sounding) is this recording?","audio, naturalness, rating","$0.05","Fri Oct 18 23:24:24 PDT 2019","140","BatchId:3806728;OriginalHitTemplateId:928390811;","1800","604800","Fri Oct 25 23:24:24 PDT 2019","","","3RSDURM96BGKYN8A0WGTY7HHPZWEYM","AWS49CZW5Y9JK","Submitted","Fri Oct 18 23:26:39 PDT 2019","Fri Oct 18 23:27:22 PDT 2019","Fri Oct 25 23:27:22 PDT 2019","","","","43","0% (0/1)","0% (0/1)","0% (0/1)","5","5","1","1","5"
"3511RHPADV7MK88NDL62EMIGXKXRL5","3HSQTUGQM2AKK76J15EGVP65ET09G1","How natural (i.e. human-sounding) is this recording?","How natural (i.e. human-sounding) is this recording?","audio, naturalness, rating","$0.05","Fri Oct 18 23:24:24 PDT 2019","140","BatchId:3806728;OriginalHitTemplateId:928390811;","1800","604800","Fri Oct 25 23:24:24 PDT 2019","","","3RXPCZQMQQ5LSVTYU2Z8KNRJWXK1GH","A23AP978617EJS","Submitted","Sat Oct 19 21:42:25 PDT 2019","Sat Oct 19 21:46:35 PDT 2019","Sat Oct 26 21:46:35 PDT 2019","","","","250","0% (0/1)","0% (0/1)","0% (0/1)","4","5","2","2","5"
"3511RHPADV7MK88NDL62EMIGXKXRL5","3HSQTUGQM2AKK76J15EGVP65ET09G1","How natural (i.e. human-sounding) is this recording?","How natural (i.e. human-sounding) is this recording?","audio, naturalness, rating","$0.05","Fri Oct 18 23:24:24 PDT 2019","140","BatchId:3806728;OriginalHitTemplateId:928390811;","1800","604800","Fri Oct 25 23:24:24 PDT 2019","","","3S3AMIZX3VZ23ET589NKVY7DMZEDCL","A3ABJN1IL7UCZ8","Rejected","Fri Oct 18 23:35:45 PDT 2019","Fri Oct 18 23:44:44 PDT 2019","Fri Oct 25 23:44:44 PDT 2019","","Sat Oct 19 21:21:24 PDT 2019","Sorry, you did not pass our hidden quality assurance tests.","539","0% (0/2)","0% (0/2)","0% (0/2)","4","2","2","2","4"
"3511RHPADV7MK88NDL62EMIGXKXRL5","3HSQTUGQM2AKK76J15EGVP65ET09G1","How natural (i.e. human-sounding) is this recording?","How natural (i.e. human-sounding) is this recording?","audio, naturalness, rating","$0.05","Fri Oct 18 23:24:24 PDT 2019","140","BatchId:3806728;OriginalHitTemplateId:928390811;","1800","604800","Fri Oct 25 23:24:24 PDT 2019","","","3SNLUL3WO5HHNKYX7H688H1O28MLUI","A25VNYKP7SASYC","Submitted","Fri Oct 18 23:28:39 PDT 2019","Fri Oct 18 23:29:26 PDT 2019","Fri Oct 25 23:29:26 PDT 2019","","","","47","100% (1/1)","100% (1/1)","100% (1/1)","4","5","2","2","5"
"3511RHPADV7MK88NDL62EMIGXKXRL5","3HSQTUGQM2AKK76J15EGVP65ET09G1","How natural (i.e. human-sounding) is this recording?","How natural (i.e. human-sounding) is this recording?","audio, naturalness, rating","$0.05","Fri Oct 18 23:24:24 PDT 2019","140","BatchId:3806728;OriginalHitTemplateId:928390811;","1800","604800","Fri Oct 25 23:24:24 PDT 2019","","","3TDXMTX3CCOUV80QQWBS0VVGIIB6IO","A10NBQP7W50X1I","Submitted","Fri Oct 18 23:31:49 PDT 2019","Fri Oct 18 23:34:20 PDT 2019","Fri Oct 25 23:34:20 PDT 2019","","","","151","0% (0/1)","0% (0/1)","0% (0/1)","4","3","2","2","4"
"3511RHPADV7MK88NDL62EMIGXKXRL5","3HSQTUGQM2AKK76J15EGVP65ET09G1","How natural (i.e. human-sounding) is this recording?","How natural (i.e. human-sounding) is this recording?","audio, naturalness, rating","$0.05","Fri Oct 18 23:24:24 PDT 2019","140","BatchId:3806728;OriginalHitTemplateId:928390811;","1800","604800","Fri Oct 25 23:24:24 PDT 2019","","","3TPWUS5F8AV1CKTWP4SANMWYUIZCWF","A1EIMXVUOG49SJ","Submitted","Sat Oct 19 21:22:41 PDT 2019","Sat Oct 19 21:23:54 PDT 2019","Sat Oct 26 21:23:54 PDT 2019","","","","73","100% (1/1)","100% (1/1)","100% (1/1)","5","5","2","2","4"
"3511RHPADV7MK88NDL62EMIGXKXRL5","3HSQTUGQM2AKK76J15EGVP65ET09G1","How natural (i.e. human-sounding) is this recording?","How natural (i.e. human-sounding) is this recording?","audio, naturalness, rating","$0.05","Fri Oct 18 23:24:24 PDT 2019","140","BatchId:3806728;OriginalHitTemplateId:928390811;","1800","604800","Fri Oct 25 23:24:24 PDT 2019","","","3TS1AR6UQR8TPHC58YAZ3CIKY4I7FJ","ATVYXLWEH5N03","Submitted","Sat Oct 19 21:21:22 PDT 2019","Sat Oct 19 21:21:53 PDT 2019","Sat Oct 26 21:21:53 PDT 2019","","","","31","100% (110/110)","100% (1/1)","100% (1/1)","4","4","1","1","4"
"3511RHPADV7MK88NDL62EMIGXKXRL5","3HSQTUGQM2AKK76J15EGVP65ET09G1","How natural (i.e. human-sounding) is this recording?","How natural (i.e. human-sounding) is this recording?","audio, naturalness, rating","$0.05","Fri Oct 18 23:24:24 PDT 2019","140","BatchId:3806728;OriginalHitTemplateId:928390811;","1800","604800","Fri Oct 25 23:24:24 PDT 2019","","","3U088ZLJVLNHISYGDOZQSLUXKQMW0J","A3MG9XS4W3FGOA","Submitted","Fri Oct 18 23:30:23 PDT 2019","Fri Oct 18 23:41:03 PDT 2019","Fri Oct 25 23:41:03 PDT 2019","","","","640","0% (0/2)","0% (0/2)","0% (0/2)","4","4","2","1","4"
"3511RHPADV7MK88NDL62EMIGXKXRL5","3HSQTUGQM2AKK76J15EGVP65ET09G1","How natural (i.e. human-sounding) is this recording?","How natural (i.e. human-sounding) is this recording?","audio, naturalness, rating","$0.05","Fri Oct 18 23:24:24 PDT 2019","140","BatchId:3806728;OriginalHitTemplateId:928390811;","1800","604800","Fri Oct 25 23:24:24 PDT 2019","","","3U8YCDAGXQACYV2U1F0K0WCBWP5Q09","AL4WEPZ4L336V","Rejected","Fri Oct 18 23:27:11 PDT 2019","Fri Oct 18 23:29:34 PDT 2019","Fri Oct 25 23:29:34 PDT 2019","","Sat Oct 19 21:21:24 PDT 2019","Sorry, you did not pass our hidden quality assurance tests.","143","0% (0/8)","0% (0/8)","0% (0/8)","4","4","4","4","4"
"3511RHPADV7MK88NDL62EMIGXKXRL5","3HSQTUGQM2AKK76J15EGVP65ET09G1","How natural (i.e. human-sounding) is this recording?","How natural (i.e. human-sounding) is this recording?","audio, naturalness, rating","$0.05","Fri Oct 18 23:24:24 PDT 2019","140","BatchId:3806728;OriginalHitTemplateId:928390811;","1800","604800","Fri Oct 25 23:24:24 PDT 2019","","","3UXUOQ9OKFRYTQVXXIO7PB7T0LP7AJ","A2OP2ZANIM5ZV","Submitted","Fri Oct 18 23:25:15 PDT 2019","Fri Oct 18 23:26:18 PDT 2019","Fri Oct 25 23:26:18 PDT 2019","","","","63","0% (0/4)","0% (0/4)","0% (0/4)","3","3","2","2","3"
"3511RHPADV7MK88NDL62EMIGXKXRL5","3HSQTUGQM2AKK76J15EGVP65ET09G1","How natural (i.e. human-sounding) is this recording?","How natural (i.e. human-sounding) is this recording?","audio, naturalness, rating","$0.05","Fri Oct 18 23:24:24 PDT 2019","140","BatchId:3806728;OriginalHitTemplateId:928390811;","1800","604800","Fri Oct 25 23:24:24 PDT 2019","","","3V0Z7YWSIZUBZD1P21Y8P74YAF4V2S","A2I3IKOIW77XXJ","Submitted","Fri Oct 18 23:28:07 PDT 2019","Fri Oct 18 23:28:41 PDT 2019","Fri Oct 25 23:28:41 PDT 2019","","","","34","100% (1/1)","100% (1/1)","100% (1/1)","3","3","1","1","4"
"3511RHPADV7MK88NDL62EMIGXKXRL5","3HSQTUGQM2AKK76J15EGVP65ET09G1","How natural (i.e. human-sounding) is this recording?","How natural (i.e. human-sounding) is this recording?","audio, naturalness, rating","$0.05","Fri Oct 18 23:24:24 PDT 2019","140","BatchId:3806728;OriginalHitTemplateId:928390811;","1800","604800","Fri Oct 25 23:24:24 PDT 2019","","","3VELCLL3GLDFEVX3JITQ22R7UF2F17","A2NNBL9CWH7NML","Submitted","Fri Oct 18 23:26:05 PDT 2019","Fri Oct 18 23:30:39 PDT 2019","Fri Oct 25 23:30:39 PDT 2019","","","","274","0% (0/0)","0% (0/0)","0% (0/0)","5","5","2","2","5"
"3511RHPADV7MK88NDL62EMIGXKXRL5","3HSQTUGQM2AKK76J15EGVP65ET09G1","How natural (i.e. human-sounding) is this recording?","How natural (i.e. human-sounding) is this recording?","audio, naturalness, rating","$0.05","Fri Oct 18 23:24:24 PDT 2019","140","BatchId:3806728;OriginalHitTemplateId:928390811;","1800","604800","Fri Oct 25 23:24:24 PDT 2019","","","3VSOLARPKC32NOK5307HGZKTQ4293P","A3Q2XBURXQ8RJS","Submitted","Sat Oct 19 21:32:35 PDT 2019","Sat Oct 19 21:35:21 PDT 2019","Sat Oct 26 21:35:21 PDT 2019","","","","166","100% (5/5)","0% (0/0)","0% (0/0)","5","4","2","2","5"
"3511RHPADV7MK88NDL62EMIGXKXRL5","3HSQTUGQM2AKK76J15EGVP65ET09G1","How natural (i.e. human-sounding) is this recording?","How natural (i.e. human-sounding) is this recording?","audio, naturalness, rating","$0.05","Fri Oct 18 23:24:24 PDT 2019","140","BatchId:3806728;OriginalHitTemplateId:928390811;","1800","604800","Fri Oct 25 23:24:24 PDT 2019","","","3W92K5RLWVB3YAKCKK06NE7AUPVV5T","A1C4TEDXU0I4I5","Rejected","Fri Oct 18 23:28:21 PDT 2019","Fri Oct 18 23:35:35 PDT 2019","Fri Oct 25 23:35:35 PDT 2019","","Sat Oct 19 21:21:24 PDT 2019","Sorry, you did not pass our hidden quality assurance tests.","434","11% (1/9)","0% (0/8)","0% (0/8)","4","4","4","4","4"
"3511RHPADV7MK88NDL62EMIGXKXRL5","3HSQTUGQM2AKK76J15EGVP65ET09G1","How natural (i.e. human-sounding) is this recording?","How natural (i.e. human-sounding) is this recording?","audio, naturalness, rating","$0.05","Fri Oct 18 23:24:24 PDT 2019","140","BatchId:3806728;OriginalHitTemplateId:928390811;","1800","604800","Fri Oct 25 23:24:24 PDT 2019","","","3X31TUMD7YG1EN7Z5TWOXFWRSE5L16","A2L9QL5S7KUL6V","Submitted","Sat Oct 19 21:37:40 PDT 2019","Sat Oct 19 21:38:36 PDT 2019","Sat Oct 26 21:38:36 PDT 2019","","","","56","0% (0/1)","0% (0/1)","0% (0/1)","5","5","1","1","5"
"3511RHPADV7MK88NDL62EMIGXKXRL5","3HSQTUGQM2AKK76J15EGVP65ET09G1","How natural (i.e. human-sounding) is this recording?","How natural (i.e. human-sounding) is this recording?","audio, naturalness, rating","$0.05","Fri Oct 18 23:24:24 PDT 2019","140","BatchId:3806728;OriginalHitTemplateId:928390811;","1800","604800","Fri Oct 25 23:24:24 PDT 2019","","","3XIQGXAUMD2AP33Q8SGL9JIR1617XQ","AAAIZU66Q9K7G","Submitted","Fri Oct 18 23:48:27 PDT 2019","Fri Oct 18 23:49:08 PDT 2019","Fri Oct 25 23:49:08 PDT 2019","","","","41","100% (1/1)","100% (1/1)","100% (1/1)","5","5","1","1","5"
"3511RHPADV7MK88NDL62EMIGXKXRL5","3HSQTUGQM2AKK76J15EGVP65ET09G1","How natural (i.e. human-sounding) is this recording?","How natural (i.e. human-sounding) is this recording?","audio, naturalness, rating","$0.05","Fri Oct 18 23:24:24 PDT 2019","140","BatchId:3806728;OriginalHitTemplateId:928390811;","1800","604800","Fri Oct 25 23:24:24 PDT 2019","","","3XIQGXAUMD2AP33Q8SGL9JIR16YX7D","A47E0Z3LTH37V","Rejected","Fri Oct 18 23:26:26 PDT 2019","Fri Oct 18 23:27:13 PDT 2019","Fri Oct 25 23:27:13 PDT 2019","","Sat Oct 19 21:21:24 PDT 2019","Sorry, you did not pass our hidden quality assurance tests.","47","0% (0/11)","0% (0/11)","0% (0/11)","2","3","5","5","3"
"3511RHPADV7MK88NDL62EMIGXKXRL5","3HSQTUGQM2AKK76J15EGVP65ET09G1","How natural (i.e. human-sounding) is this recording?","How natural (i.e. human-sounding) is this recording?","audio, naturalness, rating","$0.05","Fri Oct 18 23:24:24 PDT 2019","140","BatchId:3806728;OriginalHitTemplateId:928390811;","1800","604800","Fri Oct 25 23:24:24 PDT 2019","","","3Y5140Z9DYA25EIV5SA16VMXDN0PIC","A3HDUN4OCT9VOH","Submitted","Fri Oct 18 23:26:00 PDT 2019","Fri Oct 18 23:29:33 PDT 2019","Fri Oct 25 23:29:33 PDT 2019","","","","213","0% (0/0)","0% (0/0)","0% (0/0)","3","3","1","1","4"
"3511RHPADV7MK88NDL62EMIGXKXRL5","3HSQTUGQM2AKK76J15EGVP65ET09G1","How natural (i.e. human-sounding) is this recording?","How natural (i.e. human-sounding) is this recording?","audio, naturalness, rating","$0.05","Fri Oct 18 23:24:24 PDT 2019","140","BatchId:3806728;OriginalHitTemplateId:928390811;","1800","604800","Fri Oct 25 23:24:24 PDT 2019","","","3YGXWBAF71BP3IACFYMRSUD79ML4CZ","A1YGG7LBCMRPO1","Submitted","Fri Oct 18 23:32:24 PDT 2019","Fri Oct 18 23:32:47 PDT 2019","Fri Oct 25 23:32:47 PDT 2019","","","","23","0% (0/2)","0% (0/2)","0% (0/2)","4","4","2","2","4"
"3511RHPADV7MK88NDL62EMIGXKXRL5","3HSQTUGQM2AKK76J15EGVP65ET09G1","How natural (i.e. human-sounding) is this recording?","How natural (i.e. human-sounding) is this recording?","audio, naturalness, rating","$0.05","Fri Oct 18 23:24:24 PDT 2019","140","BatchId:3806728;OriginalHitTemplateId:928390811;","1800","604800","Fri Oct 25 23:24:24 PDT 2019","","","3YHH42UU5C917YMH9ASOJADHMJIL0F","A23L106F5YQY8T","Rejected","Fri Oct 18 23:27:18 PDT 2019","Fri Oct 18 23:29:25 PDT 2019","Fri Oct 25 23:29:25 PDT 2019","","Sat Oct 19 21:21:24 PDT 2019","Sorry, you did not pass our hidden quality assurance tests.","127","0% (0/8)","0% (0/8)","0% (0/8)","3","4","3","3","3"
"3511RHPADV7MK88NDL62EMIGXKXRL5","3HSQTUGQM2AKK76J15EGVP65ET09G1","How natural (i.e. human-sounding) is this recording?","How natural (i.e. human-sounding) is this recording?","audio, naturalness, rating","$0.05","Fri Oct 18 23:24:24 PDT 2019","140","BatchId:3806728;OriginalHitTemplateId:928390811;","1800","604800","Fri Oct 25 23:24:24 PDT 2019","","","3YJ6NA41JCAY0P21NAV1IW1XR57PJD","A31BA1WLSWUSY1","Submitted","Sat Oct 19 21:47:13 PDT 2019","Sat Oct 19 21:47:23 PDT 2019","Sat Oct 26 21:47:23 PDT 2019","","","","10","0% (0/0)","0% (0/0)","0% (0/0)","5","5","2","2","5"
"3511RHPADV7MK88NDL62EMIGXKXRL5","3HSQTUGQM2AKK76J15EGVP65ET09G1","How natural (i.e. human-sounding) is this recording?","How natural (i.e. human-sounding) is this recording?","audio, naturalness, rating","$0.05","Fri Oct 18 23:24:24 PDT 2019","140","BatchId:3806728;OriginalHitTemplateId:928390811;","1800","604800","Fri Oct 25 23:24:24 PDT 2019","","","3YT88D1N09SM4K3W7XY668Y90VXK36","A1MWYS9YMR5MGQ","Submitted","Fri Oct 18 23:25:36 PDT 2019","Fri Oct 18 23:25:56 PDT 2019","Fri Oct 25 23:25:56 PDT 2019","","","","20","0% (0/0)","0% (0/0)","0% (0/0)","5","5","1","1","5"
"3511RHPADV7MK88NDL62EMIGXKXRL5","3HSQTUGQM2AKK76J15EGVP65ET09G1","How natural (i.e. human-sounding) is this recording?","How natural (i.e. human-sounding) is this recording?","audio, naturalness, rating","$0.05","Fri Oct 18 23:24:24 PDT 2019","140","BatchId:3806728;OriginalHitTemplateId:928390811;","1800","604800","Fri Oct 25 23:24:24 PDT 2019","","","3YWRV122CTTM8DEEDSX43CFIJB5U8U","A1QXU4Q3CK75FK","Submitted","Sat Oct 19 21:51:00 PDT 2019","Sat Oct 19 21:51:37 PDT 2019","Sat Oct 26 21:51:37 PDT 2019","","","","37","0% (0/3)","0% (0/3)","0% (0/3)","4","5","2","2","5"
"3511RHPADV7MK88NDL62EMIGXKXRL5","3HSQTUGQM2AKK76J15EGVP65ET09G1","How natural (i.e. human-sounding) is this recording?","How natural (i.e. human-sounding) is this recording?","audio, naturalness, rating","$0.05","Fri Oct 18 23:24:24 PDT 2019","140","BatchId:3806728;OriginalHitTemplateId:928390811;","1800","604800","Fri Oct 25 23:24:24 PDT 2019","","","3Z4GS9HPNW4GAOXZQFCNFK53ZDJ77S","AOKJCDRWBS5MK","Submitted","Fri Oct 18 23:24:30 PDT 2019","Fri Oct 18 23:34:51 PDT 2019","Fri Oct 25 23:34:51 PDT 2019","","","","621","0% (0/0)","0% (0/0)","0% (0/0)","3","5","1","1","4"
"3511RHPADV7MK88NDL62EMIGXKXRL5","3HSQTUGQM2AKK76J15EGVP65ET09G1","How natural (i.e. human-sounding) is this recording?","How natural (i.e. human-sounding) is this recording?","audio, naturalness, rating","$0.05","Fri Oct 18 23:24:24 PDT 2019","140","BatchId:3806728;OriginalHitTemplateId:928390811;","1800","604800","Fri Oct 25 23:24:24 PDT 2019","","","3Z4GS9HPNW4GAOXZQFCNFK53ZDK77T","A3R4SD33QQVAJX","Submitted","Fri Oct 18 23:33:26 PDT 2019","Fri Oct 18 23:44:54 PDT 2019","Fri Oct 25 23:44:54 PDT 2019","","","","688","0% (0/0)","0% (0/0)","0% (0/0)","4","4","1","2","3"
"3511RHPADV7MK88NDL62EMIGXKXRL5","3HSQTUGQM2AKK76J15EGVP65ET09G1","How natural (i.e. human-sounding) is this recording?","How natural (i.e. human-sounding) is this recording?","audio, naturalness, rating","$0.05","Fri Oct 18 23:24:24 PDT 2019","140","BatchId:3806728;OriginalHitTemplateId:928390811;","1800","604800","Fri Oct 25 23:24:24 PDT 2019","","","3Z7VU45IPZBLJCO3KUNX5U7P6KWZ1F","A9LXSGXZM4IJE","Rejected","Fri Oct 18 23:30:05 PDT 2019","Fri Oct 18 23:41:32 PDT 2019","Fri Oct 25 23:41:32 PDT 2019","","Sat Oct 19 21:21:24 PDT 2019","Sorry, you did not pass our hidden quality assurance tests.","687","0% (0/8)","0% (0/8)","0% (0/8)","4","3","3","2","3"
"3511RHPADV7MK88NDL62EMIGXKXRL5","3HSQTUGQM2AKK76J15EGVP65ET09G1","How natural (i.e. human-sounding) is this recording?","How natural (i.e. human-sounding) is this recording?","audio, naturalness, rating","$0.05","Fri Oct 18 23:24:24 PDT 2019","140","BatchId:3806728;OriginalHitTemplateId:928390811;","1800","604800","Fri Oct 25 23:24:24 PDT 2019","","","3Z9WI9EOZ0I1YSAVMIN8A2ZJJ0GHKB","A2A1E54KP5OOWJ","Submitted","Fri Oct 18 23:33:44 PDT 2019","Fri Oct 18 23:37:25 PDT 2019","Fri Oct 25 23:37:25 PDT 2019","","","","221","0% (0/0)","0% (0/0)","0% (0/0)","5","5","2","2","4"
"3511RHPADV7MK88NDL62EMIGXKXRL5","3HSQTUGQM2AKK76J15EGVP65ET09G1","How natural (i.e. human-sounding) is this recording?","How natural (i.e. human-sounding) is this recording?","audio, naturalness, rating","$0.05","Fri Oct 18 23:24:24 PDT 2019","140","BatchId:3806728;OriginalHitTemplateId:928390811;","1800","604800","Fri Oct 25 23:24:24 PDT 2019","","","3Z9WI9EOZ0I1YSAVMIN8A2ZJK3WKH1","A3C5JFHPR8POG4","Submitted","Sat Oct 19 21:35:43 PDT 2019","Sat Oct 19 21:36:13 PDT 2019","Sat Oct 26 21:36:13 PDT 2019","","","","30","0% (0/0)","0% (0/0)","0% (0/0)","5","5","2","2","5"