"HITId","HITTypeId","Title","Description","Keywords","Reward","CreationTime","MaxAssignments","RequesterAnnotation","AssignmentDurationInSeconds","AutoApprovalDelayInSeconds","Expiration","NumberOfSimilarHITs","LifetimeInSeconds","AssignmentId","WorkerId","AssignmentStatus","AcceptTime","SubmitTime","AutoApprovalTime","ApprovalTime","RejectionTime","RequesterFeedback","WorkTimeInSeconds","LifetimeApprovalRate","Last30DaysApprovalRate","Last7DaysApprovalRate","Answer.GT-LJ001-0063","Answer.GT-LJ001-0072","Answer.bad-LJ001-0015","Answer.bad-LJ001-0094","Answer.base-LJ001-0051","Approve","Reject"
"35NNO802AVPZF98PZBS8DMLEFI6INK","3KTTL66PWHEWHAEXOC1U8773KLQHVI","How natural (i.e. human-sounding) is this recording?","How natural (i.e. human-sounding) is this recording?","audio, naturalness, rating","$0.01","Thu Oct 17 18:49:23 PDT 2019","117","BatchId:3805321;OriginalHitTemplateId:928390811;","1800","604800","Thu Oct 24 18:49:23 PDT 2019","","","3018Q3ZVOJK8B9FC6WMDUSYT1PKRAN","A7G6TFAYTV2FC","Submitted","Thu Oct 17 18:59:03 PDT 2019","Thu Oct 17 18:59:57 PDT 2019","Thu Oct 24 18:59:57 PDT 2019","","","","54","0% (0/0)","0% (0/0)","0% (0/0)","4","4","1","1","4"
"35NNO802AVPZF98PZBS8DMLEFI6INK","3KTTL66PWHEWHAEXOC1U8773KLQHVI","How natural (i.e. human-sounding) is this recording?","How natural (i.e. human-sounding) is this recording?","audio, naturalness, rating","$0.01","Thu Oct 17 18:49:23 PDT 2019","117","BatchId:3805321;OriginalHitTemplateId:928390811;","1800","604800","Thu Oct 24 18:49:23 PDT 2019","","","30H4UDGLT3CO1X8MQ78TYOTEUOKMP9","A2LZ5AVXVIJUXJ","Submitted","Thu Oct 17 18:50:27 PDT 2019","Thu Oct 17 18:51:48 PDT 2019","Thu Oct 24 18:51:48 PDT 2019","","","","81","0% (0/0)","0% (0/0)","0% (0/0)","4","5","2","2","3"
"35NNO802AVPZF98PZBS8DMLEFI6INK","3KTTL66PWHEWHAEXOC1U8773KLQHVI","How natural (i.e. human-sounding) is this recording?","How natural (i.e. human-sounding) is this recording?","audio, naturalness, rating","$0.01","Thu Oct 17 18:49:23 PDT 2019","117","BatchId:3805321;OriginalHitTemplateId:928390811;","1800","604800","Thu Oct 24 18:49:23 PDT 2019","","","30LB5CDZND4LCN3LOBJXRPOF1KQZ0W","A34QVV6QUHYMST","Rejected","Thu Oct 17 18:51:04 PDT 2019","Thu Oct 17 18:51:28 PDT 2019","Thu Oct 24 18:51:28 PDT 2019","","Thu Oct 17 19:11:49 PDT 2019","Sorry, you did not pass the hidden quality assurance test.","24","0% (0/1)","0% (0/1)","0% (0/1)","3","3","3","4","4"
"35NNO802AVPZF98PZBS8DMLEFI6INK","3KTTL66PWHEWHAEXOC1U8773KLQHVI","How natural (i.e. human-sounding) is this recording?","How natural (i.e. human-sounding) is this recording?","audio, naturalness, rating","$0.01","Thu Oct 17 18:49:23 PDT 2019","117","BatchId:3805321;OriginalHitTemplateId:928390811;","1800","604800","Thu Oct 24 18:49:23 PDT 2019","","","30LB5CDZND4LCN3LOBJXRPOF1LS0Z1","A2P7LKVCMHI1C5","Submitted","Thu Oct 17 21:50:15 PDT 2019","Thu Oct 17 21:53:23 PDT 2019","Thu Oct 24 21:53:23 PDT 2019","","","","188","0% (0/0)","0% (0/0)","0% (0/0)","4","4","2","2","4"
"35NNO802AVPZF98PZBS8DMLEFI6INK","3KTTL66PWHEWHAEXOC1U8773KLQHVI","How natural (i.e. human-sounding) is this recording?","How natural (i.e. human-sounding) is this recording?","audio, naturalness, rating","$0.01","Thu Oct 17 18:49:23 PDT 2019","117","BatchId:3805321;OriginalHitTemplateId:928390811;","1800","604800","Thu Oct 24 18:49:23 PDT 2019","","","3137ONMDKHZKCWNA6QUNR7ADKWTGEZ","A1SRJKD5QTAOM","Submitted","Thu Oct 17 22:44:15 PDT 2019","Thu Oct 17 22:45:47 PDT 2019","Thu Oct 24 22:45:47 PDT 2019","","","","92","0% (0/0)","0% (0/0)","0% (0/0)","5","4","1","1","4"
"35NNO802AVPZF98PZBS8DMLEFI6INK","3KTTL66PWHEWHAEXOC1U8773KLQHVI","How natural (i.e. human-sounding) is this recording?","How natural (i.e. human-sounding) is this recording?","audio, naturalness, rating","$0.01","Thu Oct 17 18:49:23 PDT 2019","117","BatchId:3805321;OriginalHitTemplateId:928390811;","1800","604800","Thu Oct 24 18:49:23 PDT 2019","","","31JLPPHS2VO5UBOB5PQZDPFIKSAO3H","AAO3E09KUF9ZB","Submitted","Thu Oct 17 19:20:02 PDT 2019","Thu Oct 17 19:21:15 PDT 2019","Thu Oct 24 19:21:15 PDT 2019","","","","73","0% (0/0)","0% (0/0)","0% (0/0)","4","4","1","1","3"
"35NNO802AVPZF98PZBS8DMLEFI6INK","3KTTL66PWHEWHAEXOC1U8773KLQHVI","How natural (i.e. human-sounding) is this recording?","How natural (i.e. human-sounding) is this recording?","audio, naturalness, rating","$0.01","Thu Oct 17 18:49:23 PDT 2019","117","BatchId:3805321;OriginalHitTemplateId:928390811;","1800","604800","Thu Oct 24 18:49:23 PDT 2019","","","31LM9EDVOMMYX4QO7VI9E7W2QF3JNL","A1KAIG31NKHNTU","Submitted","Thu Oct 17 20:48:01 PDT 2019","Thu Oct 17 20:49:09 PDT 2019","Thu Oct 24 20:49:09 PDT 2019","","","","68","0% (0/0)","0% (0/0)","0% (0/0)","4","4","1","1","3"
"35NNO802AVPZF98PZBS8DMLEFI6INK","3KTTL66PWHEWHAEXOC1U8773KLQHVI","How natural (i.e. human-sounding) is this recording?","How natural (i.e. human-sounding) is this recording?","audio, naturalness, rating","$0.01","Thu Oct 17 18:49:23 PDT 2019","117","BatchId:3805321;OriginalHitTemplateId:928390811;","1800","604800","Thu Oct 24 18:49:23 PDT 2019","","","31T4R4OBOTAMM5SVHWKYV6XH0I9C7D","A2VJXJEP3DRMN1","Submitted","Thu Oct 17 23:19:08 PDT 2019","Thu Oct 17 23:20:33 PDT 2019","Thu Oct 24 23:20:33 PDT 2019","","","","85","0% (0/0)","0% (0/0)","0% (0/0)","2","4","1","1","3"
"35NNO802AVPZF98PZBS8DMLEFI6INK","3KTTL66PWHEWHAEXOC1U8773KLQHVI","How natural (i.e. human-sounding) is this recording?","How natural (i.e. human-sounding) is this recording?","audio, naturalness, rating","$0.01","Thu Oct 17 18:49:23 PDT 2019","117","BatchId:3805321;OriginalHitTemplateId:928390811;","1800","604800","Thu Oct 24 18:49:23 PDT 2019","","","31UV0MXWNR6YC40CLD1N8PHGMF75IY","A366FRYRD1VU5D","Submitted","Thu Oct 17 20:10:13 PDT 2019","Thu Oct 17 20:12:01 PDT 2019","Thu Oct 24 20:12:01 PDT 2019","","","","108","0% (0/0)","0% (0/0)","0% (0/0)","5","4","1","1","5"
"35NNO802AVPZF98PZBS8DMLEFI6INK","3KTTL66PWHEWHAEXOC1U8773KLQHVI","How natural (i.e. human-sounding) is this recording?","How natural (i.e. human-sounding) is this recording?","audio, naturalness, rating","$0.01","Thu Oct 17 18:49:23 PDT 2019","117","BatchId:3805321;OriginalHitTemplateId:928390811;","1800","604800","Thu Oct 24 18:49:23 PDT 2019","","","31Z0PCVWUL938MU63IFOKGXLO207TE","APKO12PP5J5LW","Rejected","Thu Oct 17 21:16:49 PDT 2019","Thu Oct 17 21:18:07 PDT 2019","Thu Oct 24 21:18:07 PDT 2019","","Thu Oct 17 22:32:17 PDT 2019","Sorry, you didn't pass our hidden quality assurance tests.","78","0% (0/1)","0% (0/1)","0% (0/1)","5","5","5","3","1"
"35NNO802AVPZF98PZBS8DMLEFI6INK","3KTTL66PWHEWHAEXOC1U8773KLQHVI","How natural (i.e. human-sounding) is this recording?","How natural (i.e. human-sounding) is this recording?","audio, naturalness, rating","$0.01","Thu Oct 17 18:49:23 PDT 2019","117","BatchId:3805321;OriginalHitTemplateId:928390811;","1800","604800","Thu Oct 24 18:49:23 PDT 2019","","","32AT8R96GM34RXTNRQ39K3FJUUDSU6","A35289PPFCZDYD","Submitted","Thu Oct 17 20:58:42 PDT 2019","Thu Oct 17 20:59:28 PDT 2019","Thu Oct 24 20:59:28 PDT 2019","","","","46","0% (0/0)","0% (0/0)","0% (0/0)","4","3","1","1","2"
"35NNO802AVPZF98PZBS8DMLEFI6INK","3KTTL66PWHEWHAEXOC1U8773KLQHVI","How natural (i.e. human-sounding) is this recording?","How natural (i.e. human-sounding) is this recording?","audio, naturalness, rating","$0.01","Thu Oct 17 18:49:23 PDT 2019","117","BatchId:3805321;OriginalHitTemplateId:928390811;","1800","604800","Thu Oct 24 18:49:23 PDT 2019","","","32Q90QCQ1TFPEIJTWHF2PZ26RCCEK0","A38R689MVZST8Q","Submitted","Thu Oct 17 21:15:41 PDT 2019","Thu Oct 17 21:17:48 PDT 2019","Thu Oct 24 21:17:48 PDT 2019","","","","127","100% (2/2)","0% (0/0)","0% (0/0)","3","4","1","1","3"
"35NNO802AVPZF98PZBS8DMLEFI6INK","3KTTL66PWHEWHAEXOC1U8773KLQHVI","How natural (i.e. human-sounding) is this recording?","How natural (i.e. human-sounding) is this recording?","audio, naturalness, rating","$0.01","Thu Oct 17 18:49:23 PDT 2019","117","BatchId:3805321;OriginalHitTemplateId:928390811;","1800","604800","Thu Oct 24 18:49:23 PDT 2019","","","32XVDSJFP0RS9Q7GO9XH2BLLJE0M2U","A4H1NYJVE7C53","Submitted","Thu Oct 17 20:15:38 PDT 2019","Thu Oct 17 20:17:03 PDT 2019","Thu Oct 24 20:17:03 PDT 2019","","","","85","0% (0/0)","0% (0/0)","0% (0/0)","4","5","1","2","5"
"35NNO802AVPZF98PZBS8DMLEFI6INK","3KTTL66PWHEWHAEXOC1U8773KLQHVI","How natural (i.e. human-sounding) is this recording?","How natural (i.e. human-sounding) is this recording?","audio, naturalness, rating","$0.01","Thu Oct 17 18:49:23 PDT 2019","117","BatchId:3805321;OriginalHitTemplateId:928390811;","1800","604800","Thu Oct 24 18:49:23 PDT 2019","","","32XVDSJFP0RS9Q7GO9XH2BLLJET2M3","A1V9X368F377QX","Submitted","Thu Oct 17 18:52:55 PDT 2019","Thu Oct 17 18:54:00 PDT 2019","Thu Oct 24 18:54:00 PDT 2019","","","","65","0% (0/0)","0% (0/0)","0% (0/0)","5","4","1","1","4"
"35NNO802AVPZF98PZBS8DMLEFI6INK","3KTTL66PWHEWHAEXOC1U8773KLQHVI","How natural (i.e. human-sounding) is this recording?","How natural (i.e. human-sounding) is this recording?","audio, naturalness, rating","$0.01","Thu Oct 17 18:49:23 PDT 2019","117","BatchId:3805321;OriginalHitTemplateId:928390811;","1800","604800","Thu Oct 24 18:49:23 PDT 2019","","","32Z9ZLUT1MEKOJVAKAF1HJGS3XQOHM","A1ZJL7Q3MPFYJB","Rejected","Thu Oct 17 18:59:36 PDT 2019","Thu Oct 17 19:00:55 PDT 2019","Thu Oct 24 19:00:55 PDT 2019","","Thu Oct 17 20:13:28 PDT 2019","Sorry, you didn't pass our hidden quality assurance tests.","79","0% (0/1)","0% (0/1)","0% (0/1)","5","5","2","2","1"
"35NNO802AVPZF98PZBS8DMLEFI6INK","3KTTL66PWHEWHAEXOC1U8773KLQHVI","How natural (i.e. human-sounding) is this recording?","How natural (i.e. human-sounding) is this recording?","audio, naturalness, rating","$0.01","Thu Oct 17 18:49:23 PDT 2019","117","BatchId:3805321;OriginalHitTemplateId:928390811;","1800","604800","Thu Oct 24 18:49:23 PDT 2019","","","32Z9ZLUT1MEKOJVAKAF1HJGS3XSHOH","A1N12JHHZ181M0","Submitted","Thu Oct 17 19:21:43 PDT 2019","Thu Oct 17 19:22:26 PDT 2019","Thu Oct 24 19:22:26 PDT 2019","","","","43","0% (0/0)","0% (0/0)","0% (0/0)","5","3","2","2","3"
"35NNO802AVPZF98PZBS8DMLEFI6INK","3KTTL66PWHEWHAEXOC1U8773KLQHVI","How natural (i.e. human-sounding) is this recording?","How natural (i.e. human-sounding) is this recording?","audio, naturalness, rating","$0.01","Thu Oct 17 18:49:23 PDT 2019","117","BatchId:3805321;OriginalHitTemplateId:928390811;","1800","604800","Thu Oct 24 18:49:23 PDT 2019","","","336KAV9KYRMS37WU7CLSW68SSOX2YJ","A2I3IKOIW77XXJ","Submitted","Thu Oct 17 21:19:48 PDT 2019","Thu Oct 17 21:20:23 PDT 2019","Thu Oct 24 21:20:23 PDT 2019","","","","35","0% (0/0)","0% (0/0)","0% (0/0)","5","5","1","1","5"
"35NNO802AVPZF98PZBS8DMLEFI6INK","3KTTL66PWHEWHAEXOC1U8773KLQHVI","How natural (i.e. human-sounding) is this recording?","How natural (i.e. human-sounding) is this recording?","audio, naturalness, rating","$0.01","Thu Oct 17 18:49:23 PDT 2019","117","BatchId:3805321;OriginalHitTemplateId:928390811;","1800","604800","Thu Oct 24 18:49:23 PDT 2019","","","33FBRBDW6PTQMJXER1C496TCB2NC88","A3A7YB1CWKO41V","Submitted","Thu Oct 17 23:49:22 PDT 2019","Thu Oct 17 23:52:14 PDT 2019","Thu Oct 24 23:52:14 PDT 2019","","","","172","0% (0/0)","0% (0/0)","0% (0/0)","5","5","2","2","4"
"35NNO802AVPZF98PZBS8DMLEFI6INK","3KTTL66PWHEWHAEXOC1U8773KLQHVI","How natural (i.e. human-sounding) is this recording?","How natural (i.e. human-sounding) is this recording?","audio, naturalness, rating","$0.01","Thu Oct 17 18:49:23 PDT 2019","117","BatchId:3805321;OriginalHitTemplateId:928390811;","1800","604800","Thu Oct 24 18:49:23 PDT 2019","","","33PPO7FECW9TGHF50JJ66158ZWBDIK","A1ESKJFDQUMBL4","Submitted","Thu Oct 17 20:45:45 PDT 2019","Thu Oct 17 20:48:22 PDT 2019","Thu Oct 24 20:48:22 PDT 2019","","","","157","100% (29/29)","0% (0/0)","0% (0/0)","5","5","1","1","5"
"35NNO802AVPZF98PZBS8DMLEFI6INK","3KTTL66PWHEWHAEXOC1U8773KLQHVI","How natural (i.e. human-sounding) is this recording?","How natural (i.e. human-sounding) is this recording?","audio, naturalness, rating","$0.01","Thu Oct 17 18:49:23 PDT 2019","117","BatchId:3805321;OriginalHitTemplateId:928390811;","1800","604800","Thu Oct 24 18:49:23 PDT 2019","","","340UGXU9DZVKJPARLL8EVQZQTYWUV2","AJ02LB3WXMMY4","Submitted","Thu Oct 17 20:16:39 PDT 2019","Thu Oct 17 20:17:16 PDT 2019","Thu Oct 24 20:17:16 PDT 2019","","","","37","0% (0/0)","0% (0/0)","0% (0/0)","5","4","1","1","4"
"35NNO802AVPZF98PZBS8DMLEFI6INK","3KTTL66PWHEWHAEXOC1U8773KLQHVI","How natural (i.e. human-sounding) is this recording?","How natural (i.e. human-sounding) is this recording?","audio, naturalness, rating","$0.01","Thu Oct 17 18:49:23 PDT 2019","117","BatchId:3805321;OriginalHitTemplateId:928390811;","1800","604800","Thu Oct 24 18:49:23 PDT 2019","","","34PGFRQONP5OKYZ2ZW9WAQ9TJSWWJG","A1KHJ8MO94KGI6","Rejected","Thu Oct 17 21:58:40 PDT 2019","Thu Oct 17 21:59:04 PDT 2019","Thu Oct 24 21:59:04 PDT 2019","","Thu Oct 17 22:32:18 PDT 2019","Sorry, you didn't pass our hidden quality assurance tests.","24","0% (0/1)","0% (0/1)","0% (0/1)","1","3","1","1","1"
"35NNO802AVPZF98PZBS8DMLEFI6INK","3KTTL66PWHEWHAEXOC1U8773KLQHVI","How natural (i.e. human-sounding) is this recording?","How natural (i.e. human-sounding) is this recording?","audio, naturalness, rating","$0.01","Thu Oct 17 18:49:23 PDT 2019","117","BatchId:3805321;OriginalHitTemplateId:928390811;","1800","604800","Thu Oct 24 18:49:23 PDT 2019","","","34Q075JO1Y7OHRIDG0A5ZV43O5G01B","AJRNZRCS2BACU","Submitted","Thu Oct 17 19:13:48 PDT 2019","Thu Oct 17 19:15:29 PDT 2019","Thu Oct 24 19:15:29 PDT 2019","","","","101","0% (0/0)","0% (0/0)","0% (0/0)","5","5","1","1","5"
"35NNO802AVPZF98PZBS8DMLEFI6INK","3KTTL66PWHEWHAEXOC1U8773KLQHVI","How natural (i.e. human-sounding) is this recording?","How natural (i.e. human-sounding) is this recording?","audio, naturalness, rating","$0.01","Thu Oct 17 18:49:23 PDT 2019","117","BatchId:3805321;OriginalHitTemplateId:928390811;","1800","604800","Thu Oct 24 18:49:23 PDT 2019","","","34S6N1K2ZWDCIYSD7IZ9P2CY8SLLH2","A1TXOZQU1O4F0N","Submitted","Thu Oct 17 18:58:08 PDT 2019","Thu Oct 17 19:01:12 PDT 2019","Thu Oct 24 19:01:12 PDT 2019","","","","184","100% (39/39)","0% (0/0)","0% (0/0)","5","4","1","1","4"
"35NNO802AVPZF98PZBS8DMLEFI6INK","3KTTL66PWHEWHAEXOC1U8773KLQHVI","How natural (i.e. human-sounding) is this recording?","How natural (i.e. human-sounding) is this recording?","audio, naturalness, rating","$0.01","Thu Oct 17 18:49:23 PDT 2019","117","BatchId:3805321;OriginalHitTemplateId:928390811;","1800","604800","Thu Oct 24 18:49:23 PDT 2019","","","34S9DKFK74JOSTLNTVJCOUBQ3JLNYS","A3JC5R5HMP1XSA","Submitted","Thu Oct 17 21:12:17 PDT 2019","Thu Oct 17 21:34:53 PDT 2019","Thu Oct 24 21:34:53 PDT 2019","","","","1356","0% (0/0)","0% (0/0)","0% (0/0)","3","4","2","2","4"
"35NNO802AVPZF98PZBS8DMLEFI6INK","3KTTL66PWHEWHAEXOC1U8773KLQHVI","How natural (i.e. human-sounding) is this recording?","How natural (i.e. human-sounding) is this recording?","audio, naturalness, rating","$0.01","Thu Oct 17 18:49:23 PDT 2019","117","BatchId:3805321;OriginalHitTemplateId:928390811;","1800","604800","Thu Oct 24 18:49:23 PDT 2019","","","34Z02EIMIT7PQBUMIJUF51NYGP80TN","A3RD75HSSMVHKM","Submitted","Thu Oct 17 21:55:25 PDT 2019","Thu Oct 17 21:56:43 PDT 2019","Thu Oct 24 21:56:43 PDT 2019","","","","78","0% (0/0)","0% (0/0)","0% (0/0)","2","3","1","1","4"
"35NNO802AVPZF98PZBS8DMLEFI6INK","3KTTL66PWHEWHAEXOC1U8773KLQHVI","How natural (i.e. human-sounding) is this recording?","How natural (i.e. human-sounding) is this recording?","audio, naturalness, rating","$0.01","Thu Oct 17 18:49:23 PDT 2019","117","BatchId:3805321;OriginalHitTemplateId:928390811;","1800","604800","Thu Oct 24 18:49:23 PDT 2019","","","354GIDR5ZC0OA2XVKH65LQLTJDF00D","A3SORYB64K19M4","Rejected","Thu Oct 17 20:09:50 PDT 2019","Thu Oct 17 20:11:44 PDT 2019","Thu Oct 24 20:11:44 PDT 2019","","Thu Oct 17 22:32:18 PDT 2019","Sorry, you didn't pass our hidden quality assurance tests.","114","0% (0/1)","0% (0/1)","0% (0/1)","3","3","3","4","4"
"35NNO802AVPZF98PZBS8DMLEFI6INK","3KTTL66PWHEWHAEXOC1U8773KLQHVI","How natural (i.e. human-sounding) is this recording?","How natural (i.e. human-sounding) is this recording?","audio, naturalness, rating","$0.01","Thu Oct 17 18:49:23 PDT 2019","117","BatchId:3805321;OriginalHitTemplateId:928390811;","1800","604800","Thu Oct 24 18:49:23 PDT 2019","","","35L9RVQFCPCF1OF7GWRAGP8HLJFHUT","A1WGNNEM64YWIZ","Submitted","Thu Oct 17 19:12:10 PDT 2019","Thu Oct 17 19:12:26 PDT 2019","Thu Oct 24 19:12:26 PDT 2019","","","","16","100% (3/3)","100% (1/1)","100% (1/1)","5","5","1","1","4"
"35NNO802AVPZF98PZBS8DMLEFI6INK","3KTTL66PWHEWHAEXOC1U8773KLQHVI","How natural (i.e. human-sounding) is this recording?","How natural (i.e. human-sounding) is this recording?","audio, naturalness, rating","$0.01","Thu Oct 17 18:49:23 PDT 2019","117","BatchId:3805321;OriginalHitTemplateId:928390811;","1800","604800","Thu Oct 24 18:49:23 PDT 2019","","","369J354OFE4GZHUV08BPFJI03XEG6L","ABOZM7369UF24","Submitted","Thu Oct 17 21:35:20 PDT 2019","Thu Oct 17 21:36:59 PDT 2019","Thu Oct 24 21:36:59 PDT 2019","","","","99","0% (0/0)","0% (0/0)","0% (0/0)","5","5","1","1","5"
"35NNO802AVPZF98PZBS8DMLEFI6INK","3KTTL66PWHEWHAEXOC1U8773KLQHVI","How natural (i.e. human-sounding) is this recording?","How natural (i.e. human-sounding) is this recording?","audio, naturalness, rating","$0.01","Thu Oct 17 18:49:23 PDT 2019","117","BatchId:3805321;OriginalHitTemplateId:928390811;","1800","604800","Thu Oct 24 18:49:23 PDT 2019","","","36NEMU28XG7EL65N2TMOQI1ANM4MWN","AAAIZU66Q9K7G","Submitted","Thu Oct 17 22:27:36 PDT 2019","Thu Oct 17 22:28:37 PDT 2019","Thu Oct 24 22:28:37 PDT 2019","","","","61","0% (0/0)","0% (0/0)","0% (0/0)","5","5","1","1","5"
"35NNO802AVPZF98PZBS8DMLEFI6INK","3KTTL66PWHEWHAEXOC1U8773KLQHVI","How natural (i.e. human-sounding) is this recording?","How natural (i.e. human-sounding) is this recording?","audio, naturalness, rating","$0.01","Thu Oct 17 18:49:23 PDT 2019","117","BatchId:3805321;OriginalHitTemplateId:928390811;","1800","604800","Thu Oct 24 18:49:23 PDT 2019","","","36PW28KO40QJ25A7KQ2DVLZAM00EA3","A3AYHESLQSDY5T","Submitted","Thu Oct 17 20:05:35 PDT 2019","Thu Oct 17 20:06:34 PDT 2019","Thu Oct 24 20:06:34 PDT 2019","","","","59","0% (0/0)","0% (0/0)","0% (0/0)","5","4","1","1","4"
"35NNO802AVPZF98PZBS8DMLEFI6INK","3KTTL66PWHEWHAEXOC1U8773KLQHVI","How natural (i.e. human-sounding) is this recording?","How natural (i.e. human-sounding) is this recording?","audio, naturalness, rating","$0.01","Thu Oct 17 18:49:23 PDT 2019","117","BatchId:3805321;OriginalHitTemplateId:928390811;","1800","604800","Thu Oct 24 18:49:23 PDT 2019","","","373ERPL3YP2DQ5ELCWDUPXOLPE9TRE","A20GO22Z8XIXRU","Submitted","Thu Oct 17 19:44:27 PDT 2019","Thu Oct 17 19:45:09 PDT 2019","Thu Oct 24 19:45:09 PDT 2019","","","","42","0% (0/0)","0% (0/0)","0% (0/0)","5","5","1","1","5"
"35NNO802AVPZF98PZBS8DMLEFI6INK","3KTTL66PWHEWHAEXOC1U8773KLQHVI","How natural (i.e. human-sounding) is this recording?","How natural (i.e. human-sounding) is this recording?","audio, naturalness, rating","$0.01","Thu Oct 17 18:49:23 PDT 2019","117","BatchId:3805321;OriginalHitTemplateId:928390811;","1800","604800","Thu Oct 24 18:49:23 PDT 2019","","","37M28K1J0R7RDLWZYRD4S1C2R8TAJH","A2N887KY7OGA4C","Submitted","Thu Oct 17 19:28:29 PDT 2019","Thu Oct 17 19:30:30 PDT 2019","Thu Oct 24 19:30:30 PDT 2019","","","","121","0% (0/0)","0% (0/0)","0% (0/0)","4","4","1","1","4"
"35NNO802AVPZF98PZBS8DMLEFI6INK","3KTTL66PWHEWHAEXOC1U8773KLQHVI","How natural (i.e. human-sounding) is this recording?","How natural (i.e. human-sounding) is this recording?","audio, naturalness, rating","$0.01","Thu Oct 17 18:49:23 PDT 2019","117","BatchId:3805321;OriginalHitTemplateId:928390811;","1800","604800","Thu Oct 24 18:49:23 PDT 2019","","","37M28K1J0R7RDLWZYRD4S1C2RAZJA0","A1NL9UGIN9BVS9","Submitted","Fri Oct 18 00:00:06 PDT 2019","Fri Oct 18 00:01:03 PDT 2019","Fri Oct 25 00:01:03 PDT 2019","","","","57","0% (0/0)","0% (0/0)","0% (0/0)","5","5","1","1","5"
"35NNO802AVPZF98PZBS8DMLEFI6INK","3KTTL66PWHEWHAEXOC1U8773KLQHVI","How natural (i.e. human-sounding) is this recording?","How natural (i.e. human-sounding) is this recording?","audio, naturalness, rating","$0.01","Thu Oct 17 18:49:23 PDT 2019","117","BatchId:3805321;OriginalHitTemplateId:928390811;","1800","604800","Thu Oct 24 18:49:23 PDT 2019","","","37ZHEEHM6XGY95WCO39X23TNU33379","A28QUR0QYD2WI7","Submitted","Thu Oct 17 19:48:04 PDT 2019","Thu Oct 17 19:49:41 PDT 2019","Thu Oct 24 19:49:41 PDT 2019","","","","97","0% (0/0)","0% (0/0)","0% (0/0)","5","5","1","1","5"
"35NNO802AVPZF98PZBS8DMLEFI6INK","3KTTL66PWHEWHAEXOC1U8773KLQHVI","How natural (i.e. human-sounding) is this recording?","How natural (i.e. human-sounding) is this recording?","audio, naturalness, rating","$0.01","Thu Oct 17 18:49:23 PDT 2019","117","BatchId:3805321;OriginalHitTemplateId:928390811;","1800","604800","Thu Oct 24 18:49:23 PDT 2019","","","386CSBG1O0G7C6O934G19XM29KO6Q7","A8N1MZZ8GZEAV","Submitted","Thu Oct 17 21:38:22 PDT 2019","Thu Oct 17 21:39:46 PDT 2019","Thu Oct 24 21:39:46 PDT 2019","","","","84","0% (0/0)","0% (0/0)","0% (0/0)","5","4","2","2","4"
"35NNO802AVPZF98PZBS8DMLEFI6INK","3KTTL66PWHEWHAEXOC1U8773KLQHVI","How natural (i.e. human-sounding) is this recording?","How natural (i.e. human-sounding) is this recording?","audio, naturalness, rating","$0.01","Thu Oct 17 18:49:23 PDT 2019","117","BatchId:3805321;OriginalHitTemplateId:928390811;","1800","604800","Thu Oct 24 18:49:23 PDT 2019","","","38BQUHLA9XU6GXWLB7VE9OOOKJOMOS","AFKYO1HML5XAP","Submitted","Thu Oct 17 18:50:51 PDT 2019","Thu Oct 17 18:51:47 PDT 2019","Thu Oct 24 18:51:47 PDT 2019","","","","56","0% (0/0)","0% (0/0)","0% (0/0)","5","4","2","2","4"
"35NNO802AVPZF98PZBS8DMLEFI6INK","3KTTL66PWHEWHAEXOC1U8773KLQHVI","How natural (i.e. human-sounding) is this recording?","How natural (i.e. human-sounding) is this recording?","audio, naturalness, rating","$0.01","Thu Oct 17 18:49:23 PDT 2019","117","BatchId:3805321;OriginalHitTemplateId:928390811;","1800","604800","Thu Oct 24 18:49:23 PDT 2019","","","38SKSKU7R2RCET3XD0HUPEDD85GIL8","A2WX227WZ2TRZF","Submitted","Thu Oct 17 20:54:07 PDT 2019","Thu Oct 17 20:54:51 PDT 2019","Thu Oct 24 20:54:51 PDT 2019","","","","44","0% (0/0)","0% (0/0)","0% (0/0)","5","5","1","1","5"
"35NNO802AVPZF98PZBS8DMLEFI6INK","3KTTL66PWHEWHAEXOC1U8773KLQHVI","How natural (i.e. human-sounding) is this recording?","How natural (i.e. human-sounding) is this recording?","audio, naturalness, rating","$0.01","Thu Oct 17 18:49:23 PDT 2019","117","BatchId:3805321;OriginalHitTemplateId:928390811;","1800","604800","Thu Oct 24 18:49:23 PDT 2019","","","38YMOXR4MVTCW3KVFDF71M4OXMRW6P","A4LZANILQMJDG","Submitted","Thu Oct 17 22:35:03 PDT 2019","Thu Oct 17 22:36:15 PDT 2019","Thu Oct 24 22:36:15 PDT 2019","","","","72","0% (0/0)","0% (0/0)","0% (0/0)","5","4","1","1","5"
"35NNO802AVPZF98PZBS8DMLEFI6INK","3KTTL66PWHEWHAEXOC1U8773KLQHVI","How natural (i.e. human-sounding) is this recording?","How natural (i.e. human-sounding) is this recording?","audio, naturalness, rating","$0.01","Thu Oct 17 18:49:23 PDT 2019","117","BatchId:3805321;OriginalHitTemplateId:928390811;","1800","604800","Thu Oct 24 18:49:23 PDT 2019","","","39O5D9O87UM4LMR8FKH8IPL1VESC39","AK2LBL2FMDPK6","Submitted","Thu Oct 17 19:33:47 PDT 2019","Thu Oct 17 19:34:55 PDT 2019","Thu Oct 24 19:34:55 PDT 2019","","","","68","0% (0/0)","0% (0/0)","0% (0/0)","5","4","1","1","3"
"35NNO802AVPZF98PZBS8DMLEFI6INK","3KTTL66PWHEWHAEXOC1U8773KLQHVI","How natural (i.e. human-sounding) is this recording?","How natural (i.e. human-sounding) is this recording?","audio, naturalness, rating","$0.01","Thu Oct 17 18:49:23 PDT 2019","117","BatchId:3805321;OriginalHitTemplateId:928390811;","1800","604800","Thu Oct 24 18:49:23 PDT 2019","","","39U1BHVTDMLL73TJ16CY7ZL5J2OT39","AN4LGL36CS4P0","Submitted","Thu Oct 17 23:24:07 PDT 2019","Thu Oct 17 23:24:53 PDT 2019","Thu Oct 24 23:24:53 PDT 2019","","","","46","0% (0/0)","0% (0/0)","0% (0/0)","5","4","1","1","3"
"35NNO802AVPZF98PZBS8DMLEFI6INK","3KTTL66PWHEWHAEXOC1U8773KLQHVI","How natural (i.e. human-sounding) is this recording?","How natural (i.e. human-sounding) is this recording?","audio, naturalness, rating","$0.01","Thu Oct 17 18:49:23 PDT 2019","117","BatchId:3805321;OriginalHitTemplateId:928390811;","1800","604800","Thu Oct 24 18:49:23 PDT 2019","","","3A0EX8ZRN9IMRKWQQ5E3XZBWMUJYBQ","A1LFKPNCX23XN6","Rejected","Thu Oct 17 18:55:19 PDT 2019","Thu Oct 17 18:56:04 PDT 2019","Thu Oct 24 18:56:04 PDT 2019","","Thu Oct 17 20:13:29 PDT 2019","Sorry, you didn't pass our hidden quality assurance tests.","45","0% (0/1)","0% (0/1)","0% (0/1)","5","5","1","1","1"
"35NNO802AVPZF98PZBS8DMLEFI6INK","3KTTL66PWHEWHAEXOC1U8773KLQHVI","How natural (i.e. human-sounding) is this recording?","How natural (i.e. human-sounding) is this recording?","audio, naturalness, rating","$0.01","Thu Oct 17 18:49:23 PDT 2019","117","BatchId:3805321;OriginalHitTemplateId:928390811;","1800","604800","Thu Oct 24 18:49:23 PDT 2019","","","3BEFOD78W7N2C4M3SNG5VQIJ3SXM4R","A1POBG27PTO9DX","Submitted","Thu Oct 17 20:21:44 PDT 2019","Thu Oct 17 20:23:20 PDT 2019","Thu Oct 24 20:23:20 PDT 2019","","","","96","0% (0/0)","0% (0/0)","0% (0/0)","5","5","2","2","5"
"35NNO802AVPZF98PZBS8DMLEFI6INK","3KTTL66PWHEWHAEXOC1U8773KLQHVI","How natural (i.e. human-sounding) is this recording?","How natural (i.e. human-sounding) is this recording?","audio, naturalness, rating","$0.01","Thu Oct 17 18:49:23 PDT 2019","117","BatchId:3805321;OriginalHitTemplateId:928390811;","1800","604800","Thu Oct 24 18:49:23 PDT 2019","","","3BGYGHDBBYE22M3NEREXN27ND9O22O","A1RLVI0S6MZYM0","Submitted","Thu Oct 17 20:41:34 PDT 2019","Thu Oct 17 20:42:47 PDT 2019","Thu Oct 24 20:42:47 PDT 2019","","","","73","0% (0/0)","0% (0/0)","0% (0/0)","4","4","1","1","4"
"35NNO802AVPZF98PZBS8DMLEFI6INK","3KTTL66PWHEWHAEXOC1U8773KLQHVI","How natural (i.e. human-sounding) is this recording?","How natural (i.e. human-sounding) is this recording?","audio, naturalness, rating","$0.01","Thu Oct 17 18:49:23 PDT 2019","117","BatchId:3805321;OriginalHitTemplateId:928390811;","1800","604800","Thu Oct 24 18:49:23 PDT 2019","","","3C8HJ7UOP8OIF1ASDG6VPMVS4N0MZ3","A9E9Y0LEAYO4V","Submitted","Thu Oct 17 20:22:35 PDT 2019","Thu Oct 17 20:23:34 PDT 2019","Thu Oct 24 20:23:34 PDT 2019","","","","59","0% (0/0)","0% (0/0)","0% (0/0)","5","5","1","1","5"
"35NNO802AVPZF98PZBS8DMLEFI6INK","3KTTL66PWHEWHAEXOC1U8773KLQHVI","How natural (i.e. human-sounding) is this recording?","How natural (i.e. human-sounding) is this recording?","audio, naturalness, rating","$0.01","Thu Oct 17 18:49:23 PDT 2019","117","BatchId:3805321;OriginalHitTemplateId:928390811;","1800","604800","Thu Oct 24 18:49:23 PDT 2019","","","3COPXFW7XC6TB98J5VVDJB1A5LZPKL","A1EOPEG6RHXO1V","Submitted","Fri Oct 18 00:01:42 PDT 2019","Fri Oct 18 00:03:55 PDT 2019","Fri Oct 25 00:03:55 PDT 2019","","","","133","0% (0/0)","0% (0/0)","0% (0/0)","4","3","1","1","3"
"35NNO802AVPZF98PZBS8DMLEFI6INK","3KTTL66PWHEWHAEXOC1U8773KLQHVI","How natural (i.e. human-sounding) is this recording?","How natural (i.e. human-sounding) is this recording?","audio, naturalness, rating","$0.01","Thu Oct 17 18:49:23 PDT 2019","117","BatchId:3805321;OriginalHitTemplateId:928390811;","1800","604800","Thu Oct 24 18:49:23 PDT 2019","","","3CP1TO84PUVU1JMAWAGVL9AZXK652L","A3PGUPNMOU5BPW","Submitted","Thu Oct 17 21:56:06 PDT 2019","Thu Oct 17 21:56:47 PDT 2019","Thu Oct 24 21:56:47 PDT 2019","","","","41","0% (0/0)","0% (0/0)","0% (0/0)","4","4","1","1","4"
"35NNO802AVPZF98PZBS8DMLEFI6INK","3KTTL66PWHEWHAEXOC1U8773KLQHVI","How natural (i.e. human-sounding) is this recording?","How natural (i.e. human-sounding) is this recording?","audio, naturalness, rating","$0.01","Thu Oct 17 18:49:23 PDT 2019","117","BatchId:3805321;OriginalHitTemplateId:928390811;","1800","604800","Thu Oct 24 18:49:23 PDT 2019","","","3CP1TO84PUVU1JMAWAGVL9AZXKN522","A17QF5D4TKE975","Submitted","Thu Oct 17 22:38:14 PDT 2019","Thu Oct 17 22:41:45 PDT 2019","Thu Oct 24 22:41:45 PDT 2019","","","","211","0% (0/0)","0% (0/0)","0% (0/0)","5","3","2","2","4"
"35NNO802AVPZF98PZBS8DMLEFI6INK","3KTTL66PWHEWHAEXOC1U8773KLQHVI","How natural (i.e. human-sounding) is this recording?","How natural (i.e. human-sounding) is this recording?","audio, naturalness, rating","$0.01","Thu Oct 17 18:49:23 PDT 2019","117","BatchId:3805321;OriginalHitTemplateId:928390811;","1800","604800","Thu Oct 24 18:49:23 PDT 2019","","","3DBQWDE4Y7SQQ5B3ITEFDXDX8FG5NV","A1WBP12UCFJLUL","Submitted","Thu Oct 17 22:43:56 PDT 2019","Thu Oct 17 22:45:07 PDT 2019","Thu Oct 24 22:45:07 PDT 2019","","","","71","0% (0/0)","0% (0/0)","0% (0/0)","5","4","1","1","4"
"35NNO802AVPZF98PZBS8DMLEFI6INK","3KTTL66PWHEWHAEXOC1U8773KLQHVI","How natural (i.e. human-sounding) is this recording?","How natural (i.e. human-sounding) is this recording?","audio, naturalness, rating","$0.01","Thu Oct 17 18:49:23 PDT 2019","117","BatchId:3805321;OriginalHitTemplateId:928390811;","1800","604800","Thu Oct 24 18:49:23 PDT 2019","","","3DL65MZB8E97VK7544Y41GPYM4PCE9","A18H3EK547GHD4","Submitted","Thu Oct 17 22:12:34 PDT 2019","Thu Oct 17 22:14:20 PDT 2019","Thu Oct 24 22:14:20 PDT 2019","","","","106","0% (0/0)","0% (0/0)","0% (0/0)","5","5","2","2","5"
"35NNO802AVPZF98PZBS8DMLEFI6INK","3KTTL66PWHEWHAEXOC1U8773KLQHVI","How natural (i.e. human-sounding) is this recording?","How natural (i.e. human-sounding) is this recording?","audio, naturalness, rating","$0.01","Thu Oct 17 18:49:23 PDT 2019","117","BatchId:3805321;OriginalHitTemplateId:928390811;","1800","604800","Thu Oct 24 18:49:23 PDT 2019","","","3DPNQGW4LM90N11B579O6ULXDSH46Y","A2IFY1VD0GIAUA","Submitted","Thu Oct 17 20:12:25 PDT 2019","Thu Oct 17 20:13:25 PDT 2019","Thu Oct 24 20:13:25 PDT 2019","","","","60","0% (0/0)","0% (0/0)","0% (0/0)","5","3","1","1","5"
"35NNO802AVPZF98PZBS8DMLEFI6INK","3KTTL66PWHEWHAEXOC1U8773KLQHVI","How natural (i.e. human-sounding) is this recording?","How natural (i.e. human-sounding) is this recording?","audio, naturalness, rating","$0.01","Thu Oct 17 18:49:23 PDT 2019","117","BatchId:3805321;OriginalHitTemplateId:928390811;","1800","604800","Thu Oct 24 18:49:23 PDT 2019","","","3DUZQ9U6SNI44CINWGDEGPH2829SVK","A714FAI9LIUO6","Submitted","Thu Oct 17 22:01:45 PDT 2019","Thu Oct 17 22:03:04 PDT 2019","Thu Oct 24 22:03:04 PDT 2019","","","","79","0% (0/0)","0% (0/0)","0% (0/0)","4","4","2","2","3"
"35NNO802AVPZF98PZBS8DMLEFI6INK","3KTTL66PWHEWHAEXOC1U8773KLQHVI","How natural (i.e. human-sounding) is this recording?","How natural (i.e. human-sounding) is this recording?","audio, naturalness, rating","$0.01","Thu Oct 17 18:49:23 PDT 2019","117","BatchId:3805321;OriginalHitTemplateId:928390811;","1800","604800","Thu Oct 24 18:49:23 PDT 2019","","","3DYGAII7PM2FMC6EI0FAFXDJ4QGQP1","ALH8Y1TBH1ML3","Submitted","Thu Oct 17 21:45:45 PDT 2019","Thu Oct 17 21:49:27 PDT 2019","Thu Oct 24 21:49:27 PDT 2019","","","","222","0% (0/0)","0% (0/0)","0% (0/0)","5","5","1","1","5"
"35NNO802AVPZF98PZBS8DMLEFI6INK","3KTTL66PWHEWHAEXOC1U8773KLQHVI","How natural (i.e. human-sounding) is this recording?","How natural (i.e. human-sounding) is this recording?","audio, naturalness, rating","$0.01","Thu Oct 17 18:49:23 PDT 2019","117","BatchId:3805321;OriginalHitTemplateId:928390811;","1800","604800","Thu Oct 24 18:49:23 PDT 2019","","","3EJPLAJKENAGQYP0Q0ZE0QY6ENF6Z7","ACEJTTH65ZRQE","Submitted","Thu Oct 17 19:19:48 PDT 2019","Thu Oct 17 19:22:08 PDT 2019","Thu Oct 24 19:22:08 PDT 2019","","","","140","0% (0/0)","0% (0/0)","0% (0/0)","5","5","1","1","4"
"35NNO802AVPZF98PZBS8DMLEFI6INK","3KTTL66PWHEWHAEXOC1U8773KLQHVI","How natural (i.e. human-sounding) is this recording?","How natural (i.e. human-sounding) is this recording?","audio, naturalness, rating","$0.01","Thu Oct 17 18:49:23 PDT 2019","117","BatchId:3805321;OriginalHitTemplateId:928390811;","1800","604800","Thu Oct 24 18:49:23 PDT 2019","","","3F0BG9B9MQHZP8T0DO2NSXP03447YP","A2UOXPGIFCS2ML","Submitted","Thu Oct 17 20:39:22 PDT 2019","Thu Oct 17 20:40:44 PDT 2019","Thu Oct 24 20:40:44 PDT 2019","","","","82","0% (0/0)","0% (0/0)","0% (0/0)","5","5","1","1","5"
"35NNO802AVPZF98PZBS8DMLEFI6INK","3KTTL66PWHEWHAEXOC1U8773KLQHVI","How natural (i.e. human-sounding) is this recording?","How natural (i.e. human-sounding) is this recording?","audio, naturalness, rating","$0.01","Thu Oct 17 18:49:23 PDT 2019","117","BatchId:3805321;OriginalHitTemplateId:928390811;","1800","604800","Thu Oct 24 18:49:23 PDT 2019","","","3FDJT1UU752PIZQ0LGMZL5WTEJOK5G","A9KD9F0TKU1EA","Submitted","Thu Oct 17 18:50:17 PDT 2019","Thu Oct 17 18:51:51 PDT 2019","Thu Oct 24 18:51:51 PDT 2019","","","","94","0% (0/0)","0% (0/0)","0% (0/0)","5","5","1","1","5"
"35NNO802AVPZF98PZBS8DMLEFI6INK","3KTTL66PWHEWHAEXOC1U8773KLQHVI","How natural (i.e. human-sounding) is this recording?","How natural (i.e. human-sounding) is this recording?","audio, naturalness, rating","$0.01","Thu Oct 17 18:49:23 PDT 2019","117","BatchId:3805321;OriginalHitTemplateId:928390811;","1800","604800","Thu Oct 24 18:49:23 PDT 2019","","","3FE2ERCCZY2C10TY3NN6QSIJPOZOPQ","A2AVEDMU2IZ47L","Rejected","Thu Oct 17 18:49:43 PDT 2019","Thu Oct 17 18:51:05 PDT 2019","Thu Oct 24 18:51:05 PDT 2019","","Thu Oct 17 18:53:06 PDT 2019","Sorry, you did not pass the hidden quality assurance test.","82","0% (0/1)","0% (0/1)","0% (0/1)","4","5","5","4","4"
"35NNO802AVPZF98PZBS8DMLEFI6INK","3KTTL66PWHEWHAEXOC1U8773KLQHVI","How natural (i.e. human-sounding) is this recording?","How natural (i.e. human-sounding) is this recording?","audio, naturalness, rating","$0.01","Thu Oct 17 18:49:23 PDT 2019","117","BatchId:3805321;OriginalHitTemplateId:928390811;","1800","604800","Thu Oct 24 18:49:23 PDT 2019","","","3GA6AFUKOPIV2U2O1CV9TGIH87EH36","A2YG3NJ5IHRSHN","Submitted","Thu Oct 17 22:39:24 PDT 2019","Thu Oct 17 22:40:29 PDT 2019","Thu Oct 24 22:40:29 PDT 2019","","","","65","0% (0/0)","0% (0/0)","0% (0/0)","4","4","2","2","4"
"35NNO802AVPZF98PZBS8DMLEFI6INK","3KTTL66PWHEWHAEXOC1U8773KLQHVI","How natural (i.e. human-sounding) is this recording?","How natural (i.e. human-sounding) is this recording?","audio, naturalness, rating","$0.01","Thu Oct 17 18:49:23 PDT 2019","117","BatchId:3805321;OriginalHitTemplateId:928390811;","1800","604800","Thu Oct 24 18:49:23 PDT 2019","","","3H7XDTSHKDLETW91RQOTDDHDRZIGWX","A3WPJ5A70OWC6","Submitted","Thu Oct 17 20:05:18 PDT 2019","Thu Oct 17 20:07:14 PDT 2019","Thu Oct 24 20:07:14 PDT 2019","","","","116","0% (0/0)","0% (0/0)","0% (0/0)","3","3","1","1","4"
"35NNO802AVPZF98PZBS8DMLEFI6INK","3KTTL66PWHEWHAEXOC1U8773KLQHVI","How natural (i.e. human-sounding) is this recording?","How natural (i.e. human-sounding) is this recording?","audio, naturalness, rating","$0.01","Thu Oct 17 18:49:23 PDT 2019","117","BatchId:3805321;OriginalHitTemplateId:928390811;","1800","604800","Thu Oct 24 18:49:23 PDT 2019","","","3H7Z272LX814VFQ1QV7EYBEPUJXLP9","ATVYXLWEH5N03","Submitted","Thu Oct 17 19:20:12 PDT 2019","Thu Oct 17 19:21:16 PDT 2019","Thu Oct 24 19:21:16 PDT 2019","","","","64","100% (109/109)","0% (0/0)","0% (0/0)","5","3","1","1","2"
"35NNO802AVPZF98PZBS8DMLEFI6INK","3KTTL66PWHEWHAEXOC1U8773KLQHVI","How natural (i.e. human-sounding) is this recording?","How natural (i.e. human-sounding) is this recording?","audio, naturalness, rating","$0.01","Thu Oct 17 18:49:23 PDT 2019","117","BatchId:3805321;OriginalHitTemplateId:928390811;","1800","604800","Thu Oct 24 18:49:23 PDT 2019","","","3HFNH7HEMI899ZDFFHPNLOZR3ZEQGI","A3UVLUYTHE86UA","Submitted","Thu Oct 17 22:37:51 PDT 2019","Thu Oct 17 22:38:53 PDT 2019","Thu Oct 24 22:38:53 PDT 2019","","","","62","0% (0/0)","0% (0/0)","0% (0/0)","5","4","2","2","5"
"35NNO802AVPZF98PZBS8DMLEFI6INK","3KTTL66PWHEWHAEXOC1U8773KLQHVI","How natural (i.e. human-sounding) is this recording?","How natural (i.e. human-sounding) is this recording?","audio, naturalness, rating","$0.01","Thu Oct 17 18:49:23 PDT 2019","117","BatchId:3805321;OriginalHitTemplateId:928390811;","1800","604800","Thu Oct 24 18:49:23 PDT 2019","","","3HRMW88U17KLDG429MT3JNS6MG90MH","A3HE4R2OHAB2PN","Submitted","Thu Oct 17 18:55:17 PDT 2019","Thu Oct 17 18:56:15 PDT 2019","Thu Oct 24 18:56:15 PDT 2019","","","","58","0% (0/0)","0% (0/0)","0% (0/0)","5","5","1","1","5"
"35NNO802AVPZF98PZBS8DMLEFI6INK","3KTTL66PWHEWHAEXOC1U8773KLQHVI","How natural (i.e. human-sounding) is this recording?","How natural (i.e. human-sounding) is this recording?","audio, naturalness, rating","$0.01","Thu Oct 17 18:49:23 PDT 2019","117","BatchId:3805321;OriginalHitTemplateId:928390811;","1800","604800","Thu Oct 24 18:49:23 PDT 2019","","","3HVVDCPGTFMMN6Q7QR5OXTHIS1JTYB","A1YY9C43J4LJTF","Submitted","Thu Oct 17 18:51:38 PDT 2019","Thu Oct 17 18:52:31 PDT 2019","Thu Oct 24 18:52:31 PDT 2019","","","","53","0% (0/0)","0% (0/0)","0% (0/0)","5","3","1","1","4"
"35NNO802AVPZF98PZBS8DMLEFI6INK","3KTTL66PWHEWHAEXOC1U8773KLQHVI","How natural (i.e. human-sounding) is this recording?","How natural (i.e. human-sounding) is this recording?","audio, naturalness, rating","$0.01","Thu Oct 17 18:49:23 PDT 2019","117","BatchId:3805321;OriginalHitTemplateId:928390811;","1800","604800","Thu Oct 24 18:49:23 PDT 2019","","","3IFS6Q0HJJDZI6YNX9EV10R800ISIS","A191V6FCEQVQDU","Submitted","Thu Oct 17 22:15:30 PDT 2019","Thu Oct 17 22:16:26 PDT 2019","Thu Oct 24 22:16:26 PDT 2019","","","","56","0% (0/0)","0% (0/0)","0% (0/0)","4","4","2","2","4"
"35NNO802AVPZF98PZBS8DMLEFI6INK","3KTTL66PWHEWHAEXOC1U8773KLQHVI","How natural (i.e. human-sounding) is this recording?","How natural (i.e. human-sounding) is this recording?","audio, naturalness, rating","$0.01","Thu Oct 17 18:49:23 PDT 2019","117","BatchId:3805321;OriginalHitTemplateId:928390811;","1800","604800","Thu Oct 24 18:49:23 PDT 2019","","","3IHR8NYAM8V8X7JGK38XCUCE8X2P4K","A2L1K5IC4J75TJ","Submitted","Thu Oct 17 19:22:28 PDT 2019","Thu Oct 17 19:23:29 PDT 2019","Thu Oct 24 19:23:29 PDT 2019","","","","61","0% (0/0)","0% (0/0)","0% (0/0)","5","5","1","1","5"
"35NNO802AVPZF98PZBS8DMLEFI6INK","3KTTL66PWHEWHAEXOC1U8773KLQHVI","How natural (i.e. human-sounding) is this recording?","How natural (i.e. human-sounding) is this recording?","audio, naturalness, rating","$0.01","Thu Oct 17 18:49:23 PDT 2019","117","BatchId:3805321;OriginalHitTemplateId:928390811;","1800","604800","Thu Oct 24 18:49:23 PDT 2019","","","3IO1LGZLKAR162ODHAZ1N612FE6680","A36A2OOKFZJ4IQ","Submitted","Thu Oct 17 18:57:34 PDT 2019","Thu Oct 17 19:00:40 PDT 2019","Thu Oct 24 19:00:40 PDT 2019","","","","186","0% (0/0)","0% (0/0)","0% (0/0)","5","2","1","1","4"
"35NNO802AVPZF98PZBS8DMLEFI6INK","3KTTL66PWHEWHAEXOC1U8773KLQHVI","How natural (i.e. human-sounding) is this recording?","How natural (i.e. human-sounding) is this recording?","audio, naturalness, rating","$0.01","Thu Oct 17 18:49:23 PDT 2019","117","BatchId:3805321;OriginalHitTemplateId:928390811;","1800","604800","Thu Oct 24 18:49:23 PDT 2019","","","3IQ1VMJRYUE279JQCFMR37YZV3FA9K","A1E152W1P4ZJKK","Submitted","Thu Oct 17 19:05:40 PDT 2019","Thu Oct 17 19:07:52 PDT 2019","Thu Oct 24 19:07:52 PDT 2019","","","","132","0% (0/0)","0% (0/0)","0% (0/0)","5","5","1","1","5"
"35NNO802AVPZF98PZBS8DMLEFI6INK","3KTTL66PWHEWHAEXOC1U8773KLQHVI","How natural (i.e. human-sounding) is this recording?","How natural (i.e. human-sounding) is this recording?","audio, naturalness, rating","$0.01","Thu Oct 17 18:49:23 PDT 2019","117","BatchId:3805321;OriginalHitTemplateId:928390811;","1800","604800","Thu Oct 24 18:49:23 PDT 2019","","","3JMSRU9HQJO3UTD5VLT9R8DN7AZEV2","A9UBOMDU3AJYF","Submitted","Thu Oct 17 19:41:49 PDT 2019","Thu Oct 17 19:43:03 PDT 2019","Thu Oct 24 19:43:03 PDT 2019","","","","74","0% (0/0)","0% (0/0)","0% (0/0)","4","5","1","1","5"
"35NNO802AVPZF98PZBS8DMLEFI6INK","3KTTL66PWHEWHAEXOC1U8773KLQHVI","How natural (i.e. human-sounding) is this recording?","How natural (i.e. human-sounding) is this recording?","audio, naturalness, rating","$0.01","Thu Oct 17 18:49:23 PDT 2019","117","BatchId:3805321;OriginalHitTemplateId:928390811;","1800","604800","Thu Oct 24 18:49:23 PDT 2019","","","3K772S5NP95YCSILQWC5C7MEZVJHEA","A23F9O4O9L690Q","Rejected","Thu Oct 17 18:50:28 PDT 2019","Thu Oct 17 18:53:25 PDT 2019","Thu Oct 24 18:53:25 PDT 2019","","Thu Oct 17 19:11:49 PDT 2019","Sorry, you did not pass the hidden quality assurance test.","177","0% (0/1)","0% (0/1)","0% (0/1)","1","1","1","1","1"
"35NNO802AVPZF98PZBS8DMLEFI6INK","3KTTL66PWHEWHAEXOC1U8773KLQHVI","How natural (i.e. human-sounding) is this recording?","How natural (i.e. human-sounding) is this recording?","audio, naturalness, rating","$0.01","Thu Oct 17 18:49:23 PDT 2019","117","BatchId:3805321;OriginalHitTemplateId:928390811;","1800","604800","Thu Oct 24 18:49:23 PDT 2019","","","3KMS4QQVK3KHKWJPRSZ87HN63D3KF0","ANSS4CFQGM8WM","Submitted","Thu Oct 17 19:02:00 PDT 2019","Thu Oct 17 19:03:32 PDT 2019","Thu Oct 24 19:03:32 PDT 2019","","","","92","0% (0/0)","0% (0/0)","0% (0/0)","5","5","1","1","5"
"35NNO802AVPZF98PZBS8DMLEFI6INK","3KTTL66PWHEWHAEXOC1U8773KLQHVI","How natural (i.e. human-sounding) is this recording?","How natural (i.e. human-sounding) is this recording?","audio, naturalness, rating","$0.01","Thu Oct 17 18:49:23 PDT 2019","117","BatchId:3805321;OriginalHitTemplateId:928390811;","1800","604800","Thu Oct 24 18:49:23 PDT 2019","","","3KV0LJBBH3F9DAO13ZCI3JTTV74RM4","AIVR3II3HNYZW","Submitted","Thu Oct 17 23:11:58 PDT 2019","Thu Oct 17 23:12:41 PDT 2019","Thu Oct 24 23:12:41 PDT 2019","","","","43","0% (0/0)","0% (0/0)","0% (0/0)","4","3","1","1","3"
"35NNO802AVPZF98PZBS8DMLEFI6INK","3KTTL66PWHEWHAEXOC1U8773KLQHVI","How natural (i.e. human-sounding) is this recording?","How natural (i.e. human-sounding) is this recording?","audio, naturalness, rating","$0.01","Thu Oct 17 18:49:23 PDT 2019","117","BatchId:3805321;OriginalHitTemplateId:928390811;","1800","604800","Thu Oct 24 18:49:23 PDT 2019","","","3LKC68YZ3BX2L9QZF911IMQFIL5OWO","A1171IQSWQS0K8","Submitted","Thu Oct 17 19:21:51 PDT 2019","Thu Oct 17 19:22:52 PDT 2019","Thu Oct 24 19:22:52 PDT 2019","","","","61","0% (0/0)","0% (0/0)","0% (0/0)","4","3","2","2","4"
"35NNO802AVPZF98PZBS8DMLEFI6INK","3KTTL66PWHEWHAEXOC1U8773KLQHVI","How natural (i.e. human-sounding) is this recording?","How natural (i.e. human-sounding) is this recording?","audio, naturalness, rating","$0.01","Thu Oct 17 18:49:23 PDT 2019","117","BatchId:3805321;OriginalHitTemplateId:928390811;","1800","604800","Thu Oct 24 18:49:23 PDT 2019","","","3LRLIPTPER3MO52HGCDGTGCF6XQKAN","A3M6HABKWOIXN9","Submitted","Thu Oct 17 19:01:23 PDT 2019","Thu Oct 17 19:03:10 PDT 2019","Thu Oct 24 19:03:10 PDT 2019","","","","107","0% (0/0)","0% (0/0)","0% (0/0)","5","3","1","1","4"
"35NNO802AVPZF98PZBS8DMLEFI6INK","3KTTL66PWHEWHAEXOC1U8773KLQHVI","How natural (i.e. human-sounding) is this recording?","How natural (i.e. human-sounding) is this recording?","audio, naturalness, rating","$0.01","Thu Oct 17 18:49:23 PDT 2019","117","BatchId:3805321;OriginalHitTemplateId:928390811;","1800","604800","Thu Oct 24 18:49:23 PDT 2019","","","3MB8LZR5BGN3KOTLD3262USQ09ELKV","A2HITRHQ441VHA","Rejected","Thu Oct 17 21:18:23 PDT 2019","Thu Oct 17 21:32:03 PDT 2019","Thu Oct 24 21:32:03 PDT 2019","","Thu Oct 17 22:32:18 PDT 2019","Sorry, you didn't pass our hidden quality assurance tests.","820","98% (52/53)","0% (0/1)","0% (0/1)","3","2","3","2","1"
"35NNO802AVPZF98PZBS8DMLEFI6INK","3KTTL66PWHEWHAEXOC1U8773KLQHVI","How natural (i.e. human-sounding) is this recording?","How natural (i.e. human-sounding) is this recording?","audio, naturalness, rating","$0.01","Thu Oct 17 18:49:23 PDT 2019","117","BatchId:3805321;OriginalHitTemplateId:928390811;","1800","604800","Thu Oct 24 18:49:23 PDT 2019","","","3MX2NQ3YCAOV2ZP7KZ1OBZ4VAT1X5I","A25VNYKP7SASYC","Submitted","Thu Oct 17 23:18:31 PDT 2019","Thu Oct 17 23:20:03 PDT 2019","Thu Oct 24 23:20:03 PDT 2019","","","","92","0% (0/0)","0% (0/0)","0% (0/0)","5","5","2","2","5"
"35NNO802AVPZF98PZBS8DMLEFI6INK","3KTTL66PWHEWHAEXOC1U8773KLQHVI","How natural (i.e. human-sounding) is this recording?","How natural (i.e. human-sounding) is this recording?","audio, naturalness, rating","$0.01","Thu Oct 17 18:49:23 PDT 2019","117","BatchId:3805321;OriginalHitTemplateId:928390811;","1800","604800","Thu Oct 24 18:49:23 PDT 2019","","","3N4BPTXIO9M63EGFMHU7THO9D05UKW","A1LVYEU1MRRDID","Submitted","Thu Oct 17 21:13:14 PDT 2019","Thu Oct 17 21:14:46 PDT 2019","Thu Oct 24 21:14:46 PDT 2019","","","","92","0% (0/0)","0% (0/0)","0% (0/0)","5","4","1","1","5"
"35NNO802AVPZF98PZBS8DMLEFI6INK","3KTTL66PWHEWHAEXOC1U8773KLQHVI","How natural (i.e. human-sounding) is this recording?","How natural (i.e. human-sounding) is this recording?","audio, naturalness, rating","$0.01","Thu Oct 17 18:49:23 PDT 2019","117","BatchId:3805321;OriginalHitTemplateId:928390811;","1800","604800","Thu Oct 24 18:49:23 PDT 2019","","","3NGI5ARFTUZR58MXXLPVEW5BWDUP19","A10EHIYN2UO2BC","Rejected","Thu Oct 17 19:45:11 PDT 2019","Thu Oct 17 19:45:41 PDT 2019","Thu Oct 24 19:45:41 PDT 2019","","Thu Oct 17 20:12:02 PDT 2019","Sorry, you did not pass our hidden quality assurance tests.","30","0% (0/1)","0% (0/1)","0% (0/1)","3","3","2","2","2"
"35NNO802AVPZF98PZBS8DMLEFI6INK","3KTTL66PWHEWHAEXOC1U8773KLQHVI","How natural (i.e. human-sounding) is this recording?","How natural (i.e. human-sounding) is this recording?","audio, naturalness, rating","$0.01","Thu Oct 17 18:49:23 PDT 2019","117","BatchId:3805321;OriginalHitTemplateId:928390811;","1800","604800","Thu Oct 24 18:49:23 PDT 2019","","","3NJM2BJS4X0BSBWVDIEFVSO20BDPCT","A2HVCE3UU4F3PU","Submitted","Thu Oct 17 23:15:08 PDT 2019","Thu Oct 17 23:18:27 PDT 2019","Thu Oct 24 23:18:27 PDT 2019","","","","199","0% (0/0)","0% (0/0)","0% (0/0)","3","4","2","2","4"
"35NNO802AVPZF98PZBS8DMLEFI6INK","3KTTL66PWHEWHAEXOC1U8773KLQHVI","How natural (i.e. human-sounding) is this recording?","How natural (i.e. human-sounding) is this recording?","audio, naturalness, rating","$0.01","Thu Oct 17 18:49:23 PDT 2019","117","BatchId:3805321;OriginalHitTemplateId:928390811;","1800","604800","Thu Oct 24 18:49:23 PDT 2019","","","3NXNZ5RS1BRKO7LS5CA7TGW9UV897R","A114183C2UKM4M","Submitted","Thu Oct 17 18:57:47 PDT 2019","Thu Oct 17 18:59:35 PDT 2019","Thu Oct 24 18:59:35 PDT 2019","","","","108","0% (0/0)","0% (0/0)","0% (0/0)","5","4","1","1","3"
"35NNO802AVPZF98PZBS8DMLEFI6INK","3KTTL66PWHEWHAEXOC1U8773KLQHVI","How natural (i.e. human-sounding) is this recording?","How natural (i.e. human-sounding) is this recording?","audio, naturalness, rating","$0.01","Thu Oct 17 18:49:23 PDT 2019","117","BatchId:3805321;OriginalHitTemplateId:928390811;","1800","604800","Thu Oct 24 18:49:23 PDT 2019","","","3NXNZ5RS1BRKO7LS5CA7TGW9UVJ972","A13MG3R0JI7IIR","Submitted","Thu Oct 17 20:38:10 PDT 2019","Thu Oct 17 20:39:03 PDT 2019","Thu Oct 24 20:39:03 PDT 2019","","","","53","0% (0/0)","0% (0/0)","0% (0/0)","5","5","1","1","4"
"35NNO802AVPZF98PZBS8DMLEFI6INK","3KTTL66PWHEWHAEXOC1U8773KLQHVI","How natural (i.e. human-sounding) is this recording?","How natural (i.e. human-sounding) is this recording?","audio, naturalness, rating","$0.01","Thu Oct 17 18:49:23 PDT 2019","117","BatchId:3805321;OriginalHitTemplateId:928390811;","1800","604800","Thu Oct 24 18:49:23 PDT 2019","","","3OE22WJIGJISEHEAZME4P30IC6BQUY","A3QS7M912JGKFD","Submitted","Thu Oct 17 19:09:55 PDT 2019","Thu Oct 17 19:11:26 PDT 2019","Thu Oct 24 19:11:26 PDT 2019","","","","91","0% (0/0)","0% (0/0)","0% (0/0)","5","5","1","1","5"
"35NNO802AVPZF98PZBS8DMLEFI6INK","3KTTL66PWHEWHAEXOC1U8773KLQHVI","How natural (i.e. human-sounding) is this recording?","How natural (i.e. human-sounding) is this recording?","audio, naturalness, rating","$0.01","Thu Oct 17 18:49:23 PDT 2019","117","BatchId:3805321;OriginalHitTemplateId:928390811;","1800","604800","Thu Oct 24 18:49:23 PDT 2019","","","3ON104KXQLQYHGGHWPMS4OKA1U74WW","A2XL6BAKWQ6UBI","Rejected","Thu Oct 17 19:36:50 PDT 2019","Thu Oct 17 19:37:47 PDT 2019","Thu Oct 24 19:37:47 PDT 2019","","Thu Oct 17 20:12:02 PDT 2019","Sorry, you did not pass our hidden quality assurance tests.","57","0% (0/1)","0% (0/1)","0% (0/1)","5","5","4","5","5"
"35NNO802AVPZF98PZBS8DMLEFI6INK","3KTTL66PWHEWHAEXOC1U8773KLQHVI","How natural (i.e. human-sounding) is this recording?","How natural (i.e. human-sounding) is this recording?","audio, naturalness, rating","$0.01","Thu Oct 17 18:49:23 PDT 2019","117","BatchId:3805321;OriginalHitTemplateId:928390811;","1800","604800","Thu Oct 24 18:49:23 PDT 2019","","","3OS46CRSLGTZHEKQP3ABFKLAQC16VZ","A1MRBRFII0P21Q","Rejected","Thu Oct 17 21:32:23 PDT 2019","Thu Oct 17 21:33:18 PDT 2019","Thu Oct 24 21:33:18 PDT 2019","","Thu Oct 17 22:32:18 PDT 2019","Sorry, you didn't pass our hidden quality assurance tests.","55","0% (0/1)","0% (0/1)","0% (0/1)","3","4","4","3","2"
"35NNO802AVPZF98PZBS8DMLEFI6INK","3KTTL66PWHEWHAEXOC1U8773KLQHVI","How natural (i.e. human-sounding) is this recording?","How natural (i.e. human-sounding) is this recording?","audio, naturalness, rating","$0.01","Thu Oct 17 18:49:23 PDT 2019","117","BatchId:3805321;OriginalHitTemplateId:928390811;","1800","604800","Thu Oct 24 18:49:23 PDT 2019","","","3PH3VY7DJMREKD46HICIYKXJ2PXZWQ","A36W7RZROOARHJ","Submitted","Thu Oct 17 21:25:06 PDT 2019","Thu Oct 17 21:42:25 PDT 2019","Thu Oct 24 21:42:25 PDT 2019","","","","1039","0% (0/0)","0% (0/0)","0% (0/0)","5","4","1","1","4"
"35NNO802AVPZF98PZBS8DMLEFI6INK","3KTTL66PWHEWHAEXOC1U8773KLQHVI","How natural (i.e. human-sounding) is this recording?","How natural (i.e. human-sounding) is this recording?","audio, naturalness, rating","$0.01","Thu Oct 17 18:49:23 PDT 2019","117","BatchId:3805321;OriginalHitTemplateId:928390811;","1800","604800","Thu Oct 24 18:49:23 PDT 2019","","","3PM8NZGV8ZAKVL854RPR9AZM6OWQXU","A3H1CWTHL18474","Submitted","Thu Oct 17 19:53:57 PDT 2019","Thu Oct 17 19:54:47 PDT 2019","Thu Oct 24 19:54:47 PDT 2019","","","","50","0% (0/0)","0% (0/0)","0% (0/0)","5","5","1","1","5"
"35NNO802AVPZF98PZBS8DMLEFI6INK","3KTTL66PWHEWHAEXOC1U8773KLQHVI","How natural (i.e. human-sounding) is this recording?","How natural (i.e. human-sounding) is this recording?","audio, naturalness, rating","$0.01","Thu Oct 17 18:49:23 PDT 2019","117","BatchId:3805321;OriginalHitTemplateId:928390811;","1800","604800","Thu Oct 24 18:49:23 PDT 2019","","","3PM8NZGV8ZAKVL854RPR9AZM6OWXQ1","A162CO8K267FU8","Rejected","Thu Oct 17 19:59:11 PDT 2019","Thu Oct 17 19:59:43 PDT 2019","Thu Oct 24 19:59:43 PDT 2019","","Thu Oct 17 20:12:02 PDT 2019","Sorry, you did not pass our hidden quality assurance tests.","32","0% (0/1)","0% (0/1)","0% (0/1)","3","4","3","2","2"
"35NNO802AVPZF98PZBS8DMLEFI6INK","3KTTL66PWHEWHAEXOC1U8773KLQHVI","How natural (i.e. human-sounding) is this recording?","How natural (i.e. human-sounding) is this recording?","audio, naturalness, rating","$0.01","Thu Oct 17 18:49:23 PDT 2019","117","BatchId:3805321;OriginalHitTemplateId:928390811;","1800","604800","Thu Oct 24 18:49:23 PDT 2019","","","3PMBY0YE28XQ0OGOWTII92ONV699CU","A322PKD0V62M27","Submitted","Thu Oct 17 20:34:51 PDT 2019","Thu Oct 17 20:36:26 PDT 2019","Thu Oct 24 20:36:26 PDT 2019","","","","95","0% (0/0)","0% (0/0)","0% (0/0)","5","5","1","1","5"
"35NNO802AVPZF98PZBS8DMLEFI6INK","3KTTL66PWHEWHAEXOC1U8773KLQHVI","How natural (i.e. human-sounding) is this recording?","How natural (i.e. human-sounding) is this recording?","audio, naturalness, rating","$0.01","Thu Oct 17 18:49:23 PDT 2019","117","BatchId:3805321;OriginalHitTemplateId:928390811;","1800","604800","Thu Oct 24 18:49:23 PDT 2019","","","3QFUFYSY9Z9W6UUM60CS00YA6RF4FW","A2CDAR9ABRXAJG","Submitted","Thu Oct 17 19:13:06 PDT 2019","Thu Oct 17 19:15:15 PDT 2019","Thu Oct 24 19:15:15 PDT 2019","","","","129","0% (0/0)","0% (0/0)","0% (0/0)","5","4","1","1","5"
"35NNO802AVPZF98PZBS8DMLEFI6INK","3KTTL66PWHEWHAEXOC1U8773KLQHVI","How natural (i.e. human-sounding) is this recording?","How natural (i.e. human-sounding) is this recording?","audio, naturalness, rating","$0.01","Thu Oct 17 18:49:23 PDT 2019","117","BatchId:3805321;OriginalHitTemplateId:928390811;","1800","604800","Thu Oct 24 18:49:23 PDT 2019","","","3QJOXOW4XKLK46JWHTSI4CUAGHIMEO","A3LE1BIVORW3VR","Submitted","Thu Oct 17 19:19:57 PDT 2019","Thu Oct 17 19:20:51 PDT 2019","Thu Oct 24 19:20:51 PDT 2019","","","","54","0% (0/0)","0% (0/0)","0% (0/0)","5","5","1","1","5"
"35NNO802AVPZF98PZBS8DMLEFI6INK","3KTTL66PWHEWHAEXOC1U8773KLQHVI","How natural (i.e. human-sounding) is this recording?","How natural (i.e. human-sounding) is this recording?","audio, naturalness, rating","$0.01","Thu Oct 17 18:49:23 PDT 2019","117","BatchId:3805321;OriginalHitTemplateId:928390811;","1800","604800","Thu Oct 24 18:49:23 PDT 2019","","","3QXNC7EIPJP66WL8KDPYE1MMMH590U","A2MWBFGSAZMBUR","Submitted","Thu Oct 17 19:31:53 PDT 2019","Thu Oct 17 19:33:04 PDT 2019","Thu Oct 24 19:33:04 PDT 2019","","","","71","0% (0/0)","0% (0/0)","0% (0/0)","5","4","2","2","4"
"35NNO802AVPZF98PZBS8DMLEFI6INK","3KTTL66PWHEWHAEXOC1U8773KLQHVI","How natural (i.e. human-sounding) is this recording?","How natural (i.e. human-sounding) is this recording?","audio, naturalness, rating","$0.01","Thu Oct 17 18:49:23 PDT 2019","117","BatchId:3805321;OriginalHitTemplateId:928390811;","1800","604800","Thu Oct 24 18:49:23 PDT 2019","","","3R08VXYT7DPV03Y0YNKZ704KSWSW73","A1EIMXVUOG49SJ","Submitted","Thu Oct 17 18:50:19 PDT 2019","Thu Oct 17 18:53:54 PDT 2019","Thu Oct 24 18:53:54 PDT 2019","","","","215","0% (0/0)","0% (0/0)","0% (0/0)","5","5","3","2","5"
"35NNO802AVPZF98PZBS8DMLEFI6INK","3KTTL66PWHEWHAEXOC1U8773KLQHVI","How natural (i.e. human-sounding) is this recording?","How natural (i.e. human-sounding) is this recording?","audio, naturalness, rating","$0.01","Thu Oct 17 18:49:23 PDT 2019","117","BatchId:3805321;OriginalHitTemplateId:928390811;","1800","604800","Thu Oct 24 18:49:23 PDT 2019","","","3R2PKQ87NX2WKBLIDCI9PRS28BUMI4","A2PTXQ060AH5S5","Rejected","Thu Oct 17 21:59:02 PDT 2019","Thu Oct 17 22:00:21 PDT 2019","Thu Oct 24 22:00:21 PDT 2019","","Thu Oct 17 22:32:19 PDT 2019","Sorry, you didn't pass our hidden quality assurance tests.","79","0% (0/1)","0% (0/1)","0% (0/1)","3","4","4","3","4"
"35NNO802AVPZF98PZBS8DMLEFI6INK","3KTTL66PWHEWHAEXOC1U8773KLQHVI","How natural (i.e. human-sounding) is this recording?","How natural (i.e. human-sounding) is this recording?","audio, naturalness, rating","$0.01","Thu Oct 17 18:49:23 PDT 2019","117","BatchId:3805321;OriginalHitTemplateId:928390811;","1800","604800","Thu Oct 24 18:49:23 PDT 2019","","","3RUIQRXJBCIE4UB3Y3E7HU55P90LLF","AN45KLUESX3NY","Submitted","Thu Oct 17 20:04:15 PDT 2019","Thu Oct 17 20:06:45 PDT 2019","Thu Oct 24 20:06:45 PDT 2019","","","","150","0% (0/0)","0% (0/0)","0% (0/0)","4","4","1","1","5"
"35NNO802AVPZF98PZBS8DMLEFI6INK","3KTTL66PWHEWHAEXOC1U8773KLQHVI","How natural (i.e. human-sounding) is this recording?","How natural (i.e. human-sounding) is this recording?","audio, naturalness, rating","$0.01","Thu Oct 17 18:49:23 PDT 2019","117","BatchId:3805321;OriginalHitTemplateId:928390811;","1800","604800","Thu Oct 24 18:49:23 PDT 2019","","","3RWE2M8QWI4RVYP2LN83W2H6R6MN07","A253S5S5GWG94P","Submitted","Thu Oct 17 19:33:20 PDT 2019","Thu Oct 17 19:34:38 PDT 2019","Thu Oct 24 19:34:38 PDT 2019","","","","78","0% (0/0)","0% (0/0)","0% (0/0)","5","5","1","1","5"
"35NNO802AVPZF98PZBS8DMLEFI6INK","3KTTL66PWHEWHAEXOC1U8773KLQHVI","How natural (i.e. human-sounding) is this recording?","How natural (i.e. human-sounding) is this recording?","audio, naturalness, rating","$0.01","Thu Oct 17 18:49:23 PDT 2019","117","BatchId:3805321;OriginalHitTemplateId:928390811;","1800","604800","Thu Oct 24 18:49:23 PDT 2019","","","3SITXWYCNW3XRF6GL9S1EL4NKOSXBM","A5FP3JRXBQB13","Submitted","Thu Oct 17 19:23:52 PDT 2019","Thu Oct 17 19:25:31 PDT 2019","Thu Oct 24 19:25:31 PDT 2019","","","","99","0% (0/0)","0% (0/0)","0% (0/0)","5","5","2","2","5"
"35NNO802AVPZF98PZBS8DMLEFI6INK","3KTTL66PWHEWHAEXOC1U8773KLQHVI","How natural (i.e. human-sounding) is this recording?","How natural (i.e. human-sounding) is this recording?","audio, naturalness, rating","$0.01","Thu Oct 17 18:49:23 PDT 2019","117","BatchId:3805321;OriginalHitTemplateId:928390811;","1800","604800","Thu Oct 24 18:49:23 PDT 2019","","","3T111IHZ5FKU6Q57EQ8DYXN9V789RW","AFG3FXABPGSZS","Submitted","Thu Oct 17 20:05:50 PDT 2019","Thu Oct 17 20:07:47 PDT 2019","Thu Oct 24 20:07:47 PDT 2019","","","","117","100% (88/88)","0% (0/0)","0% (0/0)","5","5","2","2","5"
"35NNO802AVPZF98PZBS8DMLEFI6INK","3KTTL66PWHEWHAEXOC1U8773KLQHVI","How natural (i.e. human-sounding) is this recording?","How natural (i.e. human-sounding) is this recording?","audio, naturalness, rating","$0.01","Thu Oct 17 18:49:23 PDT 2019","117","BatchId:3805321;OriginalHitTemplateId:928390811;","1800","604800","Thu Oct 24 18:49:23 PDT 2019","","","3TAYZSBPLM2V7LKL86T3EKKRB3CS26","A9LGD8N2A14VX","Submitted","Thu Oct 17 19:12:51 PDT 2019","Thu Oct 17 19:14:14 PDT 2019","Thu Oct 24 19:14:14 PDT 2019","","","","83","0% (0/0)","0% (0/0)","0% (0/0)","4","4","1","1","5"
"35NNO802AVPZF98PZBS8DMLEFI6INK","3KTTL66PWHEWHAEXOC1U8773KLQHVI","How natural (i.e. human-sounding) is this recording?","How natural (i.e. human-sounding) is this recording?","audio, naturalness, rating","$0.01","Thu Oct 17 18:49:23 PDT 2019","117","BatchId:3805321;OriginalHitTemplateId:928390811;","1800","604800","Thu Oct 24 18:49:23 PDT 2019","","","3TMSXRD2X7UHPHJY973Q6QD7PAU1WD","A3II2ONBAAHOF","Submitted","Thu Oct 17 19:01:26 PDT 2019","Thu Oct 17 19:03:12 PDT 2019","Thu Oct 24 19:03:12 PDT 2019","","","","106","0% (0/0)","0% (0/0)","0% (0/0)","5","5","1","1","5"
"35NNO802AVPZF98PZBS8DMLEFI6INK","3KTTL66PWHEWHAEXOC1U8773KLQHVI","How natural (i.e. human-sounding) is this recording?","How natural (i.e. human-sounding) is this recording?","audio, naturalness, rating","$0.01","Thu Oct 17 18:49:23 PDT 2019","117","BatchId:3805321;OriginalHitTemplateId:928390811;","1800","604800","Thu Oct 24 18:49:23 PDT 2019","","","3TMSXRD2X7UHPHJY973Q6QD7PB8W1O","ATN9RXPPFILIG","Submitted","Thu Oct 17 22:24:31 PDT 2019","Thu Oct 17 22:26:54 PDT 2019","Thu Oct 24 22:26:54 PDT 2019","","","","143","0% (0/0)","0% (0/0)","0% (0/0)","4","4","1","1","4"
"35NNO802AVPZF98PZBS8DMLEFI6INK","3KTTL66PWHEWHAEXOC1U8773KLQHVI","How natural (i.e. human-sounding) is this recording?","How natural (i.e. human-sounding) is this recording?","audio, naturalness, rating","$0.01","Thu Oct 17 18:49:23 PDT 2019","117","BatchId:3805321;OriginalHitTemplateId:928390811;","1800","604800","Thu Oct 24 18:49:23 PDT 2019","","","3TR2532VIQOQQJKW8EWSCWAGVP76JR","A2VUXBNBQJRUPQ","Submitted","Thu Oct 17 20:12:32 PDT 2019","Thu Oct 17 20:13:32 PDT 2019","Thu Oct 24 20:13:32 PDT 2019","","","","60","0% (0/0)","0% (0/0)","0% (0/0)","5","5","1","1","5"
"35NNO802AVPZF98PZBS8DMLEFI6INK","3KTTL66PWHEWHAEXOC1U8773KLQHVI","How natural (i.e. human-sounding) is this recording?","How natural (i.e. human-sounding) is this recording?","audio, naturalness, rating","$0.01","Thu Oct 17 18:49:23 PDT 2019","117","BatchId:3805321;OriginalHitTemplateId:928390811;","1800","604800","Thu Oct 24 18:49:23 PDT 2019","","","3TU5ZICBREVUGK7XWJDZTBITFGYQ8Z","A18VN0I8GP9QSZ","Submitted","Thu Oct 17 22:27:50 PDT 2019","Thu Oct 17 22:29:15 PDT 2019","Thu Oct 24 22:29:15 PDT 2019","","","","85","0% (0/0)","0% (0/0)","0% (0/0)","5","5","2","2","5"
"35NNO802AVPZF98PZBS8DMLEFI6INK","3KTTL66PWHEWHAEXOC1U8773KLQHVI","How natural (i.e. human-sounding) is this recording?","How natural (i.e. human-sounding) is this recording?","audio, naturalness, rating","$0.01","Thu Oct 17 18:49:23 PDT 2019","117","BatchId:3805321;OriginalHitTemplateId:928390811;","1800","604800","Thu Oct 24 18:49:23 PDT 2019","","","3TXWC2NHN0K6755KTF8IO7S5H90S9C","A1SXH3P0A7Z657","Submitted","Thu Oct 17 20:51:40 PDT 2019","Thu Oct 17 20:52:27 PDT 2019","Thu Oct 24 20:52:27 PDT 2019","","","","47","0% (0/0)","0% (0/0)","0% (0/0)","5","5","1","1","1"
"35NNO802AVPZF98PZBS8DMLEFI6INK","3KTTL66PWHEWHAEXOC1U8773KLQHVI","How natural (i.e. human-sounding) is this recording?","How natural (i.e. human-sounding) is this recording?","audio, naturalness, rating","$0.01","Thu Oct 17 18:49:23 PDT 2019","117","BatchId:3805321;OriginalHitTemplateId:928390811;","1800","604800","Thu Oct 24 18:49:23 PDT 2019","","","3TXWC2NHN0K6755KTF8IO7S5H9N9SG","AWXWM1F909F8U","Rejected","Thu Oct 17 19:20:18 PDT 2019","Thu Oct 17 19:47:28 PDT 2019","Thu Oct 24 19:47:28 PDT 2019","","Thu Oct 17 20:12:02 PDT 2019","Sorry, you did not pass our hidden quality assurance tests.","1630","0% (0/1)","0% (0/1)","0% (0/1)","3","4","4","2","1"
"35NNO802AVPZF98PZBS8DMLEFI6INK","3KTTL66PWHEWHAEXOC1U8773KLQHVI","How natural (i.e. human-sounding) is this recording?","How natural (i.e. human-sounding) is this recording?","audio, naturalness, rating","$0.01","Thu Oct 17 18:49:23 PDT 2019","117","BatchId:3805321;OriginalHitTemplateId:928390811;","1800","604800","Thu Oct 24 18:49:23 PDT 2019","","","3U5JL4WY5L3D6GL76UIE67YHAWC4XO","AULWZTHRW3VVN","Rejected","Thu Oct 17 19:23:48 PDT 2019","Thu Oct 17 19:24:55 PDT 2019","Thu Oct 24 19:24:55 PDT 2019","","Thu Oct 17 22:32:19 PDT 2019","Sorry, you didn't pass our hidden quality assurance tests.","67","0% (0/1)","0% (0/1)","0% (0/1)","3","2","2","2","3"
"35NNO802AVPZF98PZBS8DMLEFI6INK","3KTTL66PWHEWHAEXOC1U8773KLQHVI","How natural (i.e. human-sounding) is this recording?","How natural (i.e. human-sounding) is this recording?","audio, naturalness, rating","$0.01","Thu Oct 17 18:49:23 PDT 2019","117","BatchId:3805321;OriginalHitTemplateId:928390811;","1800","604800","Thu Oct 24 18:49:23 PDT 2019","","","3VD82FOHKRIT7BKUYI106SJCQ5NOCF","A2Z5EYXYLY5RKB","Submitted","Thu Oct 17 19:20:37 PDT 2019","Thu Oct 17 19:21:50 PDT 2019","Thu Oct 24 19:21:50 PDT 2019","","","","73","100% (2/2)","0% (0/0)","0% (0/0)","4","5","2","2","4"
"35NNO802AVPZF98PZBS8DMLEFI6INK","3KTTL66PWHEWHAEXOC1U8773KLQHVI","How natural (i.e. human-sounding) is this recording?","How natural (i.e. human-sounding) is this recording?","audio, naturalness, rating","$0.01","Thu Oct 17 18:49:23 PDT 2019","117","BatchId:3805321;OriginalHitTemplateId:928390811;","1800","604800","Thu Oct 24 18:49:23 PDT 2019","","","3VHP9MDGROEZ1Y71ZFIAJYAYY4WCFH","A3DQUOVL81OWGH","Submitted","Thu Oct 17 19:20:16 PDT 2019","Thu Oct 17 19:21:19 PDT 2019","Thu Oct 24 19:21:19 PDT 2019","","","","63","0% (0/0)","0% (0/0)","0% (0/0)","4","5","2","2","4"
"35NNO802AVPZF98PZBS8DMLEFI6INK","3KTTL66PWHEWHAEXOC1U8773KLQHVI","How natural (i.e. human-sounding) is this recording?","How natural (i.e. human-sounding) is this recording?","audio, naturalness, rating","$0.01","Thu Oct 17 18:49:23 PDT 2019","117","BatchId:3805321;OriginalHitTemplateId:928390811;","1800","604800","Thu Oct 24 18:49:23 PDT 2019","","","3VW6495TLKUI4SP10XSN5A9X732YY6","A1OZ5IWGMT5WNR","Submitted","Thu Oct 17 19:00:03 PDT 2019","Thu Oct 17 19:01:23 PDT 2019","Thu Oct 24 19:01:23 PDT 2019","","","","80","0% (0/0)","0% (0/0)","0% (0/0)","4","4","1","1","4"
"35NNO802AVPZF98PZBS8DMLEFI6INK","3KTTL66PWHEWHAEXOC1U8773KLQHVI","How natural (i.e. human-sounding) is this recording?","How natural (i.e. human-sounding) is this recording?","audio, naturalness, rating","$0.01","Thu Oct 17 18:49:23 PDT 2019","117","BatchId:3805321;OriginalHitTemplateId:928390811;","1800","604800","Thu Oct 24 18:49:23 PDT 2019","","","3WI0P0II62M69GIOQ6DFKT6ZMSKDRE","A2MZQJI4DKSCKV","Submitted","Thu Oct 17 19:30:12 PDT 2019","Thu Oct 17 19:31:15 PDT 2019","Thu Oct 24 19:31:15 PDT 2019","","","","63","0% (0/0)","0% (0/0)","0% (0/0)","5","5","1","1","5"
"35NNO802AVPZF98PZBS8DMLEFI6INK","3KTTL66PWHEWHAEXOC1U8773KLQHVI","How natural (i.e. human-sounding) is this recording?","How natural (i.e. human-sounding) is this recording?","audio, naturalness, rating","$0.01","Thu Oct 17 18:49:23 PDT 2019","117","BatchId:3805321;OriginalHitTemplateId:928390811;","1800","604800","Thu Oct 24 18:49:23 PDT 2019","","","3WJEQKOXA9WKI4GV827YO1GGXSH1AU","AKXY2ATEM5DC2","Submitted","Thu Oct 17 22:57:32 PDT 2019","Thu Oct 17 22:58:28 PDT 2019","Thu Oct 24 22:58:28 PDT 2019","","","","56","0% (0/0)","0% (0/0)","0% (0/0)","5","5","2","2","5"
"35NNO802AVPZF98PZBS8DMLEFI6INK","3KTTL66PWHEWHAEXOC1U8773KLQHVI","How natural (i.e. human-sounding) is this recording?","How natural (i.e. human-sounding) is this recording?","audio, naturalness, rating","$0.01","Thu Oct 17 18:49:23 PDT 2019","117","BatchId:3805321;OriginalHitTemplateId:928390811;","1800","604800","Thu Oct 24 18:49:23 PDT 2019","","","3WOKGM4L72A9DJPEM28GBRHBHH3O01","A28IER30YJMJIZ","Rejected","Thu Oct 17 22:23:33 PDT 2019","Thu Oct 17 22:24:15 PDT 2019","Thu Oct 24 22:24:15 PDT 2019","","Thu Oct 17 22:32:19 PDT 2019","Sorry, you didn't pass our hidden quality assurance tests.","42","0% (0/1)","0% (0/1)","0% (0/1)","2","3","2","3","3"
"35NNO802AVPZF98PZBS8DMLEFI6INK","3KTTL66PWHEWHAEXOC1U8773KLQHVI","How natural (i.e. human-sounding) is this recording?","How natural (i.e. human-sounding) is this recording?","audio, naturalness, rating","$0.01","Thu Oct 17 18:49:23 PDT 2019","117","BatchId:3805321;OriginalHitTemplateId:928390811;","1800","604800","Thu Oct 24 18:49:23 PDT 2019","","","3WR9XG3T645JR1FGOHEGC8LT83V47R","AREE8TCHQZY79","Submitted","Thu Oct 17 19:02:16 PDT 2019","Thu Oct 17 19:03:17 PDT 2019","Thu Oct 24 19:03:17 PDT 2019","","","","61","0% (0/0)","0% (0/0)","0% (0/0)","5","4","2","2","5"
"35NNO802AVPZF98PZBS8DMLEFI6INK","3KTTL66PWHEWHAEXOC1U8773KLQHVI","How natural (i.e. human-sounding) is this recording?","How natural (i.e. human-sounding) is this recording?","audio, naturalness, rating","$0.01","Thu Oct 17 18:49:23 PDT 2019","117","BatchId:3805321;OriginalHitTemplateId:928390811;","1800","604800","Thu Oct 24 18:49:23 PDT 2019","","","3WT783CTPCB9OHVLUDWE08JDJ7MCBJ","A1MHQSP1POQNXX","Submitted","Thu Oct 17 22:39:40 PDT 2019","Thu Oct 17 22:40:18 PDT 2019","Thu Oct 24 22:40:18 PDT 2019","","","","38","0% (0/0)","0% (0/0)","0% (0/0)","5","5","3","3","4"
"35NNO802AVPZF98PZBS8DMLEFI6INK","3KTTL66PWHEWHAEXOC1U8773KLQHVI","How natural (i.e. human-sounding) is this recording?","How natural (i.e. human-sounding) is this recording?","audio, naturalness, rating","$0.01","Thu Oct 17 18:49:23 PDT 2019","117","BatchId:3805321;OriginalHitTemplateId:928390811;","1800","604800","Thu Oct 24 18:49:23 PDT 2019","","","3X66WABAJXCH2Y7DH6DR8G6GT6H3G7","ABWVRVG5B5OMX","Submitted","Thu Oct 17 18:54:40 PDT 2019","Thu Oct 17 18:55:34 PDT 2019","Thu Oct 24 18:55:34 PDT 2019","","","","54","0% (0/0)","0% (0/0)","0% (0/0)","3","4","2","2","3"
"35NNO802AVPZF98PZBS8DMLEFI6INK","3KTTL66PWHEWHAEXOC1U8773KLQHVI","How natural (i.e. human-sounding) is this recording?","How natural (i.e. human-sounding) is this recording?","audio, naturalness, rating","$0.01","Thu Oct 17 18:49:23 PDT 2019","117","BatchId:3805321;OriginalHitTemplateId:928390811;","1800","604800","Thu Oct 24 18:49:23 PDT 2019","","","3XC1O3LBOTG2N7J87CGY3LFMJMHTLL","A25E08P72LMW50","Submitted","Thu Oct 17 19:11:12 PDT 2019","Thu Oct 17 19:12:02 PDT 2019","Thu Oct 24 19:12:02 PDT 2019","","","","50","0% (0/0)","0% (0/0)","0% (0/0)","5","5","1","1","5"
"35NNO802AVPZF98PZBS8DMLEFI6INK","3KTTL66PWHEWHAEXOC1U8773KLQHVI","How natural (i.e. human-sounding) is this recording?","How natural (i.e. human-sounding) is this recording?","audio, naturalness, rating","$0.01","Thu Oct 17 18:49:23 PDT 2019","117","BatchId:3805321;OriginalHitTemplateId:928390811;","1800","604800","Thu Oct 24 18:49:23 PDT 2019","","","3XC1O3LBOTG2N7J87CGY3LFMJNXLTV","A2KMOFVGE6MQXV","Submitted","Thu Oct 17 22:29:15 PDT 2019","Thu Oct 17 22:30:52 PDT 2019","Thu Oct 24 22:30:52 PDT 2019","","","","97","0% (0/0)","0% (0/0)","0% (0/0)","3","3","2","2","3"
"35NNO802AVPZF98PZBS8DMLEFI6INK","3KTTL66PWHEWHAEXOC1U8773KLQHVI","How natural (i.e. human-sounding) is this recording?","How natural (i.e. human-sounding) is this recording?","audio, naturalness, rating","$0.01","Thu Oct 17 18:49:23 PDT 2019","117","BatchId:3805321;OriginalHitTemplateId:928390811;","1800","604800","Thu Oct 24 18:49:23 PDT 2019","","","3YJ6NA41JCAY0P21NAV1IW1XQUYJPB","A1D8EU2V0HO0CE","Submitted","Thu Oct 17 20:22:02 PDT 2019","Thu Oct 17 20:24:12 PDT 2019","Thu Oct 24 20:24:12 PDT 2019","","","","130","0% (0/0)","0% (0/0)","0% (0/0)","3","5","1","1","5"
"35NNO802AVPZF98PZBS8DMLEFI6INK","3KTTL66PWHEWHAEXOC1U8773KLQHVI","How natural (i.e. human-sounding) is this recording?","How natural (i.e. human-sounding) is this recording?","audio, naturalness, rating","$0.01","Thu Oct 17 18:49:23 PDT 2019","117","BatchId:3805321;OriginalHitTemplateId:928390811;","1800","604800","Thu Oct 24 18:49:23 PDT 2019","","","3Z7EFSHGNA8G1KYMZ9OWP5A529QXCR","A3CQET3D3CGF34","Submitted","Thu Oct 17 19:02:38 PDT 2019","Thu Oct 17 19:03:37 PDT 2019","Thu Oct 24 19:03:37 PDT 2019","","","","59","0% (0/0)","0% (0/0)","0% (0/0)","5","5","1","1","4"
"35NNO802AVPZF98PZBS8DMLEFI6INK","3KTTL66PWHEWHAEXOC1U8773KLQHVI","How natural (i.e. human-sounding) is this recording?","How natural (i.e. human-sounding) is this recording?","audio, naturalness, rating","$0.01","Thu Oct 17 18:49:23 PDT 2019","117","BatchId:3805321;OriginalHitTemplateId:928390811;","1800","604800","Thu Oct 24 18:49:23 PDT 2019","","","3ZPBJO59KQVTKM4LU11L6P4TZJLDHG","AZ7CL1PR63ATG","Submitted","Thu Oct 17 19:16:49 PDT 2019","Thu Oct 17 19:18:19 PDT 2019","Thu Oct 24 19:18:19 PDT 2019","","","","90","0% (0/0)","0% (0/0)","0% (0/0)","4","4","2","2","5"