"HITId","HITTypeId","Title","Description","Keywords","Reward","CreationTime","MaxAssignments","RequesterAnnotation","AssignmentDurationInSeconds","AutoApprovalDelayInSeconds","Expiration","NumberOfSimilarHITs","LifetimeInSeconds","AssignmentId","WorkerId","AssignmentStatus","AcceptTime","SubmitTime","AutoApprovalTime","ApprovalTime","RejectionTime","RequesterFeedback","WorkTimeInSeconds","LifetimeApprovalRate","Last30DaysApprovalRate","Last7DaysApprovalRate","Answer.GT-LJ001-0096","Answer.GT-LJ001-0102","Answer.bad-LJ001-0015","Answer.bad-LJ001-0051","Answer.dw-LJ001-0094","Approve","Reject"
"3RKHNXPHGWP3GUIMWFP64XSLFI8UKJ","3KTTL66PWHEWHAEXOC1U8773KLQHVI","How natural (i.e. human-sounding) is this recording?","How natural (i.e. human-sounding) is this recording?","audio, naturalness, rating","$0.01","Fri Oct 18 06:57:03 PDT 2019","113","BatchId:3805676;OriginalHitTemplateId:928390811;","1800","604800","Fri Oct 25 06:57:03 PDT 2019","","","308Q0PEVB97HDR2OO3E4K5MI8H19IG","A30USL7QZZXK1X","Submitted","Fri Oct 18 15:42:19 PDT 2019","Fri Oct 18 15:43:52 PDT 2019","Fri Oct 25 15:43:52 PDT 2019","","","","93","0% (0/0)","0% (0/0)","0% (0/0)","4","5","1","1","4"
"3RKHNXPHGWP3GUIMWFP64XSLFI8UKJ","3KTTL66PWHEWHAEXOC1U8773KLQHVI","How natural (i.e. human-sounding) is this recording?","How natural (i.e. human-sounding) is this recording?","audio, naturalness, rating","$0.01","Fri Oct 18 06:57:03 PDT 2019","113","BatchId:3805676;OriginalHitTemplateId:928390811;","1800","604800","Fri Oct 25 06:57:03 PDT 2019","","","308XBLVESJYDUJK4CAM9P3IZJCQBRX","A3II2ONBAAHOF","Submitted","Fri Oct 18 12:44:56 PDT 2019","Fri Oct 18 12:45:45 PDT 2019","Fri Oct 25 12:45:45 PDT 2019","","","","49","100% (1/1)","100% (1/1)","100% (1/1)","5","5","1","1","2"
"3RKHNXPHGWP3GUIMWFP64XSLFI8UKJ","3KTTL66PWHEWHAEXOC1U8773KLQHVI","How natural (i.e. human-sounding) is this recording?","How natural (i.e. human-sounding) is this recording?","audio, naturalness, rating","$0.01","Fri Oct 18 06:57:03 PDT 2019","113","BatchId:3805676;OriginalHitTemplateId:928390811;","1800","604800","Fri Oct 25 06:57:03 PDT 2019","","","30X31N5D64KKCOFPLLMIK23PNUYASV","A3S1JWDIQBHVEH","Submitted","Fri Oct 18 06:57:24 PDT 2019","Fri Oct 18 06:58:07 PDT 2019","Fri Oct 25 06:58:07 PDT 2019","","","","43","0% (0/3)","0% (0/3)","0% (0/3)","5","5","1","1","3"
"3RKHNXPHGWP3GUIMWFP64XSLFI8UKJ","3KTTL66PWHEWHAEXOC1U8773KLQHVI","How natural (i.e. human-sounding) is this recording?","How natural (i.e. human-sounding) is this recording?","audio, naturalness, rating","$0.01","Fri Oct 18 06:57:03 PDT 2019","113","BatchId:3805676;OriginalHitTemplateId:928390811;","1800","604800","Fri Oct 25 06:57:03 PDT 2019","","","31T4R4OBOTAMM5SVHWKYV6XH0MW7C3","A263MO01HEJXIW","Submitted","Fri Oct 18 16:04:24 PDT 2019","Fri Oct 18 16:10:53 PDT 2019","Fri Oct 25 16:10:53 PDT 2019","","","","389","0% (0/0)","0% (0/0)","0% (0/0)","4","5","2","2","5"
"3RKHNXPHGWP3GUIMWFP64XSLFI8UKJ","3KTTL66PWHEWHAEXOC1U8773KLQHVI","How natural (i.e. human-sounding) is this recording?","How natural (i.e. human-sounding) is this recording?","audio, naturalness, rating","$0.01","Fri Oct 18 06:57:03 PDT 2019","113","BatchId:3805676;OriginalHitTemplateId:928390811;","1800","604800","Fri Oct 25 06:57:03 PDT 2019","","","326O153BMJSH0CDJ40TFLM7G77GDEV","A1YY9C43J4LJTF","Submitted","Fri Oct 18 09:36:42 PDT 2019","Fri Oct 18 09:37:28 PDT 2019","Fri Oct 25 09:37:28 PDT 2019","","","","46","100% (1/1)","100% (1/1)","100% (1/1)","4","4","1","1","5"
"3RKHNXPHGWP3GUIMWFP64XSLFI8UKJ","3KTTL66PWHEWHAEXOC1U8773KLQHVI","How natural (i.e. human-sounding) is this recording?","How natural (i.e. human-sounding) is this recording?","audio, naturalness, rating","$0.01","Fri Oct 18 06:57:03 PDT 2019","113","BatchId:3805676;OriginalHitTemplateId:928390811;","1800","604800","Fri Oct 25 06:57:03 PDT 2019","","","32EYX73OY13SQITAC134UTAN8W6UR4","AXTFSJDN2YLO5","Submitted","Fri Oct 18 09:50:58 PDT 2019","Fri Oct 18 09:52:02 PDT 2019","Fri Oct 25 09:52:02 PDT 2019","","","","64","100% (1/1)","0% (0/0)","0% (0/0)","5","5","1","1","3"
"3RKHNXPHGWP3GUIMWFP64XSLFI8UKJ","3KTTL66PWHEWHAEXOC1U8773KLQHVI","How natural (i.e. human-sounding) is this recording?","How natural (i.e. human-sounding) is this recording?","audio, naturalness, rating","$0.01","Fri Oct 18 06:57:03 PDT 2019","113","BatchId:3805676;OriginalHitTemplateId:928390811;","1800","604800","Fri Oct 25 06:57:03 PDT 2019","","","32EYX73OY13SQITAC134UTAN8XPURP","A2R793UWTEI0XO","Submitted","Fri Oct 18 11:50:45 PDT 2019","Fri Oct 18 11:51:47 PDT 2019","Fri Oct 25 11:51:47 PDT 2019","","","","62","0% (0/0)","0% (0/0)","0% (0/0)","5","5","1","1","4"
"3RKHNXPHGWP3GUIMWFP64XSLFI8UKJ","3KTTL66PWHEWHAEXOC1U8773KLQHVI","How natural (i.e. human-sounding) is this recording?","How natural (i.e. human-sounding) is this recording?","audio, naturalness, rating","$0.01","Fri Oct 18 06:57:03 PDT 2019","113","BatchId:3805676;OriginalHitTemplateId:928390811;","1800","604800","Fri Oct 25 06:57:03 PDT 2019","","","32RIADZISTY5AZZ8CKCR7ZHPVL54SJ","A38IE69ORDCEGY","Submitted","Fri Oct 18 07:17:05 PDT 2019","Fri Oct 18 07:17:28 PDT 2019","Fri Oct 25 07:17:28 PDT 2019","","","","23","0% (0/0)","0% (0/0)","0% (0/0)","5","5","1","1","5"
"3RKHNXPHGWP3GUIMWFP64XSLFI8UKJ","3KTTL66PWHEWHAEXOC1U8773KLQHVI","How natural (i.e. human-sounding) is this recording?","How natural (i.e. human-sounding) is this recording?","audio, naturalness, rating","$0.01","Fri Oct 18 06:57:03 PDT 2019","113","BatchId:3805676;OriginalHitTemplateId:928390811;","1800","604800","Fri Oct 25 06:57:03 PDT 2019","","","32ZKVD547GHLBHZ21KLD75FJDYV3B6","A2YHX95SJGPFR7","Submitted","Fri Oct 18 10:55:17 PDT 2019","Fri Oct 18 10:55:52 PDT 2019","Fri Oct 25 10:55:52 PDT 2019","","","","35","0% (0/0)","0% (0/0)","0% (0/0)","5","5","1","1","5"
"3RKHNXPHGWP3GUIMWFP64XSLFI8UKJ","3KTTL66PWHEWHAEXOC1U8773KLQHVI","How natural (i.e. human-sounding) is this recording?","How natural (i.e. human-sounding) is this recording?","audio, naturalness, rating","$0.01","Fri Oct 18 06:57:03 PDT 2019","113","BatchId:3805676;OriginalHitTemplateId:928390811;","1800","604800","Fri Oct 25 06:57:03 PDT 2019","","","339ANSOTR6W1UNLFS05TAE0YJ8QKIS","AZQ5YZJTPB9Q8","Submitted","Fri Oct 18 06:57:38 PDT 2019","Fri Oct 18 06:58:06 PDT 2019","Fri Oct 25 06:58:06 PDT 2019","","","","28","0% (0/0)","0% (0/0)","0% (0/0)","4","4","1","1","4"
"3RKHNXPHGWP3GUIMWFP64XSLFI8UKJ","3KTTL66PWHEWHAEXOC1U8773KLQHVI","How natural (i.e. human-sounding) is this recording?","How natural (i.e. human-sounding) is this recording?","audio, naturalness, rating","$0.01","Fri Oct 18 06:57:03 PDT 2019","113","BatchId:3805676;OriginalHitTemplateId:928390811;","1800","604800","Fri Oct 25 06:57:03 PDT 2019","","","33CID57105NXOQLESXA7L8BOPRZ3LH","A2OBL5WJQ5P9T0","Submitted","Fri Oct 18 09:56:37 PDT 2019","Fri Oct 18 09:57:02 PDT 2019","Fri Oct 25 09:57:02 PDT 2019","","","","25","0% (0/0)","0% (0/0)","0% (0/0)","5","5","2","2","5"
"3RKHNXPHGWP3GUIMWFP64XSLFI8UKJ","3KTTL66PWHEWHAEXOC1U8773KLQHVI","How natural (i.e. human-sounding) is this recording?","How natural (i.e. human-sounding) is this recording?","audio, naturalness, rating","$0.01","Fri Oct 18 06:57:03 PDT 2019","113","BatchId:3805676;OriginalHitTemplateId:928390811;","1800","604800","Fri Oct 25 06:57:03 PDT 2019","","","33JKGHPFYDOOYCW9ASV1UZOJUDRMNT","A3UYHP1IKCNN7K","Submitted","Fri Oct 18 07:58:48 PDT 2019","Fri Oct 18 07:59:40 PDT 2019","Fri Oct 25 07:59:40 PDT 2019","","","","52","0% (0/0)","0% (0/0)","0% (0/0)","5","5","1","1","4"
"3RKHNXPHGWP3GUIMWFP64XSLFI8UKJ","3KTTL66PWHEWHAEXOC1U8773KLQHVI","How natural (i.e. human-sounding) is this recording?","How natural (i.e. human-sounding) is this recording?","audio, naturalness, rating","$0.01","Fri Oct 18 06:57:03 PDT 2019","113","BatchId:3805676;OriginalHitTemplateId:928390811;","1800","604800","Fri Oct 25 06:57:03 PDT 2019","","","33M4IA01QHVK7MN5H6ERE09R2E3XRF","A3DQUOVL81OWGH","Submitted","Fri Oct 18 08:20:33 PDT 2019","Fri Oct 18 08:21:08 PDT 2019","Fri Oct 25 08:21:08 PDT 2019","","","","35","50% (1/2)","50% (1/2)","50% (1/2)","4","4","2","2","4"
"3RKHNXPHGWP3GUIMWFP64XSLFI8UKJ","3KTTL66PWHEWHAEXOC1U8773KLQHVI","How natural (i.e. human-sounding) is this recording?","How natural (i.e. human-sounding) is this recording?","audio, naturalness, rating","$0.01","Fri Oct 18 06:57:03 PDT 2019","113","BatchId:3805676;OriginalHitTemplateId:928390811;","1800","604800","Fri Oct 25 06:57:03 PDT 2019","","","33NF62TLXKWXPY5LAIQTMFFYWO6JKW","A2NNBL9CWH7NML","Submitted","Fri Oct 18 09:24:59 PDT 2019","Fri Oct 18 09:26:01 PDT 2019","Fri Oct 25 09:26:01 PDT 2019","","","","62","0% (0/0)","0% (0/0)","0% (0/0)","5","5","2","1","5"
"3RKHNXPHGWP3GUIMWFP64XSLFI8UKJ","3KTTL66PWHEWHAEXOC1U8773KLQHVI","How natural (i.e. human-sounding) is this recording?","How natural (i.e. human-sounding) is this recording?","audio, naturalness, rating","$0.01","Fri Oct 18 06:57:03 PDT 2019","113","BatchId:3805676;OriginalHitTemplateId:928390811;","1800","604800","Fri Oct 25 06:57:03 PDT 2019","","","33NF62TLXKWXPY5LAIQTMFFYWOOKJF","AFG3FXABPGSZS","Submitted","Fri Oct 18 07:44:10 PDT 2019","Fri Oct 18 07:45:16 PDT 2019","Fri Oct 25 07:45:16 PDT 2019","","","","66","98% (89/91)","33% (1/3)","33% (1/3)","4","5","2","2","5"
"3RKHNXPHGWP3GUIMWFP64XSLFI8UKJ","3KTTL66PWHEWHAEXOC1U8773KLQHVI","How natural (i.e. human-sounding) is this recording?","How natural (i.e. human-sounding) is this recording?","audio, naturalness, rating","$0.01","Fri Oct 18 06:57:03 PDT 2019","113","BatchId:3805676;OriginalHitTemplateId:928390811;","1800","604800","Fri Oct 25 06:57:03 PDT 2019","","","354P56DE9LX2TMHREIAYAB1ZMNE7SP","AN8KBVJO4CUDG","Submitted","Fri Oct 18 08:56:39 PDT 2019","Fri Oct 18 08:58:38 PDT 2019","Fri Oct 25 08:58:38 PDT 2019","","","","119","0% (0/0)","0% (0/0)","0% (0/0)","5","5","2","2","5"
"3RKHNXPHGWP3GUIMWFP64XSLFI8UKJ","3KTTL66PWHEWHAEXOC1U8773KLQHVI","How natural (i.e. human-sounding) is this recording?","How natural (i.e. human-sounding) is this recording?","audio, naturalness, rating","$0.01","Fri Oct 18 06:57:03 PDT 2019","113","BatchId:3805676;OriginalHitTemplateId:928390811;","1800","604800","Fri Oct 25 06:57:03 PDT 2019","","","3570Y55XZQDII1416R6HYA2T2BHYGL","A1MWYS9YMR5MGQ","Submitted","Fri Oct 18 07:49:59 PDT 2019","Fri Oct 18 07:50:20 PDT 2019","Fri Oct 25 07:50:20 PDT 2019","","","","21","0% (0/0)","0% (0/0)","0% (0/0)","5","5","1","1","5"
"3RKHNXPHGWP3GUIMWFP64XSLFI8UKJ","3KTTL66PWHEWHAEXOC1U8773KLQHVI","How natural (i.e. human-sounding) is this recording?","How natural (i.e. human-sounding) is this recording?","audio, naturalness, rating","$0.01","Fri Oct 18 06:57:03 PDT 2019","113","BatchId:3805676;OriginalHitTemplateId:928390811;","1800","604800","Fri Oct 25 06:57:03 PDT 2019","","","36DSNE9QZ6SGFPQ08AIMTWW7GTZJOZ","AT9UG11XAEDZL","Submitted","Fri Oct 18 07:47:31 PDT 2019","Fri Oct 18 07:47:49 PDT 2019","Fri Oct 25 07:47:49 PDT 2019","","","","18","0% (0/1)","0% (0/1)","0% (0/1)","5","5","1","1","4"
"3RKHNXPHGWP3GUIMWFP64XSLFI8UKJ","3KTTL66PWHEWHAEXOC1U8773KLQHVI","How natural (i.e. human-sounding) is this recording?","How natural (i.e. human-sounding) is this recording?","audio, naturalness, rating","$0.01","Fri Oct 18 06:57:03 PDT 2019","113","BatchId:3805676;OriginalHitTemplateId:928390811;","1800","604800","Fri Oct 25 06:57:03 PDT 2019","","","36V4Q8R5ZLU91991QKNIYTJOZONQMT","A3JH3YRRO8B8S5","Submitted","Fri Oct 18 08:53:07 PDT 2019","Fri Oct 18 08:53:33 PDT 2019","Fri Oct 25 08:53:33 PDT 2019","","","","26","0% (0/0)","0% (0/0)","0% (0/0)","5","5","1","1","3"
"3RKHNXPHGWP3GUIMWFP64XSLFI8UKJ","3KTTL66PWHEWHAEXOC1U8773KLQHVI","How natural (i.e. human-sounding) is this recording?","How natural (i.e. human-sounding) is this recording?","audio, naturalness, rating","$0.01","Fri Oct 18 06:57:03 PDT 2019","113","BatchId:3805676;OriginalHitTemplateId:928390811;","1800","604800","Fri Oct 25 06:57:03 PDT 2019","","","378XPAWRUD7VIACTG9S4G0X2EXCAIL","A2MPRJVMM87Q7O","Submitted","Fri Oct 18 08:21:49 PDT 2019","Fri Oct 18 08:25:38 PDT 2019","Fri Oct 25 08:25:38 PDT 2019","","","","229","0% (0/0)","0% (0/0)","0% (0/0)","5","5","2","2","5"
"3RKHNXPHGWP3GUIMWFP64XSLFI8UKJ","3KTTL66PWHEWHAEXOC1U8773KLQHVI","How natural (i.e. human-sounding) is this recording?","How natural (i.e. human-sounding) is this recording?","audio, naturalness, rating","$0.01","Fri Oct 18 06:57:03 PDT 2019","113","BatchId:3805676;OriginalHitTemplateId:928390811;","1800","604800","Fri Oct 25 06:57:03 PDT 2019","","","37FMASSAYDL01KHLMNS0BBH8WGKBI6","A3Q45FR4WZRQFG","Rejected","Fri Oct 18 10:09:34 PDT 2019","Fri Oct 18 10:09:44 PDT 2019","Fri Oct 25 10:09:44 PDT 2019","","Fri Oct 18 14:32:31 PDT 2019","Sorry, you did not pass our hidden quality assurance tests.","10","0% (0/7)","0% (0/7)","0% (0/7)","5","1","1","1","1"
"3RKHNXPHGWP3GUIMWFP64XSLFI8UKJ","3KTTL66PWHEWHAEXOC1U8773KLQHVI","How natural (i.e. human-sounding) is this recording?","How natural (i.e. human-sounding) is this recording?","audio, naturalness, rating","$0.01","Fri Oct 18 06:57:03 PDT 2019","113","BatchId:3805676;OriginalHitTemplateId:928390811;","1800","604800","Fri Oct 25 06:57:03 PDT 2019","","","37Z929RLGA2PRKEYRLDZF7THBJJSTY","A2U8IBLKZ3K6AY","Submitted","Fri Oct 18 06:58:04 PDT 2019","Fri Oct 18 06:58:54 PDT 2019","Fri Oct 25 06:58:54 PDT 2019","","","","50","0% (0/0)","0% (0/0)","0% (0/0)","4","5","2","1","5"
"3RKHNXPHGWP3GUIMWFP64XSLFI8UKJ","3KTTL66PWHEWHAEXOC1U8773KLQHVI","How natural (i.e. human-sounding) is this recording?","How natural (i.e. human-sounding) is this recording?","audio, naturalness, rating","$0.01","Fri Oct 18 06:57:03 PDT 2019","113","BatchId:3805676;OriginalHitTemplateId:928390811;","1800","604800","Fri Oct 25 06:57:03 PDT 2019","","","37Z929RLGA2PRKEYRLDZF7THBM8TSU","A13GYLXS7BJHL0","Submitted","Fri Oct 18 16:01:21 PDT 2019","Fri Oct 18 16:02:17 PDT 2019","Fri Oct 25 16:02:17 PDT 2019","","","","56","0% (0/0)","0% (0/0)","0% (0/0)","4","4","1","1","4"
"3RKHNXPHGWP3GUIMWFP64XSLFI8UKJ","3KTTL66PWHEWHAEXOC1U8773KLQHVI","How natural (i.e. human-sounding) is this recording?","How natural (i.e. human-sounding) is this recording?","audio, naturalness, rating","$0.01","Fri Oct 18 06:57:03 PDT 2019","113","BatchId:3805676;OriginalHitTemplateId:928390811;","1800","604800","Fri Oct 25 06:57:03 PDT 2019","","","37ZHEEHM6XGY95WCO39X23TNU7W73E","A2JJIYN79SQWT7","Rejected","Fri Oct 18 07:18:13 PDT 2019","Fri Oct 18 07:19:06 PDT 2019","Fri Oct 25 07:19:06 PDT 2019","","Fri Oct 18 14:32:31 PDT 2019","Sorry, you did not pass our hidden quality assurance tests.","53","0% (0/2)","0% (0/2)","0% (0/2)","1","1","5","5","1"
"3RKHNXPHGWP3GUIMWFP64XSLFI8UKJ","3KTTL66PWHEWHAEXOC1U8773KLQHVI","How natural (i.e. human-sounding) is this recording?","How natural (i.e. human-sounding) is this recording?","audio, naturalness, rating","$0.01","Fri Oct 18 06:57:03 PDT 2019","113","BatchId:3805676;OriginalHitTemplateId:928390811;","1800","604800","Fri Oct 25 06:57:03 PDT 2019","","","38BQUHLA9XU6GXWLB7VE9OOOKN1OMF","A47E0Z3LTH37V","Rejected","Fri Oct 18 08:30:49 PDT 2019","Fri Oct 18 08:33:51 PDT 2019","Fri Oct 25 08:33:51 PDT 2019","","Fri Oct 18 14:32:31 PDT 2019","Sorry, you did not pass our hidden quality assurance tests.","182","0% (0/6)","0% (0/6)","0% (0/6)","2","2","2","2","2"
"3RKHNXPHGWP3GUIMWFP64XSLFI8UKJ","3KTTL66PWHEWHAEXOC1U8773KLQHVI","How natural (i.e. human-sounding) is this recording?","How natural (i.e. human-sounding) is this recording?","audio, naturalness, rating","$0.01","Fri Oct 18 06:57:03 PDT 2019","113","BatchId:3805676;OriginalHitTemplateId:928390811;","1800","604800","Fri Oct 25 06:57:03 PDT 2019","","","38SKSKU7R2RCET3XD0HUPEDD89ZILZ","APYYV3B1MT2B6","Submitted","Fri Oct 18 07:27:43 PDT 2019","Fri Oct 18 07:28:40 PDT 2019","Fri Oct 25 07:28:40 PDT 2019","","","","57","0% (0/0)","0% (0/0)","0% (0/0)","4","4","2","2","4"
"3RKHNXPHGWP3GUIMWFP64XSLFI8UKJ","3KTTL66PWHEWHAEXOC1U8773KLQHVI","How natural (i.e. human-sounding) is this recording?","How natural (i.e. human-sounding) is this recording?","audio, naturalness, rating","$0.01","Fri Oct 18 06:57:03 PDT 2019","113","BatchId:3805676;OriginalHitTemplateId:928390811;","1800","604800","Fri Oct 25 06:57:03 PDT 2019","","","392CY0QWG2LGGLWC78ID3XB2MM0I40","A7Y524016WTCJ","Submitted","Fri Oct 18 06:57:15 PDT 2019","Fri Oct 18 06:58:20 PDT 2019","Fri Oct 25 06:58:20 PDT 2019","","","","65","0% (0/0)","0% (0/0)","0% (0/0)","3","4","1","1","3"
"3RKHNXPHGWP3GUIMWFP64XSLFI8UKJ","3KTTL66PWHEWHAEXOC1U8773KLQHVI","How natural (i.e. human-sounding) is this recording?","How natural (i.e. human-sounding) is this recording?","audio, naturalness, rating","$0.01","Fri Oct 18 06:57:03 PDT 2019","113","BatchId:3805676;OriginalHitTemplateId:928390811;","1800","604800","Fri Oct 25 06:57:03 PDT 2019","","","39RP059MEINMX37C72QS34OPDOBBMR","A2SYVP4PT7RFN1","Submitted","Fri Oct 18 07:47:01 PDT 2019","Fri Oct 18 07:47:26 PDT 2019","Fri Oct 25 07:47:26 PDT 2019","","","","25","0% (0/0)","0% (0/0)","0% (0/0)","5","5","1","1","4"
"3RKHNXPHGWP3GUIMWFP64XSLFI8UKJ","3KTTL66PWHEWHAEXOC1U8773KLQHVI","How natural (i.e. human-sounding) is this recording?","How natural (i.e. human-sounding) is this recording?","audio, naturalness, rating","$0.01","Fri Oct 18 06:57:03 PDT 2019","113","BatchId:3805676;OriginalHitTemplateId:928390811;","1800","604800","Fri Oct 25 06:57:03 PDT 2019","","","39U1BHVTDMLL73TJ16CY7ZL5J60T3T","A2U729P0YAH941","Submitted","Fri Oct 18 15:12:36 PDT 2019","Fri Oct 18 15:13:16 PDT 2019","Fri Oct 25 15:13:16 PDT 2019","","","","40","0% (0/0)","0% (0/0)","0% (0/0)","5","5","1","1","5"
"3RKHNXPHGWP3GUIMWFP64XSLFI8UKJ","3KTTL66PWHEWHAEXOC1U8773KLQHVI","How natural (i.e. human-sounding) is this recording?","How natural (i.e. human-sounding) is this recording?","audio, naturalness, rating","$0.01","Fri Oct 18 06:57:03 PDT 2019","113","BatchId:3805676;OriginalHitTemplateId:928390811;","1800","604800","Fri Oct 25 06:57:03 PDT 2019","","","39ZSFO5CA9QBSUAX4WUVS2OWYFGUJG","A1RZDDSHZ9EEA5","Submitted","Fri Oct 18 07:24:36 PDT 2019","Fri Oct 18 07:25:04 PDT 2019","Fri Oct 25 07:25:04 PDT 2019","","","","28","0% (0/0)","0% (0/0)","0% (0/0)","5","5","1","1","5"
"3RKHNXPHGWP3GUIMWFP64XSLFI8UKJ","3KTTL66PWHEWHAEXOC1U8773KLQHVI","How natural (i.e. human-sounding) is this recording?","How natural (i.e. human-sounding) is this recording?","audio, naturalness, rating","$0.01","Fri Oct 18 06:57:03 PDT 2019","113","BatchId:3805676;OriginalHitTemplateId:928390811;","1800","604800","Fri Oct 25 06:57:03 PDT 2019","","","3A7Y0R2P2PI39Y4S915IC9N0SYBXJR","A2QVLV61XCXTGF","Submitted","Fri Oct 18 11:43:02 PDT 2019","Fri Oct 18 11:43:55 PDT 2019","Fri Oct 25 11:43:55 PDT 2019","","","","53","0% (0/0)","0% (0/0)","0% (0/0)","5","5","1","1","4"
"3RKHNXPHGWP3GUIMWFP64XSLFI8UKJ","3KTTL66PWHEWHAEXOC1U8773KLQHVI","How natural (i.e. human-sounding) is this recording?","How natural (i.e. human-sounding) is this recording?","audio, naturalness, rating","$0.01","Fri Oct 18 06:57:03 PDT 2019","113","BatchId:3805676;OriginalHitTemplateId:928390811;","1800","604800","Fri Oct 25 06:57:03 PDT 2019","","","3A9AA95ATXGQTQNGY8R7HMIS8X95PP","A3JQJT926ICVSA","Submitted","Fri Oct 18 08:38:54 PDT 2019","Fri Oct 18 08:42:20 PDT 2019","Fri Oct 25 08:42:20 PDT 2019","","","","206","0% (0/0)","0% (0/0)","0% (0/0)","5","4","2","2","4"
"3RKHNXPHGWP3GUIMWFP64XSLFI8UKJ","3KTTL66PWHEWHAEXOC1U8773KLQHVI","How natural (i.e. human-sounding) is this recording?","How natural (i.e. human-sounding) is this recording?","audio, naturalness, rating","$0.01","Fri Oct 18 06:57:03 PDT 2019","113","BatchId:3805676;OriginalHitTemplateId:928390811;","1800","604800","Fri Oct 25 06:57:03 PDT 2019","","","3AMYWKA6YCG4RUBTOROXKSR2UOKO65","A15YW20ECG4OCA","Submitted","Fri Oct 18 11:26:11 PDT 2019","Fri Oct 18 11:27:00 PDT 2019","Fri Oct 25 11:27:00 PDT 2019","","","","49","0% (0/1)","0% (0/1)","0% (0/1)","5","5","1","1","3"
"3RKHNXPHGWP3GUIMWFP64XSLFI8UKJ","3KTTL66PWHEWHAEXOC1U8773KLQHVI","How natural (i.e. human-sounding) is this recording?","How natural (i.e. human-sounding) is this recording?","audio, naturalness, rating","$0.01","Fri Oct 18 06:57:03 PDT 2019","113","BatchId:3805676;OriginalHitTemplateId:928390811;","1800","604800","Fri Oct 25 06:57:03 PDT 2019","","","3AWETUDC93MWJIK1S183XTOBNH3ZIT","AIW0NZAKX4B56","Submitted","Fri Oct 18 07:01:39 PDT 2019","Fri Oct 18 07:02:05 PDT 2019","Fri Oct 25 07:02:05 PDT 2019","","","","26","0% (0/0)","0% (0/0)","0% (0/0)","5","4","1","1","5"
"3RKHNXPHGWP3GUIMWFP64XSLFI8UKJ","3KTTL66PWHEWHAEXOC1U8773KLQHVI","How natural (i.e. human-sounding) is this recording?","How natural (i.e. human-sounding) is this recording?","audio, naturalness, rating","$0.01","Fri Oct 18 06:57:03 PDT 2019","113","BatchId:3805676;OriginalHitTemplateId:928390811;","1800","604800","Fri Oct 25 06:57:03 PDT 2019","","","3BWI6RSP7H31J3C9DNQTLUXKLYE7E1","AQ40T3X3S8D8G","Submitted","Fri Oct 18 16:36:15 PDT 2019","Fri Oct 18 16:38:40 PDT 2019","Fri Oct 25 16:38:40 PDT 2019","","","","145","0% (0/0)","0% (0/0)","0% (0/0)","3","4","1","2","3"
"3RKHNXPHGWP3GUIMWFP64XSLFI8UKJ","3KTTL66PWHEWHAEXOC1U8773KLQHVI","How natural (i.e. human-sounding) is this recording?","How natural (i.e. human-sounding) is this recording?","audio, naturalness, rating","$0.01","Fri Oct 18 06:57:03 PDT 2019","113","BatchId:3805676;OriginalHitTemplateId:928390811;","1800","604800","Fri Oct 25 06:57:03 PDT 2019","","","3BXQMRHWK0S1T2GI7T7N8UGD29UUM3","A3KMCTL5ILQH33","Submitted","Fri Oct 18 08:57:05 PDT 2019","Fri Oct 18 08:57:48 PDT 2019","Fri Oct 25 08:57:48 PDT 2019","","","","43","0% (0/1)","0% (0/1)","0% (0/1)","5","5","1","1","4"
"3RKHNXPHGWP3GUIMWFP64XSLFI8UKJ","3KTTL66PWHEWHAEXOC1U8773KLQHVI","How natural (i.e. human-sounding) is this recording?","How natural (i.e. human-sounding) is this recording?","audio, naturalness, rating","$0.01","Fri Oct 18 06:57:03 PDT 2019","113","BatchId:3805676;OriginalHitTemplateId:928390811;","1800","604800","Fri Oct 25 06:57:03 PDT 2019","","","3C2NJ6JBKBBYR8SG0ACHFQALOA8N25","A3P1OQJCMENZ4M","Submitted","Fri Oct 18 14:41:52 PDT 2019","Fri Oct 18 14:42:42 PDT 2019","Fri Oct 25 14:42:42 PDT 2019","","","","50","0% (0/0)","0% (0/0)","0% (0/0)","4","4","1","1","4"
"3RKHNXPHGWP3GUIMWFP64XSLFI8UKJ","3KTTL66PWHEWHAEXOC1U8773KLQHVI","How natural (i.e. human-sounding) is this recording?","How natural (i.e. human-sounding) is this recording?","audio, naturalness, rating","$0.01","Fri Oct 18 06:57:03 PDT 2019","113","BatchId:3805676;OriginalHitTemplateId:928390811;","1800","604800","Fri Oct 25 06:57:03 PDT 2019","","","3CCZ6YKWR8D51379HJVAVWID3VN59U","A19NGUFGC7KIGW","Submitted","Fri Oct 18 15:04:42 PDT 2019","Fri Oct 18 15:06:48 PDT 2019","Fri Oct 25 15:06:48 PDT 2019","","","","126","0% (0/0)","0% (0/0)","0% (0/0)","5","5","3","3","5"
"3RKHNXPHGWP3GUIMWFP64XSLFI8UKJ","3KTTL66PWHEWHAEXOC1U8773KLQHVI","How natural (i.e. human-sounding) is this recording?","How natural (i.e. human-sounding) is this recording?","audio, naturalness, rating","$0.01","Fri Oct 18 06:57:03 PDT 2019","113","BatchId:3805676;OriginalHitTemplateId:928390811;","1800","604800","Fri Oct 25 06:57:03 PDT 2019","","","3D8YOU6S9FEZ4ZVQKD06JYJRC9Y6UO","A17QF5D4TKE975","Submitted","Fri Oct 18 07:31:10 PDT 2019","Fri Oct 18 07:32:53 PDT 2019","Fri Oct 25 07:32:53 PDT 2019","","","","103","100% (1/1)","100% (1/1)","100% (1/1)","5","5","2","2","4"
"3RKHNXPHGWP3GUIMWFP64XSLFI8UKJ","3KTTL66PWHEWHAEXOC1U8773KLQHVI","How natural (i.e. human-sounding) is this recording?","How natural (i.e. human-sounding) is this recording?","audio, naturalness, rating","$0.01","Fri Oct 18 06:57:03 PDT 2019","113","BatchId:3805676;OriginalHitTemplateId:928390811;","1800","604800","Fri Oct 25 06:57:03 PDT 2019","","","3DBQWDE4Y7SQQ5B3ITEFDXDX8IUN5X","AUA2P8CCPR5GS","Submitted","Fri Oct 18 07:32:46 PDT 2019","Fri Oct 18 07:33:22 PDT 2019","Fri Oct 25 07:33:22 PDT 2019","","","","36","0% (0/3)","0% (0/3)","0% (0/3)","4","3","2","2","3"
"3RKHNXPHGWP3GUIMWFP64XSLFI8UKJ","3KTTL66PWHEWHAEXOC1U8773KLQHVI","How natural (i.e. human-sounding) is this recording?","How natural (i.e. human-sounding) is this recording?","audio, naturalness, rating","$0.01","Fri Oct 18 06:57:03 PDT 2019","113","BatchId:3805676;OriginalHitTemplateId:928390811;","1800","604800","Fri Oct 25 06:57:03 PDT 2019","","","3DH6GAKTYZJI9IZ6WJU6JHIZD1SZYS","A3NS43C18XRZ3V","Submitted","Fri Oct 18 09:26:37 PDT 2019","Fri Oct 18 09:28:15 PDT 2019","Fri Oct 25 09:28:15 PDT 2019","","","","98","0% (0/0)","0% (0/0)","0% (0/0)","5","5","2","2","3"
"3RKHNXPHGWP3GUIMWFP64XSLFI8UKJ","3KTTL66PWHEWHAEXOC1U8773KLQHVI","How natural (i.e. human-sounding) is this recording?","How natural (i.e. human-sounding) is this recording?","audio, naturalness, rating","$0.01","Fri Oct 18 06:57:03 PDT 2019","113","BatchId:3805676;OriginalHitTemplateId:928390811;","1800","604800","Fri Oct 25 06:57:03 PDT 2019","","","3DUZQ9U6SNI44CINWGDEGPH285GSVX","A275STSZHFODG6","Rejected","Fri Oct 18 08:32:53 PDT 2019","Fri Oct 18 08:33:03 PDT 2019","Fri Oct 25 08:33:03 PDT 2019","","Fri Oct 18 14:32:31 PDT 2019","Sorry, you did not pass our hidden quality assurance tests.","10","0% (0/6)","0% (0/6)","0% (0/6)","3","3","3","3","3"
"3RKHNXPHGWP3GUIMWFP64XSLFI8UKJ","3KTTL66PWHEWHAEXOC1U8773KLQHVI","How natural (i.e. human-sounding) is this recording?","How natural (i.e. human-sounding) is this recording?","audio, naturalness, rating","$0.01","Fri Oct 18 06:57:03 PDT 2019","113","BatchId:3805676;OriginalHitTemplateId:928390811;","1800","604800","Fri Oct 25 06:57:03 PDT 2019","","","3DYGAII7PM2FMC6EI0FAFXDJ4SDPQ1","AOE2VD09DHOET","Submitted","Fri Oct 18 06:57:27 PDT 2019","Fri Oct 18 06:57:50 PDT 2019","Fri Oct 25 06:57:50 PDT 2019","","","","23","0% (0/0)","0% (0/0)","0% (0/0)","4","4","1","1","4"
"3RKHNXPHGWP3GUIMWFP64XSLFI8UKJ","3KTTL66PWHEWHAEXOC1U8773KLQHVI","How natural (i.e. human-sounding) is this recording?","How natural (i.e. human-sounding) is this recording?","audio, naturalness, rating","$0.01","Fri Oct 18 06:57:03 PDT 2019","113","BatchId:3805676;OriginalHitTemplateId:928390811;","1800","604800","Fri Oct 25 06:57:03 PDT 2019","","","3E4GGUZ1T9LXJ27D3XK1NYTHUE4K2W","A2CDAR9ABRXAJG","Submitted","Fri Oct 18 10:58:40 PDT 2019","Fri Oct 18 10:59:56 PDT 2019","Fri Oct 25 10:59:56 PDT 2019","","","","76","100% (1/1)","100% (1/1)","100% (1/1)","5","5","1","1","5"
"3RKHNXPHGWP3GUIMWFP64XSLFI8UKJ","3KTTL66PWHEWHAEXOC1U8773KLQHVI","How natural (i.e. human-sounding) is this recording?","How natural (i.e. human-sounding) is this recording?","audio, naturalness, rating","$0.01","Fri Oct 18 06:57:03 PDT 2019","113","BatchId:3805676;OriginalHitTemplateId:928390811;","1800","604800","Fri Oct 25 06:57:03 PDT 2019","","","3EICBYG645QF60TXI59VYW2QRE7CJK","A2KJ983WWTEK4L","Submitted","Fri Oct 18 07:03:54 PDT 2019","Fri Oct 18 07:05:21 PDT 2019","Fri Oct 25 07:05:21 PDT 2019","","","","87","0% (0/0)","0% (0/0)","0% (0/0)","4","4","2","2","4"
"3RKHNXPHGWP3GUIMWFP64XSLFI8UKJ","3KTTL66PWHEWHAEXOC1U8773KLQHVI","How natural (i.e. human-sounding) is this recording?","How natural (i.e. human-sounding) is this recording?","audio, naturalness, rating","$0.01","Fri Oct 18 06:57:03 PDT 2019","113","BatchId:3805676;OriginalHitTemplateId:928390811;","1800","604800","Fri Oct 25 06:57:03 PDT 2019","","","3EICBYG645QF60TXI59VYW2QRFAJCW","AAXILKN9M4YW1","Submitted","Fri Oct 18 07:29:11 PDT 2019","Fri Oct 18 07:30:27 PDT 2019","Fri Oct 25 07:30:27 PDT 2019","","","","76","0% (0/1)","0% (0/1)","0% (0/1)","5","5","1","1","5"
"3RKHNXPHGWP3GUIMWFP64XSLFI8UKJ","3KTTL66PWHEWHAEXOC1U8773KLQHVI","How natural (i.e. human-sounding) is this recording?","How natural (i.e. human-sounding) is this recording?","audio, naturalness, rating","$0.01","Fri Oct 18 06:57:03 PDT 2019","113","BatchId:3805676;OriginalHitTemplateId:928390811;","1800","604800","Fri Oct 25 06:57:03 PDT 2019","","","3FTYUGLFSVFH4TKQTZ0CHS13UFSD57","AOEO9ZV81R0I4","Submitted","Fri Oct 18 10:18:23 PDT 2019","Fri Oct 18 10:19:39 PDT 2019","Fri Oct 25 10:19:39 PDT 2019","","","","76","0% (0/0)","0% (0/0)","0% (0/0)","5","5","1","1","5"
"3RKHNXPHGWP3GUIMWFP64XSLFI8UKJ","3KTTL66PWHEWHAEXOC1U8773KLQHVI","How natural (i.e. human-sounding) is this recording?","How natural (i.e. human-sounding) is this recording?","audio, naturalness, rating","$0.01","Fri Oct 18 06:57:03 PDT 2019","113","BatchId:3805676;OriginalHitTemplateId:928390811;","1800","604800","Fri Oct 25 06:57:03 PDT 2019","","","3GDTJDAPVV53V5954Q6IC2YO5JUM89","A26DZCJ1QQQ48","Submitted","Fri Oct 18 11:20:49 PDT 2019","Fri Oct 18 11:21:21 PDT 2019","Fri Oct 25 11:21:21 PDT 2019","","","","32","0% (0/0)","0% (0/0)","0% (0/0)","5","5","1","1","5"
"3RKHNXPHGWP3GUIMWFP64XSLFI8UKJ","3KTTL66PWHEWHAEXOC1U8773KLQHVI","How natural (i.e. human-sounding) is this recording?","How natural (i.e. human-sounding) is this recording?","audio, naturalness, rating","$0.01","Fri Oct 18 06:57:03 PDT 2019","113","BatchId:3805676;OriginalHitTemplateId:928390811;","1800","604800","Fri Oct 25 06:57:03 PDT 2019","","","3GLB5JMZFYPFKQ9AAVJ3LPSSKM1GDJ","A9L9F3ZBPMFFD","Submitted","Fri Oct 18 06:58:16 PDT 2019","Fri Oct 18 06:58:58 PDT 2019","Fri Oct 25 06:58:58 PDT 2019","","","","42","0% (0/0)","0% (0/0)","0% (0/0)","4","4","1","1","4"
"3RKHNXPHGWP3GUIMWFP64XSLFI8UKJ","3KTTL66PWHEWHAEXOC1U8773KLQHVI","How natural (i.e. human-sounding) is this recording?","How natural (i.e. human-sounding) is this recording?","audio, naturalness, rating","$0.01","Fri Oct 18 06:57:03 PDT 2019","113","BatchId:3805676;OriginalHitTemplateId:928390811;","1800","604800","Fri Oct 25 06:57:03 PDT 2019","","","3H7XDTSHKDLETW91RQOTDDHDR29GWU","A123PRPS8F3DE","Submitted","Fri Oct 18 07:13:14 PDT 2019","Fri Oct 18 07:13:45 PDT 2019","Fri Oct 25 07:13:45 PDT 2019","","","","31","0% (0/0)","0% (0/0)","0% (0/0)","4","4","2","2","5"
"3RKHNXPHGWP3GUIMWFP64XSLFI8UKJ","3KTTL66PWHEWHAEXOC1U8773KLQHVI","How natural (i.e. human-sounding) is this recording?","How natural (i.e. human-sounding) is this recording?","audio, naturalness, rating","$0.01","Fri Oct 18 06:57:03 PDT 2019","113","BatchId:3805676;OriginalHitTemplateId:928390811;","1800","604800","Fri Oct 25 06:57:03 PDT 2019","","","3HFNH7HEMI899ZDFFHPNLOZR34WGQ0","AK0R311RKPCQQ","Submitted","Fri Oct 18 14:22:14 PDT 2019","Fri Oct 18 14:23:07 PDT 2019","Fri Oct 25 14:23:07 PDT 2019","","","","53","0% (0/0)","0% (0/0)","0% (0/0)","5","5","2","2","5"
"3RKHNXPHGWP3GUIMWFP64XSLFI8UKJ","3KTTL66PWHEWHAEXOC1U8773KLQHVI","How natural (i.e. human-sounding) is this recording?","How natural (i.e. human-sounding) is this recording?","audio, naturalness, rating","$0.01","Fri Oct 18 06:57:03 PDT 2019","113","BatchId:3805676;OriginalHitTemplateId:928390811;","1800","604800","Fri Oct 25 06:57:03 PDT 2019","","","3HHRAGRYX9ZR9DDRMYR942I4KNDO9X","A1UUSM4E3E5BIF","Submitted","Fri Oct 18 06:59:27 PDT 2019","Fri Oct 18 07:00:54 PDT 2019","Fri Oct 25 07:00:54 PDT 2019","","","","87","0% (0/0)","0% (0/0)","0% (0/0)","5","5","2","2","5"
"3RKHNXPHGWP3GUIMWFP64XSLFI8UKJ","3KTTL66PWHEWHAEXOC1U8773KLQHVI","How natural (i.e. human-sounding) is this recording?","How natural (i.e. human-sounding) is this recording?","audio, naturalness, rating","$0.01","Fri Oct 18 06:57:03 PDT 2019","113","BatchId:3805676;OriginalHitTemplateId:928390811;","1800","604800","Fri Oct 25 06:57:03 PDT 2019","","","3HUTX6F6VVHG9TSS1PCUUFAQEKR2OD","AY0R6NKZJK1L2","Submitted","Fri Oct 18 15:45:47 PDT 2019","Fri Oct 18 15:47:12 PDT 2019","Fri Oct 25 15:47:12 PDT 2019","","","","85","0% (0/0)","0% (0/0)","0% (0/0)","5","4","1","1","2"
"3RKHNXPHGWP3GUIMWFP64XSLFI8UKJ","3KTTL66PWHEWHAEXOC1U8773KLQHVI","How natural (i.e. human-sounding) is this recording?","How natural (i.e. human-sounding) is this recording?","audio, naturalness, rating","$0.01","Fri Oct 18 06:57:03 PDT 2019","113","BatchId:3805676;OriginalHitTemplateId:928390811;","1800","604800","Fri Oct 25 06:57:03 PDT 2019","","","3I02618YA107E5DVZ9ZFPYA87FWPUN","A1547TGUAR30T5","Submitted","Fri Oct 18 11:12:22 PDT 2019","Fri Oct 18 11:12:40 PDT 2019","Fri Oct 25 11:12:40 PDT 2019","","","","18","0% (0/0)","0% (0/0)","0% (0/0)","5","5","1","1","5"
"3RKHNXPHGWP3GUIMWFP64XSLFI8UKJ","3KTTL66PWHEWHAEXOC1U8773KLQHVI","How natural (i.e. human-sounding) is this recording?","How natural (i.e. human-sounding) is this recording?","audio, naturalness, rating","$0.01","Fri Oct 18 06:57:03 PDT 2019","113","BatchId:3805676;OriginalHitTemplateId:928390811;","1800","604800","Fri Oct 25 06:57:03 PDT 2019","","","3IAEQB9FMFEBHCZAP0NL7SEGEARDWF","A9UBQFKRJUYNA","Submitted","Fri Oct 18 06:57:42 PDT 2019","Fri Oct 18 06:59:15 PDT 2019","Fri Oct 25 06:59:15 PDT 2019","","","","93","0% (0/0)","0% (0/0)","0% (0/0)","5","5","1","1","3"
"3RKHNXPHGWP3GUIMWFP64XSLFI8UKJ","3KTTL66PWHEWHAEXOC1U8773KLQHVI","How natural (i.e. human-sounding) is this recording?","How natural (i.e. human-sounding) is this recording?","audio, naturalness, rating","$0.01","Fri Oct 18 06:57:03 PDT 2019","113","BatchId:3805676;OriginalHitTemplateId:928390811;","1800","604800","Fri Oct 25 06:57:03 PDT 2019","","","3IKZ72A5B5AIS24SO5ROZ94AXCENFM","A1JPSNSYUZHWCZ","Submitted","Fri Oct 18 07:54:45 PDT 2019","Fri Oct 18 07:55:25 PDT 2019","Fri Oct 25 07:55:25 PDT 2019","","","","40","0% (0/0)","0% (0/0)","0% (0/0)","5","5","1","1","5"
"3RKHNXPHGWP3GUIMWFP64XSLFI8UKJ","3KTTL66PWHEWHAEXOC1U8773KLQHVI","How natural (i.e. human-sounding) is this recording?","How natural (i.e. human-sounding) is this recording?","audio, naturalness, rating","$0.01","Fri Oct 18 06:57:03 PDT 2019","113","BatchId:3805676;OriginalHitTemplateId:928390811;","1800","604800","Fri Oct 25 06:57:03 PDT 2019","","","3JC6VJ2SACDJ6MHE9P9ARRTX9ARA5U","A2EDXG20X549GI","Rejected","Fri Oct 18 07:04:35 PDT 2019","Fri Oct 18 07:04:49 PDT 2019","Fri Oct 25 07:04:49 PDT 2019","","Fri Oct 18 07:17:40 PDT 2019","Sorry, you did not pass our hidden quality assurance tests.","14","0% (0/8)","0% (0/8)","0% (0/8)","5","4","5","4","4"
"3RKHNXPHGWP3GUIMWFP64XSLFI8UKJ","3KTTL66PWHEWHAEXOC1U8773KLQHVI","How natural (i.e. human-sounding) is this recording?","How natural (i.e. human-sounding) is this recording?","audio, naturalness, rating","$0.01","Fri Oct 18 06:57:03 PDT 2019","113","BatchId:3805676;OriginalHitTemplateId:928390811;","1800","604800","Fri Oct 25 06:57:03 PDT 2019","","","3JNQLM5FT5G838PVOXW22Y6WJC02L4","AKXY2ATEM5DC2","Submitted","Fri Oct 18 07:11:17 PDT 2019","Fri Oct 18 07:12:03 PDT 2019","Fri Oct 25 07:12:03 PDT 2019","","","","46","100% (1/1)","100% (1/1)","100% (1/1)","5","5","2","2","5"
"3RKHNXPHGWP3GUIMWFP64XSLFI8UKJ","3KTTL66PWHEWHAEXOC1U8773KLQHVI","How natural (i.e. human-sounding) is this recording?","How natural (i.e. human-sounding) is this recording?","audio, naturalness, rating","$0.01","Fri Oct 18 06:57:03 PDT 2019","113","BatchId:3805676;OriginalHitTemplateId:928390811;","1800","604800","Fri Oct 25 06:57:03 PDT 2019","","","3K2755HG5TX96QDFZBDL34SGJ71DFH","A1DXYZ9EW2R6DT","Rejected","Fri Oct 18 06:57:06 PDT 2019","Fri Oct 18 06:57:25 PDT 2019","Fri Oct 25 06:57:25 PDT 2019","","Fri Oct 18 07:17:41 PDT 2019","Sorry, you did not pass our hidden quality assurance tests.","19","0% (0/4)","0% (0/4)","0% (0/4)","4","2","4","3","3"
"3RKHNXPHGWP3GUIMWFP64XSLFI8UKJ","3KTTL66PWHEWHAEXOC1U8773KLQHVI","How natural (i.e. human-sounding) is this recording?","How natural (i.e. human-sounding) is this recording?","audio, naturalness, rating","$0.01","Fri Oct 18 06:57:03 PDT 2019","113","BatchId:3805676;OriginalHitTemplateId:928390811;","1800","604800","Fri Oct 25 06:57:03 PDT 2019","","","3K772S5NP95YCSILQWC5C7MEZ0MEHK","A89Q39VP4TT19","Submitted","Fri Oct 18 10:32:43 PDT 2019","Fri Oct 18 10:34:05 PDT 2019","Fri Oct 25 10:34:05 PDT 2019","","","","82","0% (0/0)","0% (0/0)","0% (0/0)","5","5","1","1","5"
"3RKHNXPHGWP3GUIMWFP64XSLFI8UKJ","3KTTL66PWHEWHAEXOC1U8773KLQHVI","How natural (i.e. human-sounding) is this recording?","How natural (i.e. human-sounding) is this recording?","audio, naturalness, rating","$0.01","Fri Oct 18 06:57:03 PDT 2019","113","BatchId:3805676;OriginalHitTemplateId:928390811;","1800","604800","Fri Oct 25 06:57:03 PDT 2019","","","3KB8R4ZV1F1M5TBQWZSXQZ4SH3VGBM","A3RRARK6B8S0R3","Submitted","Fri Oct 18 10:24:52 PDT 2019","Fri Oct 18 10:25:13 PDT 2019","Fri Oct 25 10:25:13 PDT 2019","","","","21","0% (0/0)","0% (0/0)","0% (0/0)","5","5","1","1","5"
"3RKHNXPHGWP3GUIMWFP64XSLFI8UKJ","3KTTL66PWHEWHAEXOC1U8773KLQHVI","How natural (i.e. human-sounding) is this recording?","How natural (i.e. human-sounding) is this recording?","audio, naturalness, rating","$0.01","Fri Oct 18 06:57:03 PDT 2019","113","BatchId:3805676;OriginalHitTemplateId:928390811;","1800","604800","Fri Oct 25 06:57:03 PDT 2019","","","3KIBXJ1WD6OBQ9WIQVIYUBWKVHPKON","A107IP0ASI3XB0","Rejected","Fri Oct 18 06:58:15 PDT 2019","Fri Oct 18 06:58:47 PDT 2019","Fri Oct 25 06:58:47 PDT 2019","","Fri Oct 18 07:17:41 PDT 2019","Sorry, you did not pass our hidden quality assurance tests.","32","0% (0/9)","0% (0/9)","0% (0/9)","4","4","3","4","4"
"3RKHNXPHGWP3GUIMWFP64XSLFI8UKJ","3KTTL66PWHEWHAEXOC1U8773KLQHVI","How natural (i.e. human-sounding) is this recording?","How natural (i.e. human-sounding) is this recording?","audio, naturalness, rating","$0.01","Fri Oct 18 06:57:03 PDT 2019","113","BatchId:3805676;OriginalHitTemplateId:928390811;","1800","604800","Fri Oct 25 06:57:03 PDT 2019","","","3KIBXJ1WD6OBQ9WIQVIYUBWKVI6OKA","A18H3EK547GHD4","Submitted","Fri Oct 18 08:30:42 PDT 2019","Fri Oct 18 08:31:29 PDT 2019","Fri Oct 25 08:31:29 PDT 2019","","","","47","100% (1/1)","100% (1/1)","100% (1/1)","5","5","2","2","5"
"3RKHNXPHGWP3GUIMWFP64XSLFI8UKJ","3KTTL66PWHEWHAEXOC1U8773KLQHVI","How natural (i.e. human-sounding) is this recording?","How natural (i.e. human-sounding) is this recording?","audio, naturalness, rating","$0.01","Fri Oct 18 06:57:03 PDT 2019","113","BatchId:3805676;OriginalHitTemplateId:928390811;","1800","604800","Fri Oct 25 06:57:03 PDT 2019","","","3KIBXJ1WD6OBQ9WIQVIYUBWKVK1KO5","A2CBF8STL5PVTL","Submitted","Fri Oct 18 14:51:18 PDT 2019","Fri Oct 18 14:52:17 PDT 2019","Fri Oct 25 14:52:17 PDT 2019","","","","59","0% (0/0)","0% (0/0)","0% (0/0)","5","5","2","2","5"
"3RKHNXPHGWP3GUIMWFP64XSLFI8UKJ","3KTTL66PWHEWHAEXOC1U8773KLQHVI","How natural (i.e. human-sounding) is this recording?","How natural (i.e. human-sounding) is this recording?","audio, naturalness, rating","$0.01","Fri Oct 18 06:57:03 PDT 2019","113","BatchId:3805676;OriginalHitTemplateId:928390811;","1800","604800","Fri Oct 25 06:57:03 PDT 2019","","","3KWTYT0871X0258I6GY005983NH5L0","A33E8Y1HC6MVTC","Submitted","Fri Oct 18 09:27:24 PDT 2019","Fri Oct 18 09:28:34 PDT 2019","Fri Oct 25 09:28:34 PDT 2019","","","","70","0% (0/1)","0% (0/1)","0% (0/1)","5","5","1","1","5"
"3RKHNXPHGWP3GUIMWFP64XSLFI8UKJ","3KTTL66PWHEWHAEXOC1U8773KLQHVI","How natural (i.e. human-sounding) is this recording?","How natural (i.e. human-sounding) is this recording?","audio, naturalness, rating","$0.01","Fri Oct 18 06:57:03 PDT 2019","113","BatchId:3805676;OriginalHitTemplateId:928390811;","1800","604800","Fri Oct 25 06:57:03 PDT 2019","","","3KYQYYSHYW13C3Q8YEWBQY1UB9WODK","A27M3LNDAZE8PN","Submitted","Fri Oct 18 07:30:06 PDT 2019","Fri Oct 18 07:30:37 PDT 2019","Fri Oct 25 07:30:37 PDT 2019","","","","31","0% (0/0)","0% (0/0)","0% (0/0)","5","5","2","1","5"
"3RKHNXPHGWP3GUIMWFP64XSLFI8UKJ","3KTTL66PWHEWHAEXOC1U8773KLQHVI","How natural (i.e. human-sounding) is this recording?","How natural (i.e. human-sounding) is this recording?","audio, naturalness, rating","$0.01","Fri Oct 18 06:57:03 PDT 2019","113","BatchId:3805676;OriginalHitTemplateId:928390811;","1800","604800","Fri Oct 25 06:57:03 PDT 2019","","","3L4D84MIL0M6N84D4XNW9NZ647FHJ3","A1POBG27PTO9DX","Submitted","Fri Oct 18 07:25:55 PDT 2019","Fri Oct 18 07:31:06 PDT 2019","Fri Oct 25 07:31:06 PDT 2019","","","","311","100% (1/1)","100% (1/1)","100% (1/1)","4","5","2","2","5"
"3RKHNXPHGWP3GUIMWFP64XSLFI8UKJ","3KTTL66PWHEWHAEXOC1U8773KLQHVI","How natural (i.e. human-sounding) is this recording?","How natural (i.e. human-sounding) is this recording?","audio, naturalness, rating","$0.01","Fri Oct 18 06:57:03 PDT 2019","113","BatchId:3805676;OriginalHitTemplateId:928390811;","1800","604800","Fri Oct 25 06:57:03 PDT 2019","","","3LEIZ60CDKT38HRYO72QK0P84TG9ZO","A1KX59GUTSMLH","Submitted","Fri Oct 18 13:56:24 PDT 2019","Fri Oct 18 13:57:07 PDT 2019","Fri Oct 25 13:57:07 PDT 2019","","","","43","0% (0/0)","0% (0/0)","0% (0/0)","5","5","1","1","3"
"3RKHNXPHGWP3GUIMWFP64XSLFI8UKJ","3KTTL66PWHEWHAEXOC1U8773KLQHVI","How natural (i.e. human-sounding) is this recording?","How natural (i.e. human-sounding) is this recording?","audio, naturalness, rating","$0.01","Fri Oct 18 06:57:03 PDT 2019","113","BatchId:3805676;OriginalHitTemplateId:928390811;","1800","604800","Fri Oct 25 06:57:03 PDT 2019","","","3LPW2N6LKUW3LVVCFUQ1RS5RGEL5U5","A1YNBQAKX6FUVW","Submitted","Fri Oct 18 07:19:31 PDT 2019","Fri Oct 18 07:20:03 PDT 2019","Fri Oct 25 07:20:03 PDT 2019","","","","32","0% (0/0)","0% (0/0)","0% (0/0)","5","5","1","1","5"
"3RKHNXPHGWP3GUIMWFP64XSLFI8UKJ","3KTTL66PWHEWHAEXOC1U8773KLQHVI","How natural (i.e. human-sounding) is this recording?","How natural (i.e. human-sounding) is this recording?","audio, naturalness, rating","$0.01","Fri Oct 18 06:57:03 PDT 2019","113","BatchId:3805676;OriginalHitTemplateId:928390811;","1800","604800","Fri Oct 25 06:57:03 PDT 2019","","","3LRKMWOKB6BS8X6Z3YNBADHUYMM2Z3","AVDUXHRQITRAV","Submitted","Fri Oct 18 08:20:08 PDT 2019","Fri Oct 18 08:22:07 PDT 2019","Fri Oct 25 08:22:07 PDT 2019","","","","119","0% (0/0)","0% (0/0)","0% (0/0)","3","3","1","1","3"
"3RKHNXPHGWP3GUIMWFP64XSLFI8UKJ","3KTTL66PWHEWHAEXOC1U8773KLQHVI","How natural (i.e. human-sounding) is this recording?","How natural (i.e. human-sounding) is this recording?","audio, naturalness, rating","$0.01","Fri Oct 18 06:57:03 PDT 2019","113","BatchId:3805676;OriginalHitTemplateId:928390811;","1800","604800","Fri Oct 25 06:57:03 PDT 2019","","","3LRKMWOKB6BS8X6Z3YNBADHUYNOZ24","ABK10CBIHVDHY","Rejected","Fri Oct 18 11:48:41 PDT 2019","Fri Oct 18 11:49:00 PDT 2019","Fri Oct 25 11:49:00 PDT 2019","","Fri Oct 18 14:32:31 PDT 2019","Sorry, you did not pass our hidden quality assurance tests.","19","0% (0/5)","0% (0/5)","0% (0/5)","3","3","3","3","3"
"3RKHNXPHGWP3GUIMWFP64XSLFI8UKJ","3KTTL66PWHEWHAEXOC1U8773KLQHVI","How natural (i.e. human-sounding) is this recording?","How natural (i.e. human-sounding) is this recording?","audio, naturalness, rating","$0.01","Fri Oct 18 06:57:03 PDT 2019","113","BatchId:3805676;OriginalHitTemplateId:928390811;","1800","604800","Fri Oct 25 06:57:03 PDT 2019","","","3M23Y66PO31JPM3MV8564X13RC6S6N","A23K0YTNUJ0GKR","Submitted","Fri Oct 18 09:48:44 PDT 2019","Fri Oct 18 09:50:01 PDT 2019","Fri Oct 25 09:50:01 PDT 2019","","","","77","0% (0/0)","0% (0/0)","0% (0/0)","4","3","2","2","4"
"3RKHNXPHGWP3GUIMWFP64XSLFI8UKJ","3KTTL66PWHEWHAEXOC1U8773KLQHVI","How natural (i.e. human-sounding) is this recording?","How natural (i.e. human-sounding) is this recording?","audio, naturalness, rating","$0.01","Fri Oct 18 06:57:03 PDT 2019","113","BatchId:3805676;OriginalHitTemplateId:928390811;","1800","604800","Fri Oct 25 06:57:03 PDT 2019","","","3M68NM076I17O739GJ51ENW75BZR6C","A2GYEDU9S4ERDX","Submitted","Fri Oct 18 10:54:36 PDT 2019","Fri Oct 18 10:56:50 PDT 2019","Fri Oct 25 10:56:50 PDT 2019","","","","134","0% (0/1)","0% (0/1)","0% (0/1)","4","5","2","2","5"
"3RKHNXPHGWP3GUIMWFP64XSLFI8UKJ","3KTTL66PWHEWHAEXOC1U8773KLQHVI","How natural (i.e. human-sounding) is this recording?","How natural (i.e. human-sounding) is this recording?","audio, naturalness, rating","$0.01","Fri Oct 18 06:57:03 PDT 2019","113","BatchId:3805676;OriginalHitTemplateId:928390811;","1800","604800","Fri Oct 25 06:57:03 PDT 2019","","","3NPFYT4IZDYTIWER1VKFFWVK05MGXW","A3V3D0NQ83KVYW","Submitted","Fri Oct 18 07:45:09 PDT 2019","Fri Oct 18 07:46:10 PDT 2019","Fri Oct 25 07:46:10 PDT 2019","","","","61","0% (0/0)","0% (0/0)","0% (0/0)","5","5","1","1","5"
"3RKHNXPHGWP3GUIMWFP64XSLFI8UKJ","3KTTL66PWHEWHAEXOC1U8773KLQHVI","How natural (i.e. human-sounding) is this recording?","How natural (i.e. human-sounding) is this recording?","audio, naturalness, rating","$0.01","Fri Oct 18 06:57:03 PDT 2019","113","BatchId:3805676;OriginalHitTemplateId:928390811;","1800","604800","Fri Oct 25 06:57:03 PDT 2019","","","3O6CYIULEEVXYEAWBVDAHSI40BYUWK","A1RXX24QADJ3HP","Submitted","Fri Oct 18 08:01:37 PDT 2019","Fri Oct 18 08:02:02 PDT 2019","Fri Oct 25 08:02:02 PDT 2019","","","","25","0% (0/0)","0% (0/0)","0% (0/0)","5","5","1","1","4"
"3RKHNXPHGWP3GUIMWFP64XSLFI8UKJ","3KTTL66PWHEWHAEXOC1U8773KLQHVI","How natural (i.e. human-sounding) is this recording?","How natural (i.e. human-sounding) is this recording?","audio, naturalness, rating","$0.01","Fri Oct 18 06:57:03 PDT 2019","113","BatchId:3805676;OriginalHitTemplateId:928390811;","1800","604800","Fri Oct 25 06:57:03 PDT 2019","","","3OUYGIZWR8SRYJ1F12LV0RM1RPA0PB","A1CYWO3HL37UVG","Submitted","Fri Oct 18 09:37:39 PDT 2019","Fri Oct 18 09:38:48 PDT 2019","Fri Oct 25 09:38:48 PDT 2019","","","","69","0% (0/1)","0% (0/1)","0% (0/1)","5","5","2","2","5"
"3RKHNXPHGWP3GUIMWFP64XSLFI8UKJ","3KTTL66PWHEWHAEXOC1U8773KLQHVI","How natural (i.e. human-sounding) is this recording?","How natural (i.e. human-sounding) is this recording?","audio, naturalness, rating","$0.01","Fri Oct 18 06:57:03 PDT 2019","113","BatchId:3805676;OriginalHitTemplateId:928390811;","1800","604800","Fri Oct 25 06:57:03 PDT 2019","","","3P59JYT76MEWMLX0X6YTOPGDDQBT2P","A3HW61LQUPZ2CB","Submitted","Fri Oct 18 09:25:06 PDT 2019","Fri Oct 18 09:26:58 PDT 2019","Fri Oct 25 09:26:58 PDT 2019","","","","112","0% (0/0)","0% (0/0)","0% (0/0)","5","5","2","3","4"
"3RKHNXPHGWP3GUIMWFP64XSLFI8UKJ","3KTTL66PWHEWHAEXOC1U8773KLQHVI","How natural (i.e. human-sounding) is this recording?","How natural (i.e. human-sounding) is this recording?","audio, naturalness, rating","$0.01","Fri Oct 18 06:57:03 PDT 2019","113","BatchId:3805676;OriginalHitTemplateId:928390811;","1800","604800","Fri Oct 25 06:57:03 PDT 2019","","","3PJUZCGDJ7AOOLQBFH2D7GS45KF98P","A3MYQGYGHTZVCP","Submitted","Fri Oct 18 10:25:13 PDT 2019","Fri Oct 18 10:26:20 PDT 2019","Fri Oct 25 10:26:20 PDT 2019","","","","67","0% (0/0)","0% (0/0)","0% (0/0)","5","5","1","1","5"
"3RKHNXPHGWP3GUIMWFP64XSLFI8UKJ","3KTTL66PWHEWHAEXOC1U8773KLQHVI","How natural (i.e. human-sounding) is this recording?","How natural (i.e. human-sounding) is this recording?","audio, naturalness, rating","$0.01","Fri Oct 18 06:57:03 PDT 2019","113","BatchId:3805676;OriginalHitTemplateId:928390811;","1800","604800","Fri Oct 25 06:57:03 PDT 2019","","","3PM8NZGV8ZAKVL854RPR9AZM6S0QX6","A37KN6X7M46F5","Submitted","Fri Oct 18 08:10:01 PDT 2019","Fri Oct 18 08:10:45 PDT 2019","Fri Oct 25 08:10:45 PDT 2019","","","","44","0% (0/0)","0% (0/0)","0% (0/0)","4","5","1","1","5"
"3RKHNXPHGWP3GUIMWFP64XSLFI8UKJ","3KTTL66PWHEWHAEXOC1U8773KLQHVI","How natural (i.e. human-sounding) is this recording?","How natural (i.e. human-sounding) is this recording?","audio, naturalness, rating","$0.01","Fri Oct 18 06:57:03 PDT 2019","113","BatchId:3805676;OriginalHitTemplateId:928390811;","1800","604800","Fri Oct 25 06:57:03 PDT 2019","","","3PPTZCWALRE90G8K59DC6VFXERKQZN","A2KMOFVGE6MQXV","Rejected","Fri Oct 18 06:59:20 PDT 2019","Fri Oct 18 07:01:06 PDT 2019","Fri Oct 25 07:01:06 PDT 2019","","Fri Oct 18 07:17:41 PDT 2019","Sorry, you did not pass our hidden quality assurance tests.","106","25% (1/4)","25% (1/4)","25% (1/4)","3","2","2","2","3"
"3RKHNXPHGWP3GUIMWFP64XSLFI8UKJ","3KTTL66PWHEWHAEXOC1U8773KLQHVI","How natural (i.e. human-sounding) is this recording?","How natural (i.e. human-sounding) is this recording?","audio, naturalness, rating","$0.01","Fri Oct 18 06:57:03 PDT 2019","113","BatchId:3805676;OriginalHitTemplateId:928390811;","1800","604800","Fri Oct 25 06:57:03 PDT 2019","","","3PW9OPU9PREVD1LRVNEJIJXIL9X216","A2V5XDYKKJVE4C","Submitted","Fri Oct 18 14:11:39 PDT 2019","Fri Oct 18 14:11:56 PDT 2019","Fri Oct 25 14:11:56 PDT 2019","","","","17","0% (0/1)","0% (0/1)","0% (0/1)","5","5","1","1","5"
"3RKHNXPHGWP3GUIMWFP64XSLFI8UKJ","3KTTL66PWHEWHAEXOC1U8773KLQHVI","How natural (i.e. human-sounding) is this recording?","How natural (i.e. human-sounding) is this recording?","audio, naturalness, rating","$0.01","Fri Oct 18 06:57:03 PDT 2019","113","BatchId:3805676;OriginalHitTemplateId:928390811;","1800","604800","Fri Oct 25 06:57:03 PDT 2019","","","3PXX5PX6LYSLV2YNAZ0NUDTPJ7SBAD","A2ZPO9BRC2YQY0","Rejected","Fri Oct 18 08:23:22 PDT 2019","Fri Oct 18 08:24:22 PDT 2019","Fri Oct 25 08:24:22 PDT 2019","","Fri Oct 18 14:32:30 PDT 2019","Sorry, you did not pass our hidden quality assurance tests.","60","0% (0/1)","0% (0/1)","0% (0/1)","5","1","1","1","5"
"3RKHNXPHGWP3GUIMWFP64XSLFI8UKJ","3KTTL66PWHEWHAEXOC1U8773KLQHVI","How natural (i.e. human-sounding) is this recording?","How natural (i.e. human-sounding) is this recording?","audio, naturalness, rating","$0.01","Fri Oct 18 06:57:03 PDT 2019","113","BatchId:3805676;OriginalHitTemplateId:928390811;","1800","604800","Fri Oct 25 06:57:03 PDT 2019","","","3Q8GYXHFEQW7Z1ECT351XMJL9DCC5Y","AAUBP76Z33BXS","Rejected","Fri Oct 18 07:03:09 PDT 2019","Fri Oct 18 07:06:17 PDT 2019","Fri Oct 25 07:06:17 PDT 2019","","Fri Oct 18 07:17:41 PDT 2019","Sorry, you did not pass our hidden quality assurance tests.","188","0% (0/4)","0% (0/4)","0% (0/4)","3","2","2","2","2"
"3RKHNXPHGWP3GUIMWFP64XSLFI8UKJ","3KTTL66PWHEWHAEXOC1U8773KLQHVI","How natural (i.e. human-sounding) is this recording?","How natural (i.e. human-sounding) is this recording?","audio, naturalness, rating","$0.01","Fri Oct 18 06:57:03 PDT 2019","113","BatchId:3805676;OriginalHitTemplateId:928390811;","1800","604800","Fri Oct 25 06:57:03 PDT 2019","","","3Q8GYXHFEQW7Z1ECT351XMJL9EWC5K","A2ML5WVLJQ6SY0","Submitted","Fri Oct 18 08:51:17 PDT 2019","Fri Oct 18 08:51:45 PDT 2019","Fri Oct 25 08:51:45 PDT 2019","","","","28","0% (0/1)","0% (0/1)","0% (0/1)","3","3","1","1","3"
"3RKHNXPHGWP3GUIMWFP64XSLFI8UKJ","3KTTL66PWHEWHAEXOC1U8773KLQHVI","How natural (i.e. human-sounding) is this recording?","How natural (i.e. human-sounding) is this recording?","audio, naturalness, rating","$0.01","Fri Oct 18 06:57:03 PDT 2019","113","BatchId:3805676;OriginalHitTemplateId:928390811;","1800","604800","Fri Oct 25 06:57:03 PDT 2019","","","3R2PKQ87NX2WKBLIDCI9PRS28E9IML","A3E32L95VIK9PG","Submitted","Fri Oct 18 09:06:30 PDT 2019","Fri Oct 18 09:06:50 PDT 2019","Fri Oct 25 09:06:50 PDT 2019","","","","20","0% (0/0)","0% (0/0)","0% (0/0)","4","4","1","1","4"
"3RKHNXPHGWP3GUIMWFP64XSLFI8UKJ","3KTTL66PWHEWHAEXOC1U8773KLQHVI","How natural (i.e. human-sounding) is this recording?","How natural (i.e. human-sounding) is this recording?","audio, naturalness, rating","$0.01","Fri Oct 18 06:57:03 PDT 2019","113","BatchId:3805676;OriginalHitTemplateId:928390811;","1800","604800","Fri Oct 25 06:57:03 PDT 2019","","","3R3YRB5GRGX0R17TAQHIZ3LD8RLAUD","A1NF6PELRKACS9","Submitted","Fri Oct 18 07:11:37 PDT 2019","Fri Oct 18 07:12:24 PDT 2019","Fri Oct 25 07:12:24 PDT 2019","","","","47","0% (0/0)","0% (0/0)","0% (0/0)","5","5","1","1","5"
"3RKHNXPHGWP3GUIMWFP64XSLFI8UKJ","3KTTL66PWHEWHAEXOC1U8773KLQHVI","How natural (i.e. human-sounding) is this recording?","How natural (i.e. human-sounding) is this recording?","audio, naturalness, rating","$0.01","Fri Oct 18 06:57:03 PDT 2019","113","BatchId:3805676;OriginalHitTemplateId:928390811;","1800","604800","Fri Oct 25 06:57:03 PDT 2019","","","3RYC5T2D74NFYDLEVF4AKNNO0EGPR3","A1Z3JC2PW0L1NY","Submitted","Fri Oct 18 07:04:30 PDT 2019","Fri Oct 18 07:05:24 PDT 2019","Fri Oct 25 07:05:24 PDT 2019","","","","54","0% (0/0)","0% (0/0)","0% (0/0)","5","5","1","1","5"
"3RKHNXPHGWP3GUIMWFP64XSLFI8UKJ","3KTTL66PWHEWHAEXOC1U8773KLQHVI","How natural (i.e. human-sounding) is this recording?","How natural (i.e. human-sounding) is this recording?","audio, naturalness, rating","$0.01","Fri Oct 18 06:57:03 PDT 2019","113","BatchId:3805676;OriginalHitTemplateId:928390811;","1800","604800","Fri Oct 25 06:57:03 PDT 2019","","","3SB4CE2TJWPS851OFVS5JAKH2C5AXE","AQ66O3UMAR84P","Submitted","Fri Oct 18 14:16:57 PDT 2019","Fri Oct 18 14:17:45 PDT 2019","Fri Oct 25 14:17:45 PDT 2019","","","","48","0% (0/1)","0% (0/1)","0% (0/1)","5","4","1","2","4"
"3RKHNXPHGWP3GUIMWFP64XSLFI8UKJ","3KTTL66PWHEWHAEXOC1U8773KLQHVI","How natural (i.e. human-sounding) is this recording?","How natural (i.e. human-sounding) is this recording?","audio, naturalness, rating","$0.01","Fri Oct 18 06:57:03 PDT 2019","113","BatchId:3805676;OriginalHitTemplateId:928390811;","1800","604800","Fri Oct 25 06:57:03 PDT 2019","","","3SB5N7Y3O4YLL68GYJV86I89QZ80GU","A36W7RZROOARHJ","Submitted","Fri Oct 18 11:25:52 PDT 2019","Fri Oct 18 11:27:06 PDT 2019","Fri Oct 25 11:27:06 PDT 2019","","","","74","100% (1/1)","100% (1/1)","100% (1/1)","4","5","1","1","5"
"3RKHNXPHGWP3GUIMWFP64XSLFI8UKJ","3KTTL66PWHEWHAEXOC1U8773KLQHVI","How natural (i.e. human-sounding) is this recording?","How natural (i.e. human-sounding) is this recording?","audio, naturalness, rating","$0.01","Fri Oct 18 06:57:03 PDT 2019","113","BatchId:3805676;OriginalHitTemplateId:928390811;","1800","604800","Fri Oct 25 06:57:03 PDT 2019","","","3TDXMTX3CCOUV80QQWBS0VVGIGWI6H","A9JDWQ7YZ1V6V","Submitted","Fri Oct 18 16:04:56 PDT 2019","Fri Oct 18 16:05:20 PDT 2019","Fri Oct 25 16:05:20 PDT 2019","","","","24","0% (0/0)","0% (0/0)","0% (0/0)","4","4","1","1","4"
"3RKHNXPHGWP3GUIMWFP64XSLFI8UKJ","3KTTL66PWHEWHAEXOC1U8773KLQHVI","How natural (i.e. human-sounding) is this recording?","How natural (i.e. human-sounding) is this recording?","audio, naturalness, rating","$0.01","Fri Oct 18 06:57:03 PDT 2019","113","BatchId:3805676;OriginalHitTemplateId:928390811;","1800","604800","Fri Oct 25 06:57:03 PDT 2019","","","3TE22NPXPC6M8EXXMJG99W1JH5444E","AURO9GRVYMSD7","Rejected","Fri Oct 18 07:29:26 PDT 2019","Fri Oct 18 07:29:57 PDT 2019","Fri Oct 25 07:29:57 PDT 2019","","Fri Oct 18 14:32:31 PDT 2019","Sorry, you did not pass our hidden quality assurance tests.","31","0% (0/3)","0% (0/3)","0% (0/3)","5","1","1","1","1"
"3RKHNXPHGWP3GUIMWFP64XSLFI8UKJ","3KTTL66PWHEWHAEXOC1U8773KLQHVI","How natural (i.e. human-sounding) is this recording?","How natural (i.e. human-sounding) is this recording?","audio, naturalness, rating","$0.01","Fri Oct 18 06:57:03 PDT 2019","113","BatchId:3805676;OriginalHitTemplateId:928390811;","1800","604800","Fri Oct 25 06:57:03 PDT 2019","","","3TR2532VIQOQQJKW8EWSCWAGVTAJ6F","A2LLYO3BY92IM0","Submitted","Fri Oct 18 08:17:14 PDT 2019","Fri Oct 18 08:18:22 PDT 2019","Fri Oct 25 08:18:22 PDT 2019","","","","68","0% (0/0)","0% (0/0)","0% (0/0)","5","5","1","1","5"
"3RKHNXPHGWP3GUIMWFP64XSLFI8UKJ","3KTTL66PWHEWHAEXOC1U8773KLQHVI","How natural (i.e. human-sounding) is this recording?","How natural (i.e. human-sounding) is this recording?","audio, naturalness, rating","$0.01","Fri Oct 18 06:57:03 PDT 2019","113","BatchId:3805676;OriginalHitTemplateId:928390811;","1800","604800","Fri Oct 25 06:57:03 PDT 2019","","","3TVSS0C0E2UIY1V7BQN0CWW2HY4TW7","A2241A4P7UR7HY","Submitted","Fri Oct 18 12:40:05 PDT 2019","Fri Oct 18 12:40:28 PDT 2019","Fri Oct 25 12:40:28 PDT 2019","","","","23","0% (0/0)","0% (0/0)","0% (0/0)","5","5","1","1","5"
"3RKHNXPHGWP3GUIMWFP64XSLFI8UKJ","3KTTL66PWHEWHAEXOC1U8773KLQHVI","How natural (i.e. human-sounding) is this recording?","How natural (i.e. human-sounding) is this recording?","audio, naturalness, rating","$0.01","Fri Oct 18 06:57:03 PDT 2019","113","BatchId:3805676;OriginalHitTemplateId:928390811;","1800","604800","Fri Oct 25 06:57:03 PDT 2019","","","3TVSS0C0E2UIY1V7BQN0CWW2HYKTWN","ASEW6NZHLI41K","Submitted","Fri Oct 18 10:21:17 PDT 2019","Fri Oct 18 10:21:49 PDT 2019","Fri Oct 25 10:21:49 PDT 2019","","","","32","0% (0/0)","0% (0/0)","0% (0/0)","5","5","1","1","5"
"3RKHNXPHGWP3GUIMWFP64XSLFI8UKJ","3KTTL66PWHEWHAEXOC1U8773KLQHVI","How natural (i.e. human-sounding) is this recording?","How natural (i.e. human-sounding) is this recording?","audio, naturalness, rating","$0.01","Fri Oct 18 06:57:03 PDT 2019","113","BatchId:3805676;OriginalHitTemplateId:928390811;","1800","604800","Fri Oct 25 06:57:03 PDT 2019","","","3U088ZLJVLNHISYGDOZQSLUXKM20WV","A2SVM7UEUQLN89","Submitted","Fri Oct 18 08:44:51 PDT 2019","Fri Oct 18 08:45:22 PDT 2019","Fri Oct 25 08:45:22 PDT 2019","","","","31","0% (0/0)","0% (0/0)","0% (0/0)","5","5","1","1","5"
"3RKHNXPHGWP3GUIMWFP64XSLFI8UKJ","3KTTL66PWHEWHAEXOC1U8773KLQHVI","How natural (i.e. human-sounding) is this recording?","How natural (i.e. human-sounding) is this recording?","audio, naturalness, rating","$0.01","Fri Oct 18 06:57:03 PDT 2019","113","BatchId:3805676;OriginalHitTemplateId:928390811;","1800","604800","Fri Oct 25 06:57:03 PDT 2019","","","3U088ZLJVLNHISYGDOZQSLUXKMWW0L","A2TIONVRP8AUOH","Submitted","Fri Oct 18 08:15:28 PDT 2019","Fri Oct 18 08:15:51 PDT 2019","Fri Oct 25 08:15:51 PDT 2019","","","","23","0% (0/0)","0% (0/0)","0% (0/0)","4","5","1","1","4"
"3RKHNXPHGWP3GUIMWFP64XSLFI8UKJ","3KTTL66PWHEWHAEXOC1U8773KLQHVI","How natural (i.e. human-sounding) is this recording?","How natural (i.e. human-sounding) is this recording?","audio, naturalness, rating","$0.01","Fri Oct 18 06:57:03 PDT 2019","113","BatchId:3805676;OriginalHitTemplateId:928390811;","1800","604800","Fri Oct 25 06:57:03 PDT 2019","","","3U8YCDAGXQACYV2U1F0K0WCBWLD0QJ","A36QYJDZBOQ5PQ","Submitted","Fri Oct 18 07:55:10 PDT 2019","Fri Oct 18 07:55:59 PDT 2019","Fri Oct 25 07:55:59 PDT 2019","","","","49","0% (0/1)","0% (0/1)","0% (0/1)","5","5","2","2","5"
"3RKHNXPHGWP3GUIMWFP64XSLFI8UKJ","3KTTL66PWHEWHAEXOC1U8773KLQHVI","How natural (i.e. human-sounding) is this recording?","How natural (i.e. human-sounding) is this recording?","audio, naturalness, rating","$0.01","Fri Oct 18 06:57:03 PDT 2019","113","BatchId:3805676;OriginalHitTemplateId:928390811;","1800","604800","Fri Oct 25 06:57:03 PDT 2019","","","3URFVVM166C1S9F1MIXHGWCMHEVZUA","AG7G6ZGG73JP7","Submitted","Fri Oct 18 10:23:15 PDT 2019","Fri Oct 18 10:23:36 PDT 2019","Fri Oct 25 10:23:36 PDT 2019","","","","21","0% (0/0)","0% (0/0)","0% (0/0)","5","5","1","1","5"
"3RKHNXPHGWP3GUIMWFP64XSLFI8UKJ","3KTTL66PWHEWHAEXOC1U8773KLQHVI","How natural (i.e. human-sounding) is this recording?","How natural (i.e. human-sounding) is this recording?","audio, naturalness, rating","$0.01","Fri Oct 18 06:57:03 PDT 2019","113","BatchId:3805676;OriginalHitTemplateId:928390811;","1800","604800","Fri Oct 25 06:57:03 PDT 2019","","","3V0Z7YWSIZUBZD1P21Y8P74YABCV2S","A11XRLKR5TWYTJ","Submitted","Fri Oct 18 08:01:58 PDT 2019","Fri Oct 18 08:02:36 PDT 2019","Fri Oct 25 08:02:36 PDT 2019","","","","38","0% (0/0)","0% (0/0)","0% (0/0)","5","5","1","1","5"
"3RKHNXPHGWP3GUIMWFP64XSLFI8UKJ","3KTTL66PWHEWHAEXOC1U8773KLQHVI","How natural (i.e. human-sounding) is this recording?","How natural (i.e. human-sounding) is this recording?","audio, naturalness, rating","$0.01","Fri Oct 18 06:57:03 PDT 2019","113","BatchId:3805676;OriginalHitTemplateId:928390811;","1800","604800","Fri Oct 25 06:57:03 PDT 2019","","","3VBEN272MLTLMFSS7LESGOESLS0GS8","A28HLRFPINLSKB","Submitted","Fri Oct 18 15:56:55 PDT 2019","Fri Oct 18 15:57:39 PDT 2019","Fri Oct 25 15:57:39 PDT 2019","","","","44","0% (0/0)","0% (0/0)","0% (0/0)","5","5","1","1","1"
"3RKHNXPHGWP3GUIMWFP64XSLFI8UKJ","3KTTL66PWHEWHAEXOC1U8773KLQHVI","How natural (i.e. human-sounding) is this recording?","How natural (i.e. human-sounding) is this recording?","audio, naturalness, rating","$0.01","Fri Oct 18 06:57:03 PDT 2019","113","BatchId:3805676;OriginalHitTemplateId:928390811;","1800","604800","Fri Oct 25 06:57:03 PDT 2019","","","3VD82FOHKRIT7BKUYI106SJCQ8HOCF","A28QUR0QYD2WI7","Submitted","Fri Oct 18 07:06:01 PDT 2019","Fri Oct 18 07:07:51 PDT 2019","Fri Oct 25 07:07:51 PDT 2019","","","","110","100% (1/1)","100% (1/1)","100% (1/1)","5","5","1","1","5"
"3RKHNXPHGWP3GUIMWFP64XSLFI8UKJ","3KTTL66PWHEWHAEXOC1U8773KLQHVI","How natural (i.e. human-sounding) is this recording?","How natural (i.e. human-sounding) is this recording?","audio, naturalness, rating","$0.01","Fri Oct 18 06:57:03 PDT 2019","113","BatchId:3805676;OriginalHitTemplateId:928390811;","1800","604800","Fri Oct 25 06:57:03 PDT 2019","","","3VFJCI1K40T9L0SFSWENQE9WZP3GR4","A1NJJGP4S1B3I4","Submitted","Fri Oct 18 10:56:46 PDT 2019","Fri Oct 18 10:57:07 PDT 2019","Fri Oct 25 10:57:07 PDT 2019","","","","21","0% (0/0)","0% (0/0)","0% (0/0)","5","5","1","1","4"
"3RKHNXPHGWP3GUIMWFP64XSLFI8UKJ","3KTTL66PWHEWHAEXOC1U8773KLQHVI","How natural (i.e. human-sounding) is this recording?","How natural (i.e. human-sounding) is this recording?","audio, naturalness, rating","$0.01","Fri Oct 18 06:57:03 PDT 2019","113","BatchId:3805676;OriginalHitTemplateId:928390811;","1800","604800","Fri Oct 25 06:57:03 PDT 2019","","","3WYP994K18LGL8FVUEXVMJP48ZWY65","A1QY4AL4BFML8X","Submitted","Fri Oct 18 16:19:59 PDT 2019","Fri Oct 18 16:21:10 PDT 2019","Fri Oct 25 16:21:10 PDT 2019","","","","71","0% (0/0)","0% (0/0)","0% (0/0)","5","4","2","2","3"
"3RKHNXPHGWP3GUIMWFP64XSLFI8UKJ","3KTTL66PWHEWHAEXOC1U8773KLQHVI","How natural (i.e. human-sounding) is this recording?","How natural (i.e. human-sounding) is this recording?","audio, naturalness, rating","$0.01","Fri Oct 18 06:57:03 PDT 2019","113","BatchId:3805676;OriginalHitTemplateId:928390811;","1800","604800","Fri Oct 25 06:57:03 PDT 2019","","","3YMTUJH0DTA6PZCN1KHHH4DBX3H4T4","A3UVLUYTHE86UA","Submitted","Fri Oct 18 07:01:35 PDT 2019","Fri Oct 18 07:02:07 PDT 2019","Fri Oct 25 07:02:07 PDT 2019","","","","32","100% (1/1)","100% (1/1)","100% (1/1)","5","5","2","2","5"
"3RKHNXPHGWP3GUIMWFP64XSLFI8UKJ","3KTTL66PWHEWHAEXOC1U8773KLQHVI","How natural (i.e. human-sounding) is this recording?","How natural (i.e. human-sounding) is this recording?","audio, naturalness, rating","$0.01","Fri Oct 18 06:57:03 PDT 2019","113","BatchId:3805676;OriginalHitTemplateId:928390811;","1800","604800","Fri Oct 25 06:57:03 PDT 2019","","","3YT88D1N09SM4K3W7XY668Y90SU3KG","A1TEVUU2U1VYYV","Submitted","Fri Oct 18 14:00:05 PDT 2019","Fri Oct 18 14:01:07 PDT 2019","Fri Oct 25 14:01:07 PDT 2019","","","","62","0% (0/0)","0% (0/0)","0% (0/0)","3","4","1","1","4"
"3RKHNXPHGWP3GUIMWFP64XSLFI8UKJ","3KTTL66PWHEWHAEXOC1U8773KLQHVI","How natural (i.e. human-sounding) is this recording?","How natural (i.e. human-sounding) is this recording?","audio, naturalness, rating","$0.01","Fri Oct 18 06:57:03 PDT 2019","113","BatchId:3805676;OriginalHitTemplateId:928390811;","1800","604800","Fri Oct 25 06:57:03 PDT 2019","","","3Z7ISHFUH1P3UC8OJFWCK4UXKM0Z8P","A1H6PVWRCYN0E4","Rejected","Fri Oct 18 10:06:31 PDT 2019","Fri Oct 18 10:06:51 PDT 2019","Fri Oct 25 10:06:51 PDT 2019","","Fri Oct 18 14:32:31 PDT 2019","Sorry, you did not pass our hidden quality assurance tests.","20","0% (0/7)","0% (0/7)","0% (0/7)","5","1","1","1","1"
"3RKHNXPHGWP3GUIMWFP64XSLFI8UKJ","3KTTL66PWHEWHAEXOC1U8773KLQHVI","How natural (i.e. human-sounding) is this recording?","How natural (i.e. human-sounding) is this recording?","audio, naturalness, rating","$0.01","Fri Oct 18 06:57:03 PDT 2019","113","BatchId:3805676;OriginalHitTemplateId:928390811;","1800","604800","Fri Oct 25 06:57:03 PDT 2019","","","3Z7ISHFUH1P3UC8OJFWCK4UXKNQZ8H","A3UD7T1L80TCR3","Submitted","Fri Oct 18 13:01:06 PDT 2019","Fri Oct 18 13:01:54 PDT 2019","Fri Oct 25 13:01:54 PDT 2019","","","","48","0% (0/0)","0% (0/0)","0% (0/0)","5","5","3","3","5"
"3RKHNXPHGWP3GUIMWFP64XSLFI8UKJ","3KTTL66PWHEWHAEXOC1U8773KLQHVI","How natural (i.e. human-sounding) is this recording?","How natural (i.e. human-sounding) is this recording?","audio, naturalness, rating","$0.01","Fri Oct 18 06:57:03 PDT 2019","113","BatchId:3805676;OriginalHitTemplateId:928390811;","1800","604800","Fri Oct 25 06:57:03 PDT 2019","","","3Z9WI9EOZ0I1YSAVMIN8A2ZJJWWKHM","A3IMOUSGCC5MRP","Submitted","Fri Oct 18 08:52:08 PDT 2019","Fri Oct 18 08:53:31 PDT 2019","Fri Oct 25 08:53:31 PDT 2019","","","","83","0% (0/0)","0% (0/0)","0% (0/0)","5","5","1","1","5"
"3RKHNXPHGWP3GUIMWFP64XSLFI8UKJ","3KTTL66PWHEWHAEXOC1U8773KLQHVI","How natural (i.e. human-sounding) is this recording?","How natural (i.e. human-sounding) is this recording?","audio, naturalness, rating","$0.01","Fri Oct 18 06:57:03 PDT 2019","113","BatchId:3805676;OriginalHitTemplateId:928390811;","1800","604800","Fri Oct 25 06:57:03 PDT 2019","","","3ZAK8W07I584QO9BIOKPAX90Z6F0UK","A1O4W7F05T6HY0","Submitted","Fri Oct 18 07:42:14 PDT 2019","Fri Oct 18 07:43:10 PDT 2019","Fri Oct 25 07:43:10 PDT 2019","","","","56","0% (0/0)","0% (0/0)","0% (0/0)","5","5","1","1","5"
"3RKHNXPHGWP3GUIMWFP64XSLFI8UKJ","3KTTL66PWHEWHAEXOC1U8773KLQHVI","How natural (i.e. human-sounding) is this recording?","How natural (i.e. human-sounding) is this recording?","audio, naturalness, rating","$0.01","Fri Oct 18 06:57:03 PDT 2019","113","BatchId:3805676;OriginalHitTemplateId:928390811;","1800","604800","Fri Oct 25 06:57:03 PDT 2019","","","3ZR9AIQJUC359QFW3IT7XTB60SL04P","AM3R2Z15PS86B","Submitted","Fri Oct 18 07:11:13 PDT 2019","Fri Oct 18 07:12:17 PDT 2019","Fri Oct 25 07:12:17 PDT 2019","","","","64","0% (0/0)","0% (0/0)","0% (0/0)","5","5","2","2","5"
"3RKHNXPHGWP3GUIMWFP64XSLFI8UKJ","3KTTL66PWHEWHAEXOC1U8773KLQHVI","How natural (i.e. human-sounding) is this recording?","How natural (i.e. human-sounding) is this recording?","audio, naturalness, rating","$0.01","Fri Oct 18 06:57:03 PDT 2019","113","BatchId:3805676;OriginalHitTemplateId:928390811;","1800","604800","Fri Oct 25 06:57:03 PDT 2019","","","3ZSANO2JCG1F8FWXW18AY3EGKABSFQ","ATVYXLWEH5N03","Submitted","Fri Oct 18 06:57:34 PDT 2019","Fri Oct 18 06:58:01 PDT 2019","Fri Oct 25 06:58:01 PDT 2019","","","","27","100% (110/110)","100% (1/1)","100% (1/1)","4","5","1","1","4"
"3RKHNXPHGWP3GUIMWFP64XSLFI8UKJ","3KTTL66PWHEWHAEXOC1U8773KLQHVI","How natural (i.e. human-sounding) is this recording?","How natural (i.e. human-sounding) is this recording?","audio, naturalness, rating","$0.01","Fri Oct 18 06:57:03 PDT 2019","113","BatchId:3805676;OriginalHitTemplateId:928390811;","1800","604800","Fri Oct 25 06:57:03 PDT 2019","","","3ZV9H2YQQE1DZKXDWBH9UJS4NYTW3T","A1BZMONU8QDPFQ","Submitted","Fri Oct 18 09:25:16 PDT 2019","Fri Oct 18 09:26:03 PDT 2019","Fri Oct 25 09:26:03 PDT 2019","","","","47","0% (0/0)","0% (0/0)","0% (0/0)","5","5","1","1","5"
"3RKHNXPHGWP3GUIMWFP64XSLFI8UKJ","3KTTL66PWHEWHAEXOC1U8773KLQHVI","How natural (i.e. human-sounding) is this recording?","How natural (i.e. human-sounding) is this recording?","audio, naturalness, rating","$0.01","Fri Oct 18 06:57:03 PDT 2019","113","BatchId:3805676;OriginalHitTemplateId:928390811;","1800","604800","Fri Oct 25 06:57:03 PDT 2019","","","3ZWFC4W1UV1370WKHC858T9KY8SRF1","A685WMI1QRZHE","Submitted","Fri Oct 18 07:00:31 PDT 2019","Fri Oct 18 07:03:13 PDT 2019","Fri Oct 25 07:03:13 PDT 2019","","","","162","0% (0/0)","0% (0/0)","0% (0/0)","4","5","1","1","4"