"HITId","HITTypeId","Title","Description","Keywords","Reward","CreationTime","MaxAssignments","RequesterAnnotation","AssignmentDurationInSeconds","AutoApprovalDelayInSeconds","Expiration","NumberOfSimilarHITs","LifetimeInSeconds","AssignmentId","WorkerId","AssignmentStatus","AcceptTime","SubmitTime","AutoApprovalTime","ApprovalTime","RejectionTime","RequesterFeedback","WorkTimeInSeconds","LifetimeApprovalRate","Last30DaysApprovalRate","Last7DaysApprovalRate","Answer.GT-LJ001-0102","Answer.GT-LJ001-0173","Answer.bad-LJ001-0015","Answer.bad-LJ001-0051","Answer.dw-LJ001-0096","Approve","Reject"
"3MG8450X2O34RLF297UE0EEK9SEUPK","3KTTL66PWHEWHAEXOC1U8773KLQHVI","How natural (i.e. human-sounding) is this recording?","How natural (i.e. human-sounding) is this recording?","audio, naturalness, rating","$0.01","Fri Oct 18 06:58:50 PDT 2019","103","BatchId:3805678;OriginalHitTemplateId:928390811;","1800","604800","Fri Oct 25 06:58:50 PDT 2019","","","30MVJZJNHN7D82MU6LZ4W61ILT3J99","A107IP0ASI3XB0","Rejected","Fri Oct 18 06:59:17 PDT 2019","Fri Oct 18 07:00:40 PDT 2019","Fri Oct 25 07:00:40 PDT 2019","","Fri Oct 18 07:16:51 PDT 2019","Sorry, you did not pass our hidden quality assurance tests.","83","0% (0/9)","0% (0/9)","0% (0/9)","3","3","3","3","3"
"3MG8450X2O34RLF297UE0EEK9SEUPK","3KTTL66PWHEWHAEXOC1U8773KLQHVI","How natural (i.e. human-sounding) is this recording?","How natural (i.e. human-sounding) is this recording?","audio, naturalness, rating","$0.01","Fri Oct 18 06:58:50 PDT 2019","103","BatchId:3805678;OriginalHitTemplateId:928390811;","1800","604800","Fri Oct 25 06:58:50 PDT 2019","","","3180JW2OT56U7FKI3VMNKQWGZZU5JI","A129GA7DAJESE2","Submitted","Fri Oct 18 10:48:52 PDT 2019","Fri Oct 18 10:49:38 PDT 2019","Fri Oct 25 10:49:38 PDT 2019","","","","46","0% (0/0)","0% (0/0)","0% (0/0)","5","5","1","1","4"
"3MG8450X2O34RLF297UE0EEK9SEUPK","3KTTL66PWHEWHAEXOC1U8773KLQHVI","How natural (i.e. human-sounding) is this recording?","How natural (i.e. human-sounding) is this recording?","audio, naturalness, rating","$0.01","Fri Oct 18 06:58:50 PDT 2019","103","BatchId:3805678;OriginalHitTemplateId:928390811;","1800","604800","Fri Oct 25 06:58:50 PDT 2019","","","31JLPPHS2VO5UBOB5PQZDPFIKWC3O6","A1QY9GB38ZY3GF","Submitted","Fri Oct 18 07:44:16 PDT 2019","Fri Oct 18 07:46:26 PDT 2019","Fri Oct 25 07:46:26 PDT 2019","","","","130","0% (0/0)","0% (0/0)","0% (0/0)","5","5","2","2","5"
"3MG8450X2O34RLF297UE0EEK9SEUPK","3KTTL66PWHEWHAEXOC1U8773KLQHVI","How natural (i.e. human-sounding) is this recording?","How natural (i.e. human-sounding) is this recording?","audio, naturalness, rating","$0.01","Fri Oct 18 06:58:50 PDT 2019","103","BatchId:3805678;OriginalHitTemplateId:928390811;","1800","604800","Fri Oct 25 06:58:50 PDT 2019","","","32AT8R96GM34RXTNRQ39K3FJUZWSUZ","A3MYQGYGHTZVCP","Submitted","Fri Oct 18 10:29:46 PDT 2019","Fri Oct 18 10:30:48 PDT 2019","Fri Oct 25 10:30:48 PDT 2019","","","","62","0% (0/0)","0% (0/0)","0% (0/0)","5","5","1","1","5"
"3MG8450X2O34RLF297UE0EEK9SEUPK","3KTTL66PWHEWHAEXOC1U8773KLQHVI","How natural (i.e. human-sounding) is this recording?","How natural (i.e. human-sounding) is this recording?","audio, naturalness, rating","$0.01","Fri Oct 18 06:58:50 PDT 2019","103","BatchId:3805678;OriginalHitTemplateId:928390811;","1800","604800","Fri Oct 25 06:58:50 PDT 2019","","","32KTQ2V7RE939ASF9ICWCYTZPNZ9M4","A685WMI1QRZHE","Submitted","Fri Oct 18 07:03:13 PDT 2019","Fri Oct 18 07:10:53 PDT 2019","Fri Oct 25 07:10:53 PDT 2019","","","","460","0% (0/0)","0% (0/0)","0% (0/0)","4","5","1","1","5"
"3MG8450X2O34RLF297UE0EEK9SEUPK","3KTTL66PWHEWHAEXOC1U8773KLQHVI","How natural (i.e. human-sounding) is this recording?","How natural (i.e. human-sounding) is this recording?","audio, naturalness, rating","$0.01","Fri Oct 18 06:58:50 PDT 2019","103","BatchId:3805678;OriginalHitTemplateId:928390811;","1800","604800","Fri Oct 25 06:58:50 PDT 2019","","","32KTQ2V7RE939ASF9ICWCYTZPO6M9Q","A4RCK7J2RWWL2","Submitted","Fri Oct 18 07:42:34 PDT 2019","Fri Oct 18 07:43:46 PDT 2019","Fri Oct 25 07:43:46 PDT 2019","","","","72","0% (0/0)","0% (0/0)","0% (0/0)","5","5","2","2","1"
"3MG8450X2O34RLF297UE0EEK9SEUPK","3KTTL66PWHEWHAEXOC1U8773KLQHVI","How natural (i.e. human-sounding) is this recording?","How natural (i.e. human-sounding) is this recording?","audio, naturalness, rating","$0.01","Fri Oct 18 06:58:50 PDT 2019","103","BatchId:3805678;OriginalHitTemplateId:928390811;","1800","604800","Fri Oct 25 06:58:50 PDT 2019","","","32N49TQG3HC04GWTFGRNVPNWMZ5AVF","A1RXX24QADJ3HP","Submitted","Fri Oct 18 08:02:25 PDT 2019","Fri Oct 18 08:02:57 PDT 2019","Fri Oct 25 08:02:57 PDT 2019","","","","32","0% (0/0)","0% (0/0)","0% (0/0)","5","4","1","1","5"
"3MG8450X2O34RLF297UE0EEK9SEUPK","3KTTL66PWHEWHAEXOC1U8773KLQHVI","How natural (i.e. human-sounding) is this recording?","How natural (i.e. human-sounding) is this recording?","audio, naturalness, rating","$0.01","Fri Oct 18 06:58:50 PDT 2019","103","BatchId:3805678;OriginalHitTemplateId:928390811;","1800","604800","Fri Oct 25 06:58:50 PDT 2019","","","32SCWG5HIIYMCUNU3R1C9SWS4SS6PE","A2VLVD0IVASS3N","Submitted","Fri Oct 18 09:21:24 PDT 2019","Fri Oct 18 09:22:33 PDT 2019","Fri Oct 25 09:22:33 PDT 2019","","","","69","0% (0/0)","0% (0/0)","0% (0/0)","5","4","1","1","4"
"3MG8450X2O34RLF297UE0EEK9SEUPK","3KTTL66PWHEWHAEXOC1U8773KLQHVI","How natural (i.e. human-sounding) is this recording?","How natural (i.e. human-sounding) is this recording?","audio, naturalness, rating","$0.01","Fri Oct 18 06:58:50 PDT 2019","103","BatchId:3805678;OriginalHitTemplateId:928390811;","1800","604800","Fri Oct 25 06:58:50 PDT 2019","","","32SVAV9L3G3GS7UAV6LHCUVDVH3A3D","A2V5XDYKKJVE4C","Submitted","Fri Oct 18 14:11:18 PDT 2019","Fri Oct 18 14:11:39 PDT 2019","Fri Oct 25 14:11:39 PDT 2019","","","","21","0% (0/0)","0% (0/0)","0% (0/0)","5","5","1","1","5"
"3MG8450X2O34RLF297UE0EEK9SEUPK","3KTTL66PWHEWHAEXOC1U8773KLQHVI","How natural (i.e. human-sounding) is this recording?","How natural (i.e. human-sounding) is this recording?","audio, naturalness, rating","$0.01","Fri Oct 18 06:58:50 PDT 2019","103","BatchId:3805678;OriginalHitTemplateId:928390811;","1800","604800","Fri Oct 25 06:58:50 PDT 2019","","","32UTUBMZ7HQ5NQ1LLURJQ0724HSBVD","A2TIONVRP8AUOH","Submitted","Fri Oct 18 08:16:21 PDT 2019","Fri Oct 18 08:17:18 PDT 2019","Fri Oct 25 08:17:18 PDT 2019","","","","57","0% (0/0)","0% (0/0)","0% (0/0)","4","4","1","1","3"
"3MG8450X2O34RLF297UE0EEK9SEUPK","3KTTL66PWHEWHAEXOC1U8773KLQHVI","How natural (i.e. human-sounding) is this recording?","How natural (i.e. human-sounding) is this recording?","audio, naturalness, rating","$0.01","Fri Oct 18 06:58:50 PDT 2019","103","BatchId:3805678;OriginalHitTemplateId:928390811;","1800","604800","Fri Oct 25 06:58:50 PDT 2019","","","337RC3OW06WH0ZNXC7GD4337GBKVLY","A1CYWO3HL37UVG","Submitted","Fri Oct 18 09:34:37 PDT 2019","Fri Oct 18 09:36:19 PDT 2019","Fri Oct 25 09:36:19 PDT 2019","","","","102","0% (0/1)","0% (0/1)","0% (0/1)","5","5","2","2","4"
"3MG8450X2O34RLF297UE0EEK9SEUPK","3KTTL66PWHEWHAEXOC1U8773KLQHVI","How natural (i.e. human-sounding) is this recording?","How natural (i.e. human-sounding) is this recording?","audio, naturalness, rating","$0.01","Fri Oct 18 06:58:50 PDT 2019","103","BatchId:3805678;OriginalHitTemplateId:928390811;","1800","604800","Fri Oct 25 06:58:50 PDT 2019","","","33CID57105NXOQLESXA7L8BOPR3L33","AUA2P8CCPR5GS","Submitted","Fri Oct 18 07:34:16 PDT 2019","Fri Oct 18 07:34:31 PDT 2019","Fri Oct 25 07:34:31 PDT 2019","","","","15","0% (0/1)","0% (0/1)","0% (0/1)","3","3","2","2","3"
"3MG8450X2O34RLF297UE0EEK9SEUPK","3KTTL66PWHEWHAEXOC1U8773KLQHVI","How natural (i.e. human-sounding) is this recording?","How natural (i.e. human-sounding) is this recording?","audio, naturalness, rating","$0.01","Fri Oct 18 06:58:50 PDT 2019","103","BatchId:3805678;OriginalHitTemplateId:928390811;","1800","604800","Fri Oct 25 06:58:50 PDT 2019","","","33CKWXB73KEOOG3VCJE5D0NDT1Q11R","A1MWYS9YMR5MGQ","Submitted","Fri Oct 18 07:51:07 PDT 2019","Fri Oct 18 07:51:25 PDT 2019","Fri Oct 25 07:51:25 PDT 2019","","","","18","0% (0/0)","0% (0/0)","0% (0/0)","5","5","1","1","5"
"3MG8450X2O34RLF297UE0EEK9SEUPK","3KTTL66PWHEWHAEXOC1U8773KLQHVI","How natural (i.e. human-sounding) is this recording?","How natural (i.e. human-sounding) is this recording?","audio, naturalness, rating","$0.01","Fri Oct 18 06:58:50 PDT 2019","103","BatchId:3805678;OriginalHitTemplateId:928390811;","1800","604800","Fri Oct 25 06:58:50 PDT 2019","","","33LK57MYLUZLDWNXXD2H1VUYWHBSZO","A2WYGPR0ECWJFZ","Submitted","Fri Oct 18 10:30:09 PDT 2019","Fri Oct 18 10:31:40 PDT 2019","Fri Oct 25 10:31:40 PDT 2019","","","","91","0% (0/0)","0% (0/0)","0% (0/0)","3","3","2","2","4"
"3MG8450X2O34RLF297UE0EEK9SEUPK","3KTTL66PWHEWHAEXOC1U8773KLQHVI","How natural (i.e. human-sounding) is this recording?","How natural (i.e. human-sounding) is this recording?","audio, naturalness, rating","$0.01","Fri Oct 18 06:58:50 PDT 2019","103","BatchId:3805678;OriginalHitTemplateId:928390811;","1800","604800","Fri Oct 25 06:58:50 PDT 2019","","","33LKR6A5KFEPX0F4E2YFJ668LJ8T1H","AM3R2Z15PS86B","Submitted","Fri Oct 18 07:14:33 PDT 2019","Fri Oct 18 07:16:32 PDT 2019","Fri Oct 25 07:16:32 PDT 2019","","","","119","0% (0/0)","0% (0/0)","0% (0/0)","5","5","1","1","5"
"3MG8450X2O34RLF297UE0EEK9SEUPK","3KTTL66PWHEWHAEXOC1U8773KLQHVI","How natural (i.e. human-sounding) is this recording?","How natural (i.e. human-sounding) is this recording?","audio, naturalness, rating","$0.01","Fri Oct 18 06:58:50 PDT 2019","103","BatchId:3805678;OriginalHitTemplateId:928390811;","1800","604800","Fri Oct 25 06:58:50 PDT 2019","","","33M4IA01QHVK7MN5H6ERE09R2FTRX1","AG7G6ZGG73JP7","Submitted","Fri Oct 18 10:22:19 PDT 2019","Fri Oct 18 10:22:47 PDT 2019","Fri Oct 25 10:22:47 PDT 2019","","","","28","0% (0/0)","0% (0/0)","0% (0/0)","5","5","1","1","5"
"3MG8450X2O34RLF297UE0EEK9SEUPK","3KTTL66PWHEWHAEXOC1U8773KLQHVI","How natural (i.e. human-sounding) is this recording?","How natural (i.e. human-sounding) is this recording?","audio, naturalness, rating","$0.01","Fri Oct 18 06:58:50 PDT 2019","103","BatchId:3805678;OriginalHitTemplateId:928390811;","1800","604800","Fri Oct 25 06:58:50 PDT 2019","","","33PPO7FECW9TGHF50JJ66158ZZUIDE","A2EDXG20X549GI","Rejected","Fri Oct 18 07:04:54 PDT 2019","Fri Oct 18 07:05:07 PDT 2019","Fri Oct 25 07:05:07 PDT 2019","","Fri Oct 18 07:16:51 PDT 2019","Sorry, you did not pass our hidden quality assurance tests.","13","0% (0/8)","0% (0/8)","0% (0/8)","4","4","4","5","5"
"3MG8450X2O34RLF297UE0EEK9SEUPK","3KTTL66PWHEWHAEXOC1U8773KLQHVI","How natural (i.e. human-sounding) is this recording?","How natural (i.e. human-sounding) is this recording?","audio, naturalness, rating","$0.01","Fri Oct 18 06:58:50 PDT 2019","103","BatchId:3805678;OriginalHitTemplateId:928390811;","1800","604800","Fri Oct 25 06:58:50 PDT 2019","","","34J10VATJGSN5QJA55PQ60C7IGSIQW","A1NJJGP4S1B3I4","Submitted","Fri Oct 18 10:54:12 PDT 2019","Fri Oct 18 10:54:48 PDT 2019","Fri Oct 25 10:54:48 PDT 2019","","","","36","0% (0/0)","0% (0/0)","0% (0/0)","5","5","1","1","3"
"3MG8450X2O34RLF297UE0EEK9SEUPK","3KTTL66PWHEWHAEXOC1U8773KLQHVI","How natural (i.e. human-sounding) is this recording?","How natural (i.e. human-sounding) is this recording?","audio, naturalness, rating","$0.01","Fri Oct 18 06:58:50 PDT 2019","103","BatchId:3805678;OriginalHitTemplateId:928390811;","1800","604800","Fri Oct 25 06:58:50 PDT 2019","","","358010RM5FNC0T4MQQJ1FXYUNKPVXF","A2IQFNKKQ4VU1U","Submitted","Fri Oct 18 09:08:36 PDT 2019","Fri Oct 18 09:15:36 PDT 2019","Fri Oct 25 09:15:36 PDT 2019","","","","420","0% (0/0)","0% (0/0)","0% (0/0)","5","5","2","2","5"
"3MG8450X2O34RLF297UE0EEK9SEUPK","3KTTL66PWHEWHAEXOC1U8773KLQHVI","How natural (i.e. human-sounding) is this recording?","How natural (i.e. human-sounding) is this recording?","audio, naturalness, rating","$0.01","Fri Oct 18 06:58:50 PDT 2019","103","BatchId:3805678;OriginalHitTemplateId:928390811;","1800","604800","Fri Oct 25 06:58:50 PDT 2019","","","35H6S234SBUIJK5BJCSYBMRBDU3658","A9JDWQ7YZ1V6V","Submitted","Fri Oct 18 14:06:57 PDT 2019","Fri Oct 18 14:08:00 PDT 2019","Fri Oct 25 14:08:00 PDT 2019","","","","63","0% (0/0)","0% (0/0)","0% (0/0)","4","4","1","1","4"
"3MG8450X2O34RLF297UE0EEK9SEUPK","3KTTL66PWHEWHAEXOC1U8773KLQHVI","How natural (i.e. human-sounding) is this recording?","How natural (i.e. human-sounding) is this recording?","audio, naturalness, rating","$0.01","Fri Oct 18 06:58:50 PDT 2019","103","BatchId:3805678;OriginalHitTemplateId:928390811;","1800","604800","Fri Oct 25 06:58:50 PDT 2019","","","37Q970SNZF2OI02PP2TP91AMJ3Y1SA","AQ66O3UMAR84P","Submitted","Fri Oct 18 14:19:24 PDT 2019","Fri Oct 18 14:19:59 PDT 2019","Fri Oct 25 14:19:59 PDT 2019","","","","35","0% (0/0)","0% (0/0)","0% (0/0)","5","5","1","1","4"
"3MG8450X2O34RLF297UE0EEK9SEUPK","3KTTL66PWHEWHAEXOC1U8773KLQHVI","How natural (i.e. human-sounding) is this recording?","How natural (i.e. human-sounding) is this recording?","audio, naturalness, rating","$0.01","Fri Oct 18 06:58:50 PDT 2019","103","BatchId:3805678;OriginalHitTemplateId:928390811;","1800","604800","Fri Oct 25 06:58:50 PDT 2019","","","386PBUZZXGR894N3VI2U1FSDLP0LJS","A36W7RZROOARHJ","Submitted","Fri Oct 18 11:32:20 PDT 2019","Fri Oct 18 11:33:39 PDT 2019","Fri Oct 25 11:33:39 PDT 2019","","","","79","100% (1/1)","100% (1/1)","100% (1/1)","5","5","1","1","5"
"3MG8450X2O34RLF297UE0EEK9SEUPK","3KTTL66PWHEWHAEXOC1U8773KLQHVI","How natural (i.e. human-sounding) is this recording?","How natural (i.e. human-sounding) is this recording?","audio, naturalness, rating","$0.01","Fri Oct 18 06:58:50 PDT 2019","103","BatchId:3805678;OriginalHitTemplateId:928390811;","1800","604800","Fri Oct 25 06:58:50 PDT 2019","","","39PAAFCODNU5JCV2LGI4QUDOAO4TVX","A848G3C44BRC4","Submitted","Fri Oct 18 09:25:55 PDT 2019","Fri Oct 18 09:26:47 PDT 2019","Fri Oct 25 09:26:47 PDT 2019","","","","52","0% (0/0)","0% (0/0)","0% (0/0)","5","5","1","1","4"
"3MG8450X2O34RLF297UE0EEK9SEUPK","3KTTL66PWHEWHAEXOC1U8773KLQHVI","How natural (i.e. human-sounding) is this recording?","How natural (i.e. human-sounding) is this recording?","audio, naturalness, rating","$0.01","Fri Oct 18 06:58:50 PDT 2019","103","BatchId:3805678;OriginalHitTemplateId:928390811;","1800","604800","Fri Oct 25 06:58:50 PDT 2019","","","3A4NIXBJ77TYACTOYFFMH7KUPJWLMX","A2QVLV61XCXTGF","Submitted","Fri Oct 18 11:40:12 PDT 2019","Fri Oct 18 11:41:10 PDT 2019","Fri Oct 25 11:41:10 PDT 2019","","","","58","0% (0/0)","0% (0/0)","0% (0/0)","5","5","1","1","4"
"3MG8450X2O34RLF297UE0EEK9SEUPK","3KTTL66PWHEWHAEXOC1U8773KLQHVI","How natural (i.e. human-sounding) is this recording?","How natural (i.e. human-sounding) is this recording?","audio, naturalness, rating","$0.01","Fri Oct 18 06:58:50 PDT 2019","103","BatchId:3805678;OriginalHitTemplateId:928390811;","1800","604800","Fri Oct 25 06:58:50 PDT 2019","","","3A4TN5196LCJFUY7U56AMJMBEN8HCR","A1F0R49500PH1M","Submitted","Fri Oct 18 07:38:22 PDT 2019","Fri Oct 18 07:38:48 PDT 2019","Fri Oct 25 07:38:48 PDT 2019","","","","26","0% (0/0)","0% (0/0)","0% (0/0)","5","5","1","1","5"
"3MG8450X2O34RLF297UE0EEK9SEUPK","3KTTL66PWHEWHAEXOC1U8773KLQHVI","How natural (i.e. human-sounding) is this recording?","How natural (i.e. human-sounding) is this recording?","audio, naturalness, rating","$0.01","Fri Oct 18 06:58:50 PDT 2019","103","BatchId:3805678;OriginalHitTemplateId:928390811;","1800","604800","Fri Oct 25 06:58:50 PDT 2019","","","3AAPLD8UCDB01B0IGR10BTMF2ALHTP","A2R793UWTEI0XO","Submitted","Fri Oct 18 11:52:03 PDT 2019","Fri Oct 18 11:53:46 PDT 2019","Fri Oct 25 11:53:46 PDT 2019","","","","103","0% (0/0)","0% (0/0)","0% (0/0)","4","5","1","1","5"
"3MG8450X2O34RLF297UE0EEK9SEUPK","3KTTL66PWHEWHAEXOC1U8773KLQHVI","How natural (i.e. human-sounding) is this recording?","How natural (i.e. human-sounding) is this recording?","audio, naturalness, rating","$0.01","Fri Oct 18 06:58:50 PDT 2019","103","BatchId:3805678;OriginalHitTemplateId:928390811;","1800","604800","Fri Oct 25 06:58:50 PDT 2019","","","3ATPCQ38J94H8ARYKRE72ORQ4FUYAX","A9L9F3ZBPMFFD","Submitted","Fri Oct 18 06:59:02 PDT 2019","Fri Oct 18 06:59:45 PDT 2019","Fri Oct 25 06:59:45 PDT 2019","","","","43","0% (0/0)","0% (0/0)","0% (0/0)","4","4","1","1","3"
"3MG8450X2O34RLF297UE0EEK9SEUPK","3KTTL66PWHEWHAEXOC1U8773KLQHVI","How natural (i.e. human-sounding) is this recording?","How natural (i.e. human-sounding) is this recording?","audio, naturalness, rating","$0.01","Fri Oct 18 06:58:50 PDT 2019","103","BatchId:3805678;OriginalHitTemplateId:928390811;","1800","604800","Fri Oct 25 06:58:50 PDT 2019","","","3AWETUDC93MWJIK1S183XTOBNI7IZI","AAXILKN9M4YW1","Submitted","Fri Oct 18 07:28:27 PDT 2019","Fri Oct 18 07:28:48 PDT 2019","Fri Oct 25 07:28:48 PDT 2019","","","","21","0% (0/1)","0% (0/1)","0% (0/1)","5","5","1","1","5"
"3MG8450X2O34RLF297UE0EEK9SEUPK","3KTTL66PWHEWHAEXOC1U8773KLQHVI","How natural (i.e. human-sounding) is this recording?","How natural (i.e. human-sounding) is this recording?","audio, naturalness, rating","$0.01","Fri Oct 18 06:58:50 PDT 2019","103","BatchId:3805678;OriginalHitTemplateId:928390811;","1800","604800","Fri Oct 25 06:58:50 PDT 2019","","","3BDCF01OGYOY4TI2HI3XB271YTXYLN","ASEW6NZHLI41K","Submitted","Fri Oct 18 10:19:04 PDT 2019","Fri Oct 18 10:19:59 PDT 2019","Fri Oct 25 10:19:59 PDT 2019","","","","55","0% (0/0)","0% (0/0)","0% (0/0)","5","5","1","1","1"
"3MG8450X2O34RLF297UE0EEK9SEUPK","3KTTL66PWHEWHAEXOC1U8773KLQHVI","How natural (i.e. human-sounding) is this recording?","How natural (i.e. human-sounding) is this recording?","audio, naturalness, rating","$0.01","Fri Oct 18 06:58:50 PDT 2019","103","BatchId:3805678;OriginalHitTemplateId:928390811;","1800","604800","Fri Oct 25 06:58:50 PDT 2019","","","3CCZ6YKWR8D51379HJVAVWID3TQ59T","A275STSZHFODG6","Submitted","Fri Oct 18 08:32:42 PDT 2019","Fri Oct 18 08:32:52 PDT 2019","Fri Oct 25 08:32:52 PDT 2019","","","","10","0% (0/3)","0% (0/3)","0% (0/3)","3","2","3","4","3"
"3MG8450X2O34RLF297UE0EEK9SEUPK","3KTTL66PWHEWHAEXOC1U8773KLQHVI","How natural (i.e. human-sounding) is this recording?","How natural (i.e. human-sounding) is this recording?","audio, naturalness, rating","$0.01","Fri Oct 18 06:58:50 PDT 2019","103","BatchId:3805678;OriginalHitTemplateId:928390811;","1800","604800","Fri Oct 25 06:58:50 PDT 2019","","","3D8YOU6S9FEZ4ZVQKD06JYJRCA3U6J","A2GYEDU9S4ERDX","Submitted","Fri Oct 18 10:52:36 PDT 2019","Fri Oct 18 10:53:39 PDT 2019","Fri Oct 25 10:53:39 PDT 2019","","","","63","0% (0/1)","0% (0/1)","0% (0/1)","5","5","2","2","5"
"3MG8450X2O34RLF297UE0EEK9SEUPK","3KTTL66PWHEWHAEXOC1U8773KLQHVI","How natural (i.e. human-sounding) is this recording?","How natural (i.e. human-sounding) is this recording?","audio, naturalness, rating","$0.01","Fri Oct 18 06:58:50 PDT 2019","103","BatchId:3805678;OriginalHitTemplateId:928390811;","1800","604800","Fri Oct 25 06:58:50 PDT 2019","","","3DIP6YHAPDM5JHHSNSIZZUTFWFQ8EP","A23P2M2I4PEK7K","Submitted","Fri Oct 18 07:04:55 PDT 2019","Fri Oct 18 07:05:59 PDT 2019","Fri Oct 25 07:05:59 PDT 2019","","","","64","0% (0/0)","0% (0/0)","0% (0/0)","5","5","1","1","3"
"3MG8450X2O34RLF297UE0EEK9SEUPK","3KTTL66PWHEWHAEXOC1U8773KLQHVI","How natural (i.e. human-sounding) is this recording?","How natural (i.e. human-sounding) is this recording?","audio, naturalness, rating","$0.01","Fri Oct 18 06:58:50 PDT 2019","103","BatchId:3805678;OriginalHitTemplateId:928390811;","1800","604800","Fri Oct 25 06:58:50 PDT 2019","","","3E1QT0TDFQ3HZMJEJB8QK9R7O9X8I0","A2OBL5WJQ5P9T0","Submitted","Fri Oct 18 09:57:54 PDT 2019","Fri Oct 18 09:58:14 PDT 2019","Fri Oct 25 09:58:14 PDT 2019","","","","20","0% (0/0)","0% (0/0)","0% (0/0)","5","5","2","2","5"
"3MG8450X2O34RLF297UE0EEK9SEUPK","3KTTL66PWHEWHAEXOC1U8773KLQHVI","How natural (i.e. human-sounding) is this recording?","How natural (i.e. human-sounding) is this recording?","audio, naturalness, rating","$0.01","Fri Oct 18 06:58:50 PDT 2019","103","BatchId:3805678;OriginalHitTemplateId:928390811;","1800","604800","Fri Oct 25 06:58:50 PDT 2019","","","3EA3QWIZ4JP0X6B2M9JLB5NU2MWITD","A3DQUOVL81OWGH","Submitted","Fri Oct 18 08:16:34 PDT 2019","Fri Oct 18 08:17:54 PDT 2019","Fri Oct 25 08:17:54 PDT 2019","","","","80","50% (1/2)","50% (1/2)","50% (1/2)","5","4","2","2","4"
"3MG8450X2O34RLF297UE0EEK9SEUPK","3KTTL66PWHEWHAEXOC1U8773KLQHVI","How natural (i.e. human-sounding) is this recording?","How natural (i.e. human-sounding) is this recording?","audio, naturalness, rating","$0.01","Fri Oct 18 06:58:50 PDT 2019","103","BatchId:3805678;OriginalHitTemplateId:928390811;","1800","604800","Fri Oct 25 06:58:50 PDT 2019","","","3EFVCAY5L43DUX3K1TTQWA671NLJ8K","A3L8YJT057TVSD","Submitted","Fri Oct 18 06:59:10 PDT 2019","Fri Oct 18 06:59:28 PDT 2019","Fri Oct 25 06:59:28 PDT 2019","","","","18","0% (0/0)","0% (0/0)","0% (0/0)","5","5","1","1","3"
"3MG8450X2O34RLF297UE0EEK9SEUPK","3KTTL66PWHEWHAEXOC1U8773KLQHVI","How natural (i.e. human-sounding) is this recording?","How natural (i.e. human-sounding) is this recording?","audio, naturalness, rating","$0.01","Fri Oct 18 06:58:50 PDT 2019","103","BatchId:3805678;OriginalHitTemplateId:928390811;","1800","604800","Fri Oct 25 06:58:50 PDT 2019","","","3F0BG9B9MQHZP8T0DO2NSXP037OY76","A7Y524016WTCJ","Submitted","Fri Oct 18 06:59:01 PDT 2019","Fri Oct 18 06:59:40 PDT 2019","Fri Oct 25 06:59:40 PDT 2019","","","","39","0% (0/0)","0% (0/0)","0% (0/0)","5","5","1","1","5"
"3MG8450X2O34RLF297UE0EEK9SEUPK","3KTTL66PWHEWHAEXOC1U8773KLQHVI","How natural (i.e. human-sounding) is this recording?","How natural (i.e. human-sounding) is this recording?","audio, naturalness, rating","$0.01","Fri Oct 18 06:58:50 PDT 2019","103","BatchId:3805678;OriginalHitTemplateId:928390811;","1800","604800","Fri Oct 25 06:58:50 PDT 2019","","","3F6HPJW4JEUOE21USB34B9NCHKE2W9","A3UYHP1IKCNN7K","Submitted","Fri Oct 18 07:54:24 PDT 2019","Fri Oct 18 07:55:35 PDT 2019","Fri Oct 25 07:55:35 PDT 2019","","","","71","0% (0/0)","0% (0/0)","0% (0/0)","5","3","1","1","3"
"3MG8450X2O34RLF297UE0EEK9SEUPK","3KTTL66PWHEWHAEXOC1U8773KLQHVI","How natural (i.e. human-sounding) is this recording?","How natural (i.e. human-sounding) is this recording?","audio, naturalness, rating","$0.01","Fri Oct 18 06:58:50 PDT 2019","103","BatchId:3805678;OriginalHitTemplateId:928390811;","1800","604800","Fri Oct 25 06:58:50 PDT 2019","","","3FTF2T8WLSCZEMMTDKIJLWVQNQ0W97","A2JJIYN79SQWT7","Submitted","Fri Oct 18 09:09:01 PDT 2019","Fri Oct 18 09:09:59 PDT 2019","Fri Oct 25 09:09:59 PDT 2019","","","","58","0% (0/1)","0% (0/1)","0% (0/1)","5","5","1","1","3"
"3MG8450X2O34RLF297UE0EEK9SEUPK","3KTTL66PWHEWHAEXOC1U8773KLQHVI","How natural (i.e. human-sounding) is this recording?","How natural (i.e. human-sounding) is this recording?","audio, naturalness, rating","$0.01","Fri Oct 18 06:58:50 PDT 2019","103","BatchId:3805678;OriginalHitTemplateId:928390811;","1800","604800","Fri Oct 25 06:58:50 PDT 2019","","","3G5F9DBFOQRFE347LM1FCBA0ZUGVHW","AXTFSJDN2YLO5","Submitted","Fri Oct 18 09:49:09 PDT 2019","Fri Oct 18 09:49:48 PDT 2019","Fri Oct 25 09:49:48 PDT 2019","","","","39","100% (1/1)","0% (0/0)","0% (0/0)","5","5","1","1","3"
"3MG8450X2O34RLF297UE0EEK9SEUPK","3KTTL66PWHEWHAEXOC1U8773KLQHVI","How natural (i.e. human-sounding) is this recording?","How natural (i.e. human-sounding) is this recording?","audio, naturalness, rating","$0.01","Fri Oct 18 06:58:50 PDT 2019","103","BatchId:3805678;OriginalHitTemplateId:928390811;","1800","604800","Fri Oct 25 06:58:50 PDT 2019","","","3GGAI1SQEWS578ZIL2MNEOU7VATMCT","A3UD7T1L80TCR3","Submitted","Fri Oct 18 13:01:57 PDT 2019","Fri Oct 18 13:02:36 PDT 2019","Fri Oct 25 13:02:36 PDT 2019","","","","39","0% (0/0)","0% (0/0)","0% (0/0)","5","5","3","3","5"
"3MG8450X2O34RLF297UE0EEK9SEUPK","3KTTL66PWHEWHAEXOC1U8773KLQHVI","How natural (i.e. human-sounding) is this recording?","How natural (i.e. human-sounding) is this recording?","audio, naturalness, rating","$0.01","Fri Oct 18 06:58:50 PDT 2019","103","BatchId:3805678;OriginalHitTemplateId:928390811;","1800","604800","Fri Oct 25 06:58:50 PDT 2019","","","3GM6G9ZBKORMTP1T7OHD3YUBJV7MTO","A1LW8AGDAAWUNM","Submitted","Fri Oct 18 07:38:21 PDT 2019","Fri Oct 18 07:39:22 PDT 2019","Fri Oct 25 07:39:22 PDT 2019","","","","61","0% (0/0)","0% (0/0)","0% (0/0)","4","5","1","1","4"
"3MG8450X2O34RLF297UE0EEK9SEUPK","3KTTL66PWHEWHAEXOC1U8773KLQHVI","How natural (i.e. human-sounding) is this recording?","How natural (i.e. human-sounding) is this recording?","audio, naturalness, rating","$0.01","Fri Oct 18 06:58:50 PDT 2019","103","BatchId:3805678;OriginalHitTemplateId:928390811;","1800","604800","Fri Oct 25 06:58:50 PDT 2019","","","3GM6G9ZBKORMTP1T7OHD3YUBJVMMT3","A2ML5WVLJQ6SY0","Submitted","Fri Oct 18 08:52:18 PDT 2019","Fri Oct 18 08:52:45 PDT 2019","Fri Oct 25 08:52:45 PDT 2019","","","","27","0% (0/0)","0% (0/0)","0% (0/0)","3","3","1","3","3"
"3MG8450X2O34RLF297UE0EEK9SEUPK","3KTTL66PWHEWHAEXOC1U8773KLQHVI","How natural (i.e. human-sounding) is this recording?","How natural (i.e. human-sounding) is this recording?","audio, naturalness, rating","$0.01","Fri Oct 18 06:58:50 PDT 2019","103","BatchId:3805678;OriginalHitTemplateId:928390811;","1800","604800","Fri Oct 25 06:58:50 PDT 2019","","","3GS6S824SRRK3OQNEU1O3XQASGWWNN","A3LE1BIVORW3VR","Submitted","Fri Oct 18 10:11:09 PDT 2019","Fri Oct 18 10:28:15 PDT 2019","Fri Oct 25 10:28:15 PDT 2019","","","","1026","100% (1/1)","100% (1/1)","100% (1/1)","5","5","1","1","5"
"3MG8450X2O34RLF297UE0EEK9SEUPK","3KTTL66PWHEWHAEXOC1U8773KLQHVI","How natural (i.e. human-sounding) is this recording?","How natural (i.e. human-sounding) is this recording?","audio, naturalness, rating","$0.01","Fri Oct 18 06:58:50 PDT 2019","103","BatchId:3805678;OriginalHitTemplateId:928390811;","1800","604800","Fri Oct 25 06:58:50 PDT 2019","","","3HWRJOOET6WN21W11QO4GLTG89XESV","AHEJHFN0VV6E3","Submitted","Fri Oct 18 07:02:47 PDT 2019","Fri Oct 18 07:04:35 PDT 2019","Fri Oct 25 07:04:35 PDT 2019","","","","108","100% (3/3)","0% (0/0)","0% (0/0)","5","5","1","1","5"
"3MG8450X2O34RLF297UE0EEK9SEUPK","3KTTL66PWHEWHAEXOC1U8773KLQHVI","How natural (i.e. human-sounding) is this recording?","How natural (i.e. human-sounding) is this recording?","audio, naturalness, rating","$0.01","Fri Oct 18 06:58:50 PDT 2019","103","BatchId:3805678;OriginalHitTemplateId:928390811;","1800","604800","Fri Oct 25 06:58:50 PDT 2019","","","3I7DHKZYGOUE2DYMK5V25S4O6SLF5X","ABK10CBIHVDHY","Submitted","Fri Oct 18 11:43:09 PDT 2019","Fri Oct 18 11:44:13 PDT 2019","Fri Oct 25 11:44:13 PDT 2019","","","","64","0% (0/2)","0% (0/2)","0% (0/2)","5","4","2","3","4"
"3MG8450X2O34RLF297UE0EEK9SEUPK","3KTTL66PWHEWHAEXOC1U8773KLQHVI","How natural (i.e. human-sounding) is this recording?","How natural (i.e. human-sounding) is this recording?","audio, naturalness, rating","$0.01","Fri Oct 18 06:58:50 PDT 2019","103","BatchId:3805678;OriginalHitTemplateId:928390811;","1800","604800","Fri Oct 25 06:58:50 PDT 2019","","","3IAEQB9FMFEBHCZAP0NL7SEGEBPWDY","A23K0YTNUJ0GKR","Submitted","Fri Oct 18 09:47:49 PDT 2019","Fri Oct 18 09:48:44 PDT 2019","Fri Oct 25 09:48:44 PDT 2019","","","","55","0% (0/0)","0% (0/0)","0% (0/0)","4","4","2","2","3"
"3MG8450X2O34RLF297UE0EEK9SEUPK","3KTTL66PWHEWHAEXOC1U8773KLQHVI","How natural (i.e. human-sounding) is this recording?","How natural (i.e. human-sounding) is this recording?","audio, naturalness, rating","$0.01","Fri Oct 18 06:58:50 PDT 2019","103","BatchId:3805678;OriginalHitTemplateId:928390811;","1800","604800","Fri Oct 25 06:58:50 PDT 2019","","","3IO1LGZLKAR162ODHAZ1N612FI6688","AURO9GRVYMSD7","Submitted","Fri Oct 18 07:29:58 PDT 2019","Fri Oct 18 07:30:16 PDT 2019","Fri Oct 25 07:30:16 PDT 2019","","","","18","0% (0/1)","0% (0/1)","0% (0/1)","1","5","1","1","1"
"3MG8450X2O34RLF297UE0EEK9SEUPK","3KTTL66PWHEWHAEXOC1U8773KLQHVI","How natural (i.e. human-sounding) is this recording?","How natural (i.e. human-sounding) is this recording?","audio, naturalness, rating","$0.01","Fri Oct 18 06:58:50 PDT 2019","103","BatchId:3805678;OriginalHitTemplateId:928390811;","1800","604800","Fri Oct 25 06:58:50 PDT 2019","","","3IOEN3P9S8DJV24SIPQM8WEU1BW16D","AAUBP76Z33BXS","Rejected","Fri Oct 18 06:59:49 PDT 2019","Fri Oct 18 07:13:11 PDT 2019","Fri Oct 25 07:13:11 PDT 2019","","Fri Oct 18 07:16:52 PDT 2019","Sorry, you did not pass our hidden quality assurance tests.","802","0% (0/4)","0% (0/4)","0% (0/4)","2","3","2","2","3"
"3MG8450X2O34RLF297UE0EEK9SEUPK","3KTTL66PWHEWHAEXOC1U8773KLQHVI","How natural (i.e. human-sounding) is this recording?","How natural (i.e. human-sounding) is this recording?","audio, naturalness, rating","$0.01","Fri Oct 18 06:58:50 PDT 2019","103","BatchId:3805678;OriginalHitTemplateId:928390811;","1800","604800","Fri Oct 25 06:58:50 PDT 2019","","","3IQ1VMJRYUE279JQCFMR37YZV8ZA9E","A3II2ONBAAHOF","Submitted","Fri Oct 18 12:42:37 PDT 2019","Fri Oct 18 12:44:03 PDT 2019","Fri Oct 25 12:44:03 PDT 2019","","","","86","100% (1/1)","100% (1/1)","100% (1/1)","5","5","1","1","3"
"3MG8450X2O34RLF297UE0EEK9SEUPK","3KTTL66PWHEWHAEXOC1U8773KLQHVI","How natural (i.e. human-sounding) is this recording?","How natural (i.e. human-sounding) is this recording?","audio, naturalness, rating","$0.01","Fri Oct 18 06:58:50 PDT 2019","103","BatchId:3805678;OriginalHitTemplateId:928390811;","1800","604800","Fri Oct 25 06:58:50 PDT 2019","","","3IUZPWIU1P1JVI5KHH98B596YKRKW4","APYYV3B1MT2B6","Submitted","Fri Oct 18 07:20:12 PDT 2019","Fri Oct 18 07:21:40 PDT 2019","Fri Oct 25 07:21:40 PDT 2019","","","","88","0% (0/0)","0% (0/0)","0% (0/0)","5","5","2","2","4"
"3MG8450X2O34RLF297UE0EEK9SEUPK","3KTTL66PWHEWHAEXOC1U8773KLQHVI","How natural (i.e. human-sounding) is this recording?","How natural (i.e. human-sounding) is this recording?","audio, naturalness, rating","$0.01","Fri Oct 18 06:58:50 PDT 2019","103","BatchId:3805678;OriginalHitTemplateId:928390811;","1800","604800","Fri Oct 25 06:58:50 PDT 2019","","","3J88R45B2HSZV97Q4EA2959C1WLPXL","A3JH3YRRO8B8S5","Submitted","Fri Oct 18 08:52:10 PDT 2019","Fri Oct 18 08:52:39 PDT 2019","Fri Oct 25 08:52:39 PDT 2019","","","","29","0% (0/0)","0% (0/0)","0% (0/0)","5","5","1","1","5"
"3MG8450X2O34RLF297UE0EEK9SEUPK","3KTTL66PWHEWHAEXOC1U8773KLQHVI","How natural (i.e. human-sounding) is this recording?","How natural (i.e. human-sounding) is this recording?","audio, naturalness, rating","$0.01","Fri Oct 18 06:58:50 PDT 2019","103","BatchId:3805678;OriginalHitTemplateId:928390811;","1800","604800","Fri Oct 25 06:58:50 PDT 2019","","","3JRJSWSMQIFJIKBMBBN38DL4GUO3EK","A33E8Y1HC6MVTC","Submitted","Fri Oct 18 09:20:32 PDT 2019","Fri Oct 18 09:20:50 PDT 2019","Fri Oct 25 09:20:50 PDT 2019","","","","18","0% (0/0)","0% (0/0)","0% (0/0)","1","5","1","1","1"
"3MG8450X2O34RLF297UE0EEK9SEUPK","3KTTL66PWHEWHAEXOC1U8773KLQHVI","How natural (i.e. human-sounding) is this recording?","How natural (i.e. human-sounding) is this recording?","audio, naturalness, rating","$0.01","Fri Oct 18 06:58:50 PDT 2019","103","BatchId:3805678;OriginalHitTemplateId:928390811;","1800","604800","Fri Oct 25 06:58:50 PDT 2019","","","3K2755HG5TX96QDFZBDL34SGJ8UFDE","A3HW61LQUPZ2CB","Submitted","Fri Oct 18 09:33:12 PDT 2019","Fri Oct 18 09:35:23 PDT 2019","Fri Oct 25 09:35:23 PDT 2019","","","","131","0% (0/0)","0% (0/0)","0% (0/0)","5","5","1","1","5"
"3MG8450X2O34RLF297UE0EEK9SEUPK","3KTTL66PWHEWHAEXOC1U8773KLQHVI","How natural (i.e. human-sounding) is this recording?","How natural (i.e. human-sounding) is this recording?","audio, naturalness, rating","$0.01","Fri Oct 18 06:58:50 PDT 2019","103","BatchId:3805678;OriginalHitTemplateId:928390811;","1800","604800","Fri Oct 25 06:58:50 PDT 2019","","","3K4J6M3CXFNHMJ6YQLS1VOKMZKSAG1","A3E32L95VIK9PG","Submitted","Fri Oct 18 09:06:05 PDT 2019","Fri Oct 18 09:06:30 PDT 2019","Fri Oct 25 09:06:30 PDT 2019","","","","25","0% (0/0)","0% (0/0)","0% (0/0)","4","4","1","1","4"
"3MG8450X2O34RLF297UE0EEK9SEUPK","3KTTL66PWHEWHAEXOC1U8773KLQHVI","How natural (i.e. human-sounding) is this recording?","How natural (i.e. human-sounding) is this recording?","audio, naturalness, rating","$0.01","Fri Oct 18 06:58:50 PDT 2019","103","BatchId:3805678;OriginalHitTemplateId:928390811;","1800","604800","Fri Oct 25 06:58:50 PDT 2019","","","3K772S5NP95YCSILQWC5C7MEZZVHEU","A2ZPO9BRC2YQY0","Submitted","Fri Oct 18 08:24:35 PDT 2019","Fri Oct 18 08:26:10 PDT 2019","Fri Oct 25 08:26:10 PDT 2019","","","","95","0% (0/0)","0% (0/0)","0% (0/0)","5","4","1","1","5"
"3MG8450X2O34RLF297UE0EEK9SEUPK","3KTTL66PWHEWHAEXOC1U8773KLQHVI","How natural (i.e. human-sounding) is this recording?","How natural (i.e. human-sounding) is this recording?","audio, naturalness, rating","$0.01","Fri Oct 18 06:58:50 PDT 2019","103","BatchId:3805678;OriginalHitTemplateId:928390811;","1800","604800","Fri Oct 25 06:58:50 PDT 2019","","","3KXIR214I5AC50IAI5XLGH4LXRA42K","A3LLT0T6MLLTUX","Submitted","Fri Oct 18 07:38:32 PDT 2019","Fri Oct 18 07:39:14 PDT 2019","Fri Oct 25 07:39:14 PDT 2019","","","","42","0% (0/0)","0% (0/0)","0% (0/0)","4","4","1","1","5"
"3MG8450X2O34RLF297UE0EEK9SEUPK","3KTTL66PWHEWHAEXOC1U8773KLQHVI","How natural (i.e. human-sounding) is this recording?","How natural (i.e. human-sounding) is this recording?","audio, naturalness, rating","$0.01","Fri Oct 18 06:58:50 PDT 2019","103","BatchId:3805678;OriginalHitTemplateId:928390811;","1800","604800","Fri Oct 25 06:58:50 PDT 2019","","","3LEP4MGT3HUJT91ZU9RPKE1V4ADBD3","A27M3LNDAZE8PN","Submitted","Fri Oct 18 07:26:59 PDT 2019","Fri Oct 18 07:28:41 PDT 2019","Fri Oct 25 07:28:41 PDT 2019","","","","102","0% (0/0)","0% (0/0)","0% (0/0)","5","5","1","2","4"
"3MG8450X2O34RLF297UE0EEK9SEUPK","3KTTL66PWHEWHAEXOC1U8773KLQHVI","How natural (i.e. human-sounding) is this recording?","How natural (i.e. human-sounding) is this recording?","audio, naturalness, rating","$0.01","Fri Oct 18 06:58:50 PDT 2019","103","BatchId:3805678;OriginalHitTemplateId:928390811;","1800","604800","Fri Oct 25 06:58:50 PDT 2019","","","3MMN5BL1W0YHU83ZS9BMLLQDPVP3MH","A2U8IBLKZ3K6AY","Submitted","Fri Oct 18 06:59:50 PDT 2019","Fri Oct 18 07:00:41 PDT 2019","Fri Oct 25 07:00:41 PDT 2019","","","","51","0% (0/0)","0% (0/0)","0% (0/0)","5","5","2","1","4"
"3MG8450X2O34RLF297UE0EEK9SEUPK","3KTTL66PWHEWHAEXOC1U8773KLQHVI","How natural (i.e. human-sounding) is this recording?","How natural (i.e. human-sounding) is this recording?","audio, naturalness, rating","$0.01","Fri Oct 18 06:58:50 PDT 2019","103","BatchId:3805678;OriginalHitTemplateId:928390811;","1800","604800","Fri Oct 25 06:58:50 PDT 2019","","","3N1FSUEFL6UZ8AGQFUH2C0VPUIXD40","AO2M8J1H30OZF","Submitted","Fri Oct 18 07:33:21 PDT 2019","Fri Oct 18 07:34:42 PDT 2019","Fri Oct 25 07:34:42 PDT 2019","","","","81","0% (0/0)","0% (0/0)","0% (0/0)","5","4","1","1","3"
"3MG8450X2O34RLF297UE0EEK9SEUPK","3KTTL66PWHEWHAEXOC1U8773KLQHVI","How natural (i.e. human-sounding) is this recording?","How natural (i.e. human-sounding) is this recording?","audio, naturalness, rating","$0.01","Fri Oct 18 06:58:50 PDT 2019","103","BatchId:3805678;OriginalHitTemplateId:928390811;","1800","604800","Fri Oct 25 06:58:50 PDT 2019","","","3N4BPTXIO9M63EGFMHU7THO9D5DUKE","A1KX59GUTSMLH","Submitted","Fri Oct 18 13:57:08 PDT 2019","Fri Oct 18 13:57:45 PDT 2019","Fri Oct 25 13:57:45 PDT 2019","","","","37","0% (0/0)","0% (0/0)","0% (0/0)","5","4","1","1","4"
"3MG8450X2O34RLF297UE0EEK9SEUPK","3KTTL66PWHEWHAEXOC1U8773KLQHVI","How natural (i.e. human-sounding) is this recording?","How natural (i.e. human-sounding) is this recording?","audio, naturalness, rating","$0.01","Fri Oct 18 06:58:50 PDT 2019","103","BatchId:3805678;OriginalHitTemplateId:928390811;","1800","604800","Fri Oct 25 06:58:50 PDT 2019","","","3NJM2BJS4X0BSBWVDIEFVSO20F1CPC","A2241A4P7UR7HY","Submitted","Fri Oct 18 12:36:12 PDT 2019","Fri Oct 18 12:37:20 PDT 2019","Fri Oct 25 12:37:20 PDT 2019","","","","68","0% (0/0)","0% (0/0)","0% (0/0)","5","5","1","1","5"
"3MG8450X2O34RLF297UE0EEK9SEUPK","3KTTL66PWHEWHAEXOC1U8773KLQHVI","How natural (i.e. human-sounding) is this recording?","How natural (i.e. human-sounding) is this recording?","audio, naturalness, rating","$0.01","Fri Oct 18 06:58:50 PDT 2019","103","BatchId:3805678;OriginalHitTemplateId:928390811;","1800","604800","Fri Oct 25 06:58:50 PDT 2019","","","3NPFYT4IZDYTIWER1VKFFWVK05GGXQ","A1RZDDSHZ9EEA5","Submitted","Fri Oct 18 07:23:22 PDT 2019","Fri Oct 18 07:24:02 PDT 2019","Fri Oct 25 07:24:02 PDT 2019","","","","40","0% (0/0)","0% (0/0)","0% (0/0)","5","5","1","1","5"
"3MG8450X2O34RLF297UE0EEK9SEUPK","3KTTL66PWHEWHAEXOC1U8773KLQHVI","How natural (i.e. human-sounding) is this recording?","How natural (i.e. human-sounding) is this recording?","audio, naturalness, rating","$0.01","Fri Oct 18 06:58:50 PDT 2019","103","BatchId:3805678;OriginalHitTemplateId:928390811;","1800","604800","Fri Oct 25 06:58:50 PDT 2019","","","3O7L7BFSHFJY8NT5WEUQCJNTZD7IEN","A1547TGUAR30T5","Submitted","Fri Oct 18 11:12:04 PDT 2019","Fri Oct 18 11:12:17 PDT 2019","Fri Oct 25 11:12:17 PDT 2019","","","","13","0% (0/0)","0% (0/0)","0% (0/0)","5","5","1","1","5"
"3MG8450X2O34RLF297UE0EEK9SEUPK","3KTTL66PWHEWHAEXOC1U8773KLQHVI","How natural (i.e. human-sounding) is this recording?","How natural (i.e. human-sounding) is this recording?","audio, naturalness, rating","$0.01","Fri Oct 18 06:58:50 PDT 2019","103","BatchId:3805678;OriginalHitTemplateId:928390811;","1800","604800","Fri Oct 25 06:58:50 PDT 2019","","","3OS46CRSLGTZHEKQP3ABFKLAQG6V61","A1PHXBQLFQ2BAB","Submitted","Fri Oct 18 07:27:44 PDT 2019","Fri Oct 18 07:28:34 PDT 2019","Fri Oct 25 07:28:34 PDT 2019","","","","50","0% (0/0)","0% (0/0)","0% (0/0)","4","5","1","1","2"
"3MG8450X2O34RLF297UE0EEK9SEUPK","3KTTL66PWHEWHAEXOC1U8773KLQHVI","How natural (i.e. human-sounding) is this recording?","How natural (i.e. human-sounding) is this recording?","audio, naturalness, rating","$0.01","Fri Oct 18 06:58:50 PDT 2019","103","BatchId:3805678;OriginalHitTemplateId:928390811;","1800","604800","Fri Oct 25 06:58:50 PDT 2019","","","3OWEPKL08A65D9PM6MTCBHRTZPZ7N8","A26DZCJ1QQQ48","Submitted","Fri Oct 18 11:23:21 PDT 2019","Fri Oct 18 11:23:55 PDT 2019","Fri Oct 25 11:23:55 PDT 2019","","","","34","0% (0/0)","0% (0/0)","0% (0/0)","5","5","1","1","5"
"3MG8450X2O34RLF297UE0EEK9SEUPK","3KTTL66PWHEWHAEXOC1U8773KLQHVI","How natural (i.e. human-sounding) is this recording?","How natural (i.e. human-sounding) is this recording?","audio, naturalness, rating","$0.01","Fri Oct 18 06:58:50 PDT 2019","103","BatchId:3805678;OriginalHitTemplateId:928390811;","1800","604800","Fri Oct 25 06:58:50 PDT 2019","","","3PB5A5BD0W0Z3H80JIGHLXIWYC27GN","A1POBG27PTO9DX","Submitted","Fri Oct 18 07:25:07 PDT 2019","Fri Oct 18 07:30:35 PDT 2019","Fri Oct 25 07:30:35 PDT 2019","","","","328","100% (1/1)","100% (1/1)","100% (1/1)","5","5","2","2","4"
"3MG8450X2O34RLF297UE0EEK9SEUPK","3KTTL66PWHEWHAEXOC1U8773KLQHVI","How natural (i.e. human-sounding) is this recording?","How natural (i.e. human-sounding) is this recording?","audio, naturalness, rating","$0.01","Fri Oct 18 06:58:50 PDT 2019","103","BatchId:3805678;OriginalHitTemplateId:928390811;","1800","604800","Fri Oct 25 06:58:50 PDT 2019","","","3PM8NZGV8ZAKVL854RPR9AZM6RMQXQ","ATVYXLWEH5N03","Submitted","Fri Oct 18 06:59:34 PDT 2019","Fri Oct 18 07:03:03 PDT 2019","Fri Oct 25 07:03:03 PDT 2019","","","","209","100% (110/110)","100% (1/1)","100% (1/1)","4","3","1","1","4"
"3MG8450X2O34RLF297UE0EEK9SEUPK","3KTTL66PWHEWHAEXOC1U8773KLQHVI","How natural (i.e. human-sounding) is this recording?","How natural (i.e. human-sounding) is this recording?","audio, naturalness, rating","$0.01","Fri Oct 18 06:58:50 PDT 2019","103","BatchId:3805678;OriginalHitTemplateId:928390811;","1800","604800","Fri Oct 25 06:58:50 PDT 2019","","","3PPTZCWALRE90G8K59DC6VFXERKZQW","A3UVLUYTHE86UA","Submitted","Fri Oct 18 07:02:12 PDT 2019","Fri Oct 18 07:02:49 PDT 2019","Fri Oct 25 07:02:49 PDT 2019","","","","37","100% (1/1)","100% (1/1)","100% (1/1)","5","5","2","2","5"
"3MG8450X2O34RLF297UE0EEK9SEUPK","3KTTL66PWHEWHAEXOC1U8773KLQHVI","How natural (i.e. human-sounding) is this recording?","How natural (i.e. human-sounding) is this recording?","audio, naturalness, rating","$0.01","Fri Oct 18 06:58:50 PDT 2019","103","BatchId:3805678;OriginalHitTemplateId:928390811;","1800","604800","Fri Oct 25 06:58:50 PDT 2019","","","3PXX5PX6LYSLV2YNAZ0NUDTPJ7PBAA","A11XRLKR5TWYTJ","Submitted","Fri Oct 18 08:03:12 PDT 2019","Fri Oct 18 08:03:39 PDT 2019","Fri Oct 25 08:03:39 PDT 2019","","","","27","0% (0/0)","0% (0/0)","0% (0/0)","5","5","1","1","5"
"3MG8450X2O34RLF297UE0EEK9SEUPK","3KTTL66PWHEWHAEXOC1U8773KLQHVI","How natural (i.e. human-sounding) is this recording?","How natural (i.e. human-sounding) is this recording?","audio, naturalness, rating","$0.01","Fri Oct 18 06:58:50 PDT 2019","103","BatchId:3805678;OriginalHitTemplateId:928390811;","1800","604800","Fri Oct 25 06:58:50 PDT 2019","","","3PZDLQMM0UFF04VPBK33ZFG9P4W2C0","AZQ5YZJTPB9Q8","Submitted","Fri Oct 18 07:53:26 PDT 2019","Fri Oct 18 07:53:49 PDT 2019","Fri Oct 25 07:53:49 PDT 2019","","","","23","0% (0/0)","0% (0/0)","0% (0/0)","4","4","1","1","4"
"3MG8450X2O34RLF297UE0EEK9SEUPK","3KTTL66PWHEWHAEXOC1U8773KLQHVI","How natural (i.e. human-sounding) is this recording?","How natural (i.e. human-sounding) is this recording?","audio, naturalness, rating","$0.01","Fri Oct 18 06:58:50 PDT 2019","103","BatchId:3805678;OriginalHitTemplateId:928390811;","1800","604800","Fri Oct 25 06:58:50 PDT 2019","","","3Q5C1WP23NVNCY4ED6GHGQ0U5HN515","A38IE69ORDCEGY","Submitted","Fri Oct 18 07:17:28 PDT 2019","Fri Oct 18 07:17:49 PDT 2019","Fri Oct 25 07:17:49 PDT 2019","","","","21","0% (0/0)","0% (0/0)","0% (0/0)","5","5","1","1","5"
"3MG8450X2O34RLF297UE0EEK9SEUPK","3KTTL66PWHEWHAEXOC1U8773KLQHVI","How natural (i.e. human-sounding) is this recording?","How natural (i.e. human-sounding) is this recording?","audio, naturalness, rating","$0.01","Fri Oct 18 06:58:50 PDT 2019","103","BatchId:3805678;OriginalHitTemplateId:928390811;","1800","604800","Fri Oct 25 06:58:50 PDT 2019","","","3QY5DC2MXSEVNSO1L63AD4W4586UFK","AT9UG11XAEDZL","Submitted","Fri Oct 18 07:48:49 PDT 2019","Fri Oct 18 07:49:09 PDT 2019","Fri Oct 25 07:49:09 PDT 2019","","","","20","0% (0/1)","0% (0/1)","0% (0/1)","5","5","1","1","5"
"3MG8450X2O34RLF297UE0EEK9SEUPK","3KTTL66PWHEWHAEXOC1U8773KLQHVI","How natural (i.e. human-sounding) is this recording?","How natural (i.e. human-sounding) is this recording?","audio, naturalness, rating","$0.01","Fri Oct 18 06:58:50 PDT 2019","103","BatchId:3805678;OriginalHitTemplateId:928390811;","1800","604800","Fri Oct 25 06:58:50 PDT 2019","","","3RJSC4XJ11ON59JWHNCH2LHK0QQ50D","A2CDAR9ABRXAJG","Submitted","Fri Oct 18 11:02:35 PDT 2019","Fri Oct 18 11:03:49 PDT 2019","Fri Oct 25 11:03:49 PDT 2019","","","","74","100% (1/1)","100% (1/1)","100% (1/1)","5","4","1","2","3"
"3MG8450X2O34RLF297UE0EEK9SEUPK","3KTTL66PWHEWHAEXOC1U8773KLQHVI","How natural (i.e. human-sounding) is this recording?","How natural (i.e. human-sounding) is this recording?","audio, naturalness, rating","$0.01","Fri Oct 18 06:58:50 PDT 2019","103","BatchId:3805678;OriginalHitTemplateId:928390811;","1800","604800","Fri Oct 25 06:58:50 PDT 2019","","","3RKNTXVS3NS1A3DEVKQ0MZNJ9FVA4Q","AOM3682UFDAYO","Submitted","Fri Oct 18 09:50:51 PDT 2019","Fri Oct 18 09:52:02 PDT 2019","Fri Oct 25 09:52:02 PDT 2019","","","","71","0% (0/0)","0% (0/0)","0% (0/0)","5","5","1","1","4"
"3MG8450X2O34RLF297UE0EEK9SEUPK","3KTTL66PWHEWHAEXOC1U8773KLQHVI","How natural (i.e. human-sounding) is this recording?","How natural (i.e. human-sounding) is this recording?","audio, naturalness, rating","$0.01","Fri Oct 18 06:58:50 PDT 2019","103","BatchId:3805678;OriginalHitTemplateId:928390811;","1800","604800","Fri Oct 25 06:58:50 PDT 2019","","","3RSDURM96BGKYN8A0WGTY7HHPVUEYC","A1H6PVWRCYN0E4","Submitted","Fri Oct 18 10:05:40 PDT 2019","Fri Oct 18 10:06:21 PDT 2019","Fri Oct 25 10:06:21 PDT 2019","","","","41","0% (0/3)","0% (0/3)","0% (0/3)","1","5","1","1","1"
"3MG8450X2O34RLF297UE0EEK9SEUPK","3KTTL66PWHEWHAEXOC1U8773KLQHVI","How natural (i.e. human-sounding) is this recording?","How natural (i.e. human-sounding) is this recording?","audio, naturalness, rating","$0.01","Fri Oct 18 06:58:50 PDT 2019","103","BatchId:3805678;OriginalHitTemplateId:928390811;","1800","604800","Fri Oct 25 06:58:50 PDT 2019","","","3RXCAC0YISJ33VDJTN8NZXER9V6G8F","A28QUR0QYD2WI7","Submitted","Fri Oct 18 07:11:45 PDT 2019","Fri Oct 18 07:19:37 PDT 2019","Fri Oct 25 07:19:37 PDT 2019","","","","472","100% (1/1)","100% (1/1)","100% (1/1)","5","5","1","1","2"
"3MG8450X2O34RLF297UE0EEK9SEUPK","3KTTL66PWHEWHAEXOC1U8773KLQHVI","How natural (i.e. human-sounding) is this recording?","How natural (i.e. human-sounding) is this recording?","audio, naturalness, rating","$0.01","Fri Oct 18 06:58:50 PDT 2019","103","BatchId:3805678;OriginalHitTemplateId:928390811;","1800","604800","Fri Oct 25 06:58:50 PDT 2019","","","3S0TNUHWKUC0RB3SRX7FTCBUW448DD","A2LLYO3BY92IM0","Submitted","Fri Oct 18 08:21:55 PDT 2019","Fri Oct 18 08:22:44 PDT 2019","Fri Oct 25 08:22:44 PDT 2019","","","","49","0% (0/0)","0% (0/0)","0% (0/0)","5","5","1","1","5"
"3MG8450X2O34RLF297UE0EEK9SEUPK","3KTTL66PWHEWHAEXOC1U8773KLQHVI","How natural (i.e. human-sounding) is this recording?","How natural (i.e. human-sounding) is this recording?","audio, naturalness, rating","$0.01","Fri Oct 18 06:58:50 PDT 2019","103","BatchId:3805678;OriginalHitTemplateId:928390811;","1800","604800","Fri Oct 25 06:58:50 PDT 2019","","","3S3AMIZX3VZ23ET589NKVY7DMWBCDB","A89Q39VP4TT19","Submitted","Fri Oct 18 14:03:56 PDT 2019","Fri Oct 18 14:05:03 PDT 2019","Fri Oct 25 14:05:03 PDT 2019","","","","67","0% (0/0)","0% (0/0)","0% (0/0)","5","5","2","2","5"
"3MG8450X2O34RLF297UE0EEK9SEUPK","3KTTL66PWHEWHAEXOC1U8773KLQHVI","How natural (i.e. human-sounding) is this recording?","How natural (i.e. human-sounding) is this recording?","audio, naturalness, rating","$0.01","Fri Oct 18 06:58:50 PDT 2019","103","BatchId:3805678;OriginalHitTemplateId:928390811;","1800","604800","Fri Oct 25 06:58:50 PDT 2019","","","3SLE99ER0O7MWA6VMRGMB6KYSS0BZF","A2MPRJVMM87Q7O","Submitted","Fri Oct 18 08:30:14 PDT 2019","Fri Oct 18 08:31:19 PDT 2019","Fri Oct 25 08:31:19 PDT 2019","","","","65","0% (0/0)","0% (0/0)","0% (0/0)","5","5","2","2","5"
"3MG8450X2O34RLF297UE0EEK9SEUPK","3KTTL66PWHEWHAEXOC1U8773KLQHVI","How natural (i.e. human-sounding) is this recording?","How natural (i.e. human-sounding) is this recording?","audio, naturalness, rating","$0.01","Fri Oct 18 06:58:50 PDT 2019","103","BatchId:3805678;OriginalHitTemplateId:928390811;","1800","604800","Fri Oct 25 06:58:50 PDT 2019","","","3TE3O857312J66K8THTYOAFVP5Z2R6","A36QYJDZBOQ5PQ","Submitted","Fri Oct 18 07:54:04 PDT 2019","Fri Oct 18 07:54:23 PDT 2019","Fri Oct 25 07:54:23 PDT 2019","","","","19","0% (0/0)","0% (0/0)","0% (0/0)","1","4","2","1","1"
"3MG8450X2O34RLF297UE0EEK9SEUPK","3KTTL66PWHEWHAEXOC1U8773KLQHVI","How natural (i.e. human-sounding) is this recording?","How natural (i.e. human-sounding) is this recording?","audio, naturalness, rating","$0.01","Fri Oct 18 06:58:50 PDT 2019","103","BatchId:3805678;OriginalHitTemplateId:928390811;","1800","604800","Fri Oct 25 06:58:50 PDT 2019","","","3TESA3PJ324IGUB9YRG1HKZJPNMMMY","A47E0Z3LTH37V","Submitted","Fri Oct 18 08:30:49 PDT 2019","Fri Oct 18 08:35:06 PDT 2019","Fri Oct 25 08:35:06 PDT 2019","","","","257","0% (0/2)","0% (0/2)","0% (0/2)","1","3","2","2","1"
"3MG8450X2O34RLF297UE0EEK9SEUPK","3KTTL66PWHEWHAEXOC1U8773KLQHVI","How natural (i.e. human-sounding) is this recording?","How natural (i.e. human-sounding) is this recording?","audio, naturalness, rating","$0.01","Fri Oct 18 06:58:50 PDT 2019","103","BatchId:3805678;OriginalHitTemplateId:928390811;","1800","604800","Fri Oct 25 06:58:50 PDT 2019","","","3TVRFO09GL994OSSCMHVSO0SWM7LX6","A3V3D0NQ83KVYW","Submitted","Fri Oct 18 07:42:28 PDT 2019","Fri Oct 18 07:43:33 PDT 2019","Fri Oct 25 07:43:33 PDT 2019","","","","65","0% (0/0)","0% (0/0)","0% (0/0)","5","5","1","1","5"
"3MG8450X2O34RLF297UE0EEK9SEUPK","3KTTL66PWHEWHAEXOC1U8773KLQHVI","How natural (i.e. human-sounding) is this recording?","How natural (i.e. human-sounding) is this recording?","audio, naturalness, rating","$0.01","Fri Oct 18 06:58:50 PDT 2019","103","BatchId:3805678;OriginalHitTemplateId:928390811;","1800","604800","Fri Oct 25 06:58:50 PDT 2019","","","3UNH76FOCTZIAB0NHU4CBFMQYWLMY7","AKXY2ATEM5DC2","Submitted","Fri Oct 18 07:12:37 PDT 2019","Fri Oct 18 07:13:07 PDT 2019","Fri Oct 25 07:13:07 PDT 2019","","","","30","100% (1/1)","100% (1/1)","100% (1/1)","5","5","1","2","5"
"3MG8450X2O34RLF297UE0EEK9SEUPK","3KTTL66PWHEWHAEXOC1U8773KLQHVI","How natural (i.e. human-sounding) is this recording?","How natural (i.e. human-sounding) is this recording?","audio, naturalness, rating","$0.01","Fri Oct 18 06:58:50 PDT 2019","103","BatchId:3805678;OriginalHitTemplateId:928390811;","1800","604800","Fri Oct 25 06:58:50 PDT 2019","","","3UWN2HHPUZZRW79EUPRN68NPM37SNB","A2KHMKJUVDMK1N","Submitted","Fri Oct 18 10:53:47 PDT 2019","Fri Oct 18 10:54:32 PDT 2019","Fri Oct 25 10:54:32 PDT 2019","","","","45","0% (0/0)","0% (0/0)","0% (0/0)","4","4","1","1","3"
"3MG8450X2O34RLF297UE0EEK9SEUPK","3KTTL66PWHEWHAEXOC1U8773KLQHVI","How natural (i.e. human-sounding) is this recording?","How natural (i.e. human-sounding) is this recording?","audio, naturalness, rating","$0.01","Fri Oct 18 06:58:50 PDT 2019","103","BatchId:3805678;OriginalHitTemplateId:928390811;","1800","604800","Fri Oct 25 06:58:50 PDT 2019","","","3V0Z7YWSIZUBZD1P21Y8P74YAC9V2R","A3BLLZ4XKODSA6","Submitted","Fri Oct 18 10:47:20 PDT 2019","Fri Oct 18 10:52:01 PDT 2019","Fri Oct 25 10:52:01 PDT 2019","","","","281","0% (0/0)","0% (0/0)","0% (0/0)","1","1","1","1","1"
"3MG8450X2O34RLF297UE0EEK9SEUPK","3KTTL66PWHEWHAEXOC1U8773KLQHVI","How natural (i.e. human-sounding) is this recording?","How natural (i.e. human-sounding) is this recording?","audio, naturalness, rating","$0.01","Fri Oct 18 06:58:50 PDT 2019","103","BatchId:3805678;OriginalHitTemplateId:928390811;","1800","604800","Fri Oct 25 06:58:50 PDT 2019","","","3V26SBZTBE8IE89BS5WPXOR1JU7ZZS","A1YNBQAKX6FUVW","Submitted","Fri Oct 18 07:17:00 PDT 2019","Fri Oct 18 07:18:08 PDT 2019","Fri Oct 25 07:18:08 PDT 2019","","","","68","0% (0/0)","0% (0/0)","0% (0/0)","5","5","1","1","3"
"3MG8450X2O34RLF297UE0EEK9SEUPK","3KTTL66PWHEWHAEXOC1U8773KLQHVI","How natural (i.e. human-sounding) is this recording?","How natural (i.e. human-sounding) is this recording?","audio, naturalness, rating","$0.01","Fri Oct 18 06:58:50 PDT 2019","103","BatchId:3805678;OriginalHitTemplateId:928390811;","1800","604800","Fri Oct 25 06:58:50 PDT 2019","","","3V26SBZTBE8IE89BS5WPXOR1JWWZZL","A15YW20ECG4OCA","Submitted","Fri Oct 18 12:55:45 PDT 2019","Fri Oct 18 12:56:45 PDT 2019","Fri Oct 25 12:56:45 PDT 2019","","","","60","0% (0/0)","0% (0/0)","0% (0/0)","5","4","1","1","4"
"3MG8450X2O34RLF297UE0EEK9SEUPK","3KTTL66PWHEWHAEXOC1U8773KLQHVI","How natural (i.e. human-sounding) is this recording?","How natural (i.e. human-sounding) is this recording?","audio, naturalness, rating","$0.01","Fri Oct 18 06:58:50 PDT 2019","103","BatchId:3805678;OriginalHitTemplateId:928390811;","1800","604800","Fri Oct 25 06:58:50 PDT 2019","","","3V5Q80FXIYLRN4Z6IRS26CCFJRQ32A","A3JQJT926ICVSA","Submitted","Fri Oct 18 08:37:40 PDT 2019","Fri Oct 18 08:39:29 PDT 2019","Fri Oct 25 08:39:29 PDT 2019","","","","109","0% (0/0)","0% (0/0)","0% (0/0)","4","5","2","2","4"
"3MG8450X2O34RLF297UE0EEK9SEUPK","3KTTL66PWHEWHAEXOC1U8773KLQHVI","How natural (i.e. human-sounding) is this recording?","How natural (i.e. human-sounding) is this recording?","audio, naturalness, rating","$0.01","Fri Oct 18 06:58:50 PDT 2019","103","BatchId:3805678;OriginalHitTemplateId:928390811;","1800","604800","Fri Oct 25 06:58:50 PDT 2019","","","3VELCLL3GLDFEVX3JITQ22R7UAZ1FG","A2KMOFVGE6MQXV","Submitted","Fri Oct 18 06:59:54 PDT 2019","Fri Oct 18 07:03:52 PDT 2019","Fri Oct 25 07:03:52 PDT 2019","","","","238","25% (1/4)","25% (1/4)","25% (1/4)","3","3","2","2","3"
"3MG8450X2O34RLF297UE0EEK9SEUPK","3KTTL66PWHEWHAEXOC1U8773KLQHVI","How natural (i.e. human-sounding) is this recording?","How natural (i.e. human-sounding) is this recording?","audio, naturalness, rating","$0.01","Fri Oct 18 06:58:50 PDT 2019","103","BatchId:3805678;OriginalHitTemplateId:928390811;","1800","604800","Fri Oct 25 06:58:50 PDT 2019","","","3VW04L3ZLU044I9HQ5KJ3IVF3WEXX3","A3RRARK6B8S0R3","Submitted","Fri Oct 18 10:23:43 PDT 2019","Fri Oct 18 10:24:17 PDT 2019","Fri Oct 25 10:24:17 PDT 2019","","","","34","0% (0/0)","0% (0/0)","0% (0/0)","5","5","1","1","5"
"3MG8450X2O34RLF297UE0EEK9SEUPK","3KTTL66PWHEWHAEXOC1U8773KLQHVI","How natural (i.e. human-sounding) is this recording?","How natural (i.e. human-sounding) is this recording?","audio, naturalness, rating","$0.01","Fri Oct 18 06:58:50 PDT 2019","103","BatchId:3805678;OriginalHitTemplateId:928390811;","1800","604800","Fri Oct 25 06:58:50 PDT 2019","","","3W8CV64QJ3THHWR4ILWJKTL38329H1","A3Q45FR4WZRQFG","Submitted","Fri Oct 18 10:10:07 PDT 2019","Fri Oct 18 10:10:21 PDT 2019","Fri Oct 25 10:10:21 PDT 2019","","","","14","0% (0/3)","0% (0/3)","0% (0/3)","1","5","1","1","1"
"3MG8450X2O34RLF297UE0EEK9SEUPK","3KTTL66PWHEWHAEXOC1U8773KLQHVI","How natural (i.e. human-sounding) is this recording?","How natural (i.e. human-sounding) is this recording?","audio, naturalness, rating","$0.01","Fri Oct 18 06:58:50 PDT 2019","103","BatchId:3805678;OriginalHitTemplateId:928390811;","1800","604800","Fri Oct 25 06:58:50 PDT 2019","","","3WJ1OXY92BA2T40G7NGD3B3OB1IA8O","A2NNBL9CWH7NML","Submitted","Fri Oct 18 09:22:47 PDT 2019","Fri Oct 18 09:23:51 PDT 2019","Fri Oct 25 09:23:51 PDT 2019","","","","64","0% (0/0)","0% (0/0)","0% (0/0)","5","5","1","1","5"
"3MG8450X2O34RLF297UE0EEK9SEUPK","3KTTL66PWHEWHAEXOC1U8773KLQHVI","How natural (i.e. human-sounding) is this recording?","How natural (i.e. human-sounding) is this recording?","audio, naturalness, rating","$0.01","Fri Oct 18 06:58:50 PDT 2019","103","BatchId:3805678;OriginalHitTemplateId:928390811;","1800","604800","Fri Oct 25 06:58:50 PDT 2019","","","3WQ3B2KGE9AP1ELNEG7UJC0MFDG1B9","AFG3FXABPGSZS","Submitted","Fri Oct 18 07:45:17 PDT 2019","Fri Oct 18 07:46:06 PDT 2019","Fri Oct 25 07:46:06 PDT 2019","","","","49","99% (89/90)","50% (1/2)","50% (1/2)","5","5","1","2","5"
"3MG8450X2O34RLF297UE0EEK9SEUPK","3KTTL66PWHEWHAEXOC1U8773KLQHVI","How natural (i.e. human-sounding) is this recording?","How natural (i.e. human-sounding) is this recording?","audio, naturalness, rating","$0.01","Fri Oct 18 06:58:50 PDT 2019","103","BatchId:3805678;OriginalHitTemplateId:928390811;","1800","604800","Fri Oct 25 06:58:50 PDT 2019","","","3WQQ9FUS6BO7CE58D1G9YMNUTKQ8B6","A120CDB4GVPPAX","Submitted","Fri Oct 18 11:16:07 PDT 2019","Fri Oct 18 11:18:16 PDT 2019","Fri Oct 25 11:18:16 PDT 2019","","","","129","0% (0/0)","0% (0/0)","0% (0/0)","5","5","1","2","1"
"3MG8450X2O34RLF297UE0EEK9SEUPK","3KTTL66PWHEWHAEXOC1U8773KLQHVI","How natural (i.e. human-sounding) is this recording?","How natural (i.e. human-sounding) is this recording?","audio, naturalness, rating","$0.01","Fri Oct 18 06:58:50 PDT 2019","103","BatchId:3805678;OriginalHitTemplateId:928390811;","1800","604800","Fri Oct 25 06:58:50 PDT 2019","","","3XIQGXAUMD2AP33Q8SGL9JIR13H7X0","A3S1JWDIQBHVEH","Submitted","Fri Oct 18 12:20:07 PDT 2019","Fri Oct 18 12:20:33 PDT 2019","Fri Oct 25 12:20:33 PDT 2019","","","","26","0% (0/0)","0% (0/0)","0% (0/0)","1","5","1","1","1"
"3MG8450X2O34RLF297UE0EEK9SEUPK","3KTTL66PWHEWHAEXOC1U8773KLQHVI","How natural (i.e. human-sounding) is this recording?","How natural (i.e. human-sounding) is this recording?","audio, naturalness, rating","$0.01","Fri Oct 18 06:58:50 PDT 2019","103","BatchId:3805678;OriginalHitTemplateId:928390811;","1800","604800","Fri Oct 25 06:58:50 PDT 2019","","","3XXU1SWE8NPKBFVDCJ3YAWX6S3R0AC","A12S1JN3RKF657","Submitted","Fri Oct 18 07:54:29 PDT 2019","Fri Oct 18 07:55:47 PDT 2019","Fri Oct 25 07:55:47 PDT 2019","","","","78","0% (0/0)","0% (0/0)","0% (0/0)","5","5","1","1","4"
"3MG8450X2O34RLF297UE0EEK9SEUPK","3KTTL66PWHEWHAEXOC1U8773KLQHVI","How natural (i.e. human-sounding) is this recording?","How natural (i.e. human-sounding) is this recording?","audio, naturalness, rating","$0.01","Fri Oct 18 06:58:50 PDT 2019","103","BatchId:3805678;OriginalHitTemplateId:928390811;","1800","604800","Fri Oct 25 06:58:50 PDT 2019","","","3YHH42UU5C917YMH9ASOJADHMFNL0C","A2SYVP4PT7RFN1","Submitted","Fri Oct 18 07:44:26 PDT 2019","Fri Oct 18 07:45:04 PDT 2019","Fri Oct 25 07:45:04 PDT 2019","","","","38","0% (0/0)","0% (0/0)","0% (0/0)","5","5","1","1","4"
"3MG8450X2O34RLF297UE0EEK9SEUPK","3KTTL66PWHEWHAEXOC1U8773KLQHVI","How natural (i.e. human-sounding) is this recording?","How natural (i.e. human-sounding) is this recording?","audio, naturalness, rating","$0.01","Fri Oct 18 06:58:50 PDT 2019","103","BatchId:3805678;OriginalHitTemplateId:928390811;","1800","604800","Fri Oct 25 06:58:50 PDT 2019","","","3YHH42UU5C917YMH9ASOJADHMFRL0G","A37KN6X7M46F5","Submitted","Fri Oct 18 08:03:30 PDT 2019","Fri Oct 18 08:05:05 PDT 2019","Fri Oct 25 08:05:05 PDT 2019","","","","95","0% (0/0)","0% (0/0)","0% (0/0)","5","4","1","1","4"
"3MG8450X2O34RLF297UE0EEK9SEUPK","3KTTL66PWHEWHAEXOC1U8773KLQHVI","How natural (i.e. human-sounding) is this recording?","How natural (i.e. human-sounding) is this recording?","audio, naturalness, rating","$0.01","Fri Oct 18 06:58:50 PDT 2019","103","BatchId:3805678;OriginalHitTemplateId:928390811;","1800","604800","Fri Oct 25 06:58:50 PDT 2019","","","3YW4XOSQKRF4XDUTE7OPO2SA4Z81UD","A1LELR4QRZ9T8K","Submitted","Fri Oct 18 13:25:25 PDT 2019","Fri Oct 18 13:27:51 PDT 2019","Fri Oct 25 13:27:51 PDT 2019","","","","146","0% (0/0)","0% (0/0)","0% (0/0)","5","5","2","2","5"
"3MG8450X2O34RLF297UE0EEK9SEUPK","3KTTL66PWHEWHAEXOC1U8773KLQHVI","How natural (i.e. human-sounding) is this recording?","How natural (i.e. human-sounding) is this recording?","audio, naturalness, rating","$0.01","Fri Oct 18 06:58:50 PDT 2019","103","BatchId:3805678;OriginalHitTemplateId:928390811;","1800","604800","Fri Oct 25 06:58:50 PDT 2019","","","3Z3ZLGNNSJO8FN1RK2I32UAIZXBQ3I","A190FCR1LZC1FR","Submitted","Fri Oct 18 09:17:51 PDT 2019","Fri Oct 18 09:19:06 PDT 2019","Fri Oct 25 09:19:06 PDT 2019","","","","75","0% (0/0)","0% (0/0)","0% (0/0)","5","5","3","3","5"
"3MG8450X2O34RLF297UE0EEK9SEUPK","3KTTL66PWHEWHAEXOC1U8773KLQHVI","How natural (i.e. human-sounding) is this recording?","How natural (i.e. human-sounding) is this recording?","audio, naturalness, rating","$0.01","Fri Oct 18 06:58:50 PDT 2019","103","BatchId:3805678;OriginalHitTemplateId:928390811;","1800","604800","Fri Oct 25 06:58:50 PDT 2019","","","3Z7ISHFUH1P3UC8OJFWCK4UXKM78Z5","A1O4W7F05T6HY0","Submitted","Fri Oct 18 07:44:25 PDT 2019","Fri Oct 18 07:45:18 PDT 2019","Fri Oct 25 07:45:18 PDT 2019","","","","53","0% (0/0)","0% (0/0)","0% (0/0)","5","5","2","2","5"
"3MG8450X2O34RLF297UE0EEK9SEUPK","3KTTL66PWHEWHAEXOC1U8773KLQHVI","How natural (i.e. human-sounding) is this recording?","How natural (i.e. human-sounding) is this recording?","audio, naturalness, rating","$0.01","Fri Oct 18 06:58:50 PDT 2019","103","BatchId:3805678;OriginalHitTemplateId:928390811;","1800","604800","Fri Oct 25 06:58:50 PDT 2019","","","3Z9WI9EOZ0I1YSAVMIN8A2ZJJW4HKR","A1YY9C43J4LJTF","Submitted","Fri Oct 18 09:32:40 PDT 2019","Fri Oct 18 09:33:31 PDT 2019","Fri Oct 25 09:33:31 PDT 2019","","","","51","100% (1/1)","100% (1/1)","100% (1/1)","4","4","1","1","3"