"HITId","HITTypeId","Title","Description","Keywords","Reward","CreationTime","MaxAssignments","RequesterAnnotation","AssignmentDurationInSeconds","AutoApprovalDelayInSeconds","Expiration","NumberOfSimilarHITs","LifetimeInSeconds","AssignmentId","WorkerId","AssignmentStatus","AcceptTime","SubmitTime","AutoApprovalTime","ApprovalTime","RejectionTime","RequesterFeedback","WorkTimeInSeconds","LifetimeApprovalRate","Last30DaysApprovalRate","Last7DaysApprovalRate","Answer.GT-LJ001-0072","Answer.GT-LJ001-0173","Answer.bad-LJ001-0051","Answer.bad-LJ001-0094","Answer.wg-LJ001-0063","Approve","Reject"
"378G7J1SJLRDMYFHVTT4OQ0DG2UWE9","3HSQTUGQM2AKK76J15EGVP65ET09G1","How natural (i.e. human-sounding) is this recording?","How natural (i.e. human-sounding) is this recording?","audio, naturalness, rating","$0.05","Sat Oct 19 21:40:51 PDT 2019","111","BatchId:3807385;OriginalHitTemplateId:928390811;","1800","604800","Sat Oct 26 21:40:51 PDT 2019","","","3UXUOQ9OKFRYTQVXXIO7PB7T1OGA7K","A12W7ZB2DLBBY5","Submitted","Sat Oct 19 23:06:58 PDT 2019","Sat Oct 19 23:10:02 PDT 2019","Sat Oct 26 23:10:02 PDT 2019","","","","184","0% (0/1)","0% (0/1)","0% (0/1)","5","5","1","1","5"
"378G7J1SJLRDMYFHVTT4OQ0DG2UWE9","3HSQTUGQM2AKK76J15EGVP65ET09G1","How natural (i.e. human-sounding) is this recording?","How natural (i.e. human-sounding) is this recording?","audio, naturalness, rating","$0.05","Sat Oct 19 21:40:51 PDT 2019","111","BatchId:3807385;OriginalHitTemplateId:928390811;","1800","604800","Sat Oct 26 21:40:51 PDT 2019","","","3E7TUJ2EGDG05GM2WPDTT865HHXD9X","A139DFNZS0I9RB","Submitted","Sat Oct 19 22:28:58 PDT 2019","Sat Oct 19 22:29:57 PDT 2019","Sat Oct 26 22:29:57 PDT 2019","","","","59","0% (0/2)","0% (0/2)","0% (0/2)","5","5","2","2","5"
"378G7J1SJLRDMYFHVTT4OQ0DG2UWE9","3HSQTUGQM2AKK76J15EGVP65ET09G1","How natural (i.e. human-sounding) is this recording?","How natural (i.e. human-sounding) is this recording?","audio, naturalness, rating","$0.05","Sat Oct 19 21:40:51 PDT 2019","111","BatchId:3807385;OriginalHitTemplateId:928390811;","1800","604800","Sat Oct 26 21:40:51 PDT 2019","","","33LKR6A5KFEPX0F4E2YFJ668MR41T2","A13CLN8L5HFT46","Submitted","Sat Oct 19 23:49:56 PDT 2019","Sat Oct 19 23:51:02 PDT 2019","Sat Oct 26 23:51:02 PDT 2019","","","","66","0% (0/0)","0% (0/0)","0% (0/0)","5","4","1","1","5"
"378G7J1SJLRDMYFHVTT4OQ0DG2UWE9","3HSQTUGQM2AKK76J15EGVP65ET09G1","How natural (i.e. human-sounding) is this recording?","How natural (i.e. human-sounding) is this recording?","audio, naturalness, rating","$0.05","Sat Oct 19 21:40:51 PDT 2019","111","BatchId:3807385;OriginalHitTemplateId:928390811;","1800","604800","Sat Oct 26 21:40:51 PDT 2019","","","3JWH6J9I9T7SFLSCJ35SGJDPJL8BNT","A15DIAOCQ8X4IX","Submitted","Sat Oct 19 23:44:42 PDT 2019","Sat Oct 19 23:45:31 PDT 2019","Sat Oct 26 23:45:31 PDT 2019","","","","49","0% (0/0)","0% (0/0)","0% (0/0)","5","5","2","2","5"
"378G7J1SJLRDMYFHVTT4OQ0DG2UWE9","3HSQTUGQM2AKK76J15EGVP65ET09G1","How natural (i.e. human-sounding) is this recording?","How natural (i.e. human-sounding) is this recording?","audio, naturalness, rating","$0.05","Sat Oct 19 21:40:51 PDT 2019","111","BatchId:3807385;OriginalHitTemplateId:928390811;","1800","604800","Sat Oct 26 21:40:51 PDT 2019","","","3EFE17QCRDZZMBN3RRWA1OQT1XESHV","A16TEDRTHI8H9F","Submitted","Sat Oct 19 22:21:19 PDT 2019","Sat Oct 19 22:23:38 PDT 2019","Sat Oct 26 22:23:38 PDT 2019","","","","139","0% (0/0)","0% (0/0)","0% (0/0)","5","5","1","1","5"
"378G7J1SJLRDMYFHVTT4OQ0DG2UWE9","3HSQTUGQM2AKK76J15EGVP65ET09G1","How natural (i.e. human-sounding) is this recording?","How natural (i.e. human-sounding) is this recording?","audio, naturalness, rating","$0.05","Sat Oct 19 21:40:51 PDT 2019","111","BatchId:3807385;OriginalHitTemplateId:928390811;","1800","604800","Sat Oct 26 21:40:51 PDT 2019","","","3QBD8R3Z22DQC77F53VINU7OZ3NO46","A185F8GKB23DAJ","Submitted","Sat Oct 19 22:05:29 PDT 2019","Sat Oct 19 22:05:58 PDT 2019","Sat Oct 26 22:05:58 PDT 2019","","","","29","0% (0/0)","0% (0/0)","0% (0/0)","5","5","1","1","5"
"378G7J1SJLRDMYFHVTT4OQ0DG2UWE9","3HSQTUGQM2AKK76J15EGVP65ET09G1","How natural (i.e. human-sounding) is this recording?","How natural (i.e. human-sounding) is this recording?","audio, naturalness, rating","$0.05","Sat Oct 19 21:40:51 PDT 2019","111","BatchId:3807385;OriginalHitTemplateId:928390811;","1800","604800","Sat Oct 26 21:40:51 PDT 2019","","","3ND9UOO81LWUFON22HL9Q5MLOROLWF","A1AJ2G7JXXJ8UJ","Submitted","Sat Oct 19 23:12:52 PDT 2019","Sat Oct 19 23:13:11 PDT 2019","Sat Oct 26 23:13:11 PDT 2019","","","","19","0% (0/0)","0% (0/0)","0% (0/0)","5","5","1","1","5"
"378G7J1SJLRDMYFHVTT4OQ0DG2UWE9","3HSQTUGQM2AKK76J15EGVP65ET09G1","How natural (i.e. human-sounding) is this recording?","How natural (i.e. human-sounding) is this recording?","audio, naturalness, rating","$0.05","Sat Oct 19 21:40:51 PDT 2019","111","BatchId:3807385;OriginalHitTemplateId:928390811;","1800","604800","Sat Oct 26 21:40:51 PDT 2019","","","3B837J3LDPQCB516NW84FSSZO68SRO","A1BUI06PVSN6X2","Submitted","Sat Oct 19 21:48:24 PDT 2019","Sat Oct 19 21:49:04 PDT 2019","Sat Oct 26 21:49:04 PDT 2019","","","","40","0% (0/0)","0% (0/0)","0% (0/0)","4","4","1","1","5"
"378G7J1SJLRDMYFHVTT4OQ0DG2UWE9","3HSQTUGQM2AKK76J15EGVP65ET09G1","How natural (i.e. human-sounding) is this recording?","How natural (i.e. human-sounding) is this recording?","audio, naturalness, rating","$0.05","Sat Oct 19 21:40:51 PDT 2019","111","BatchId:3807385;OriginalHitTemplateId:928390811;","1800","604800","Sat Oct 26 21:40:51 PDT 2019","","","3QUO65DNQVIPT51UK9M00Y5IYGKOU2","A1CSBWOZLC2KZA","Submitted","Sat Oct 19 23:46:33 PDT 2019","Sat Oct 19 23:47:35 PDT 2019","Sat Oct 26 23:47:35 PDT 2019","","","","62","0% (0/0)","0% (0/0)","0% (0/0)","5","5","2","2","5"
"378G7J1SJLRDMYFHVTT4OQ0DG2UWE9","3HSQTUGQM2AKK76J15EGVP65ET09G1","How natural (i.e. human-sounding) is this recording?","How natural (i.e. human-sounding) is this recording?","audio, naturalness, rating","$0.05","Sat Oct 19 21:40:51 PDT 2019","111","BatchId:3807385;OriginalHitTemplateId:928390811;","1800","604800","Sat Oct 26 21:40:51 PDT 2019","","","3TVRFO09GL994OSSCMHVSO0SXTMLX0","A1EIMXVUOG49SJ","Submitted","Sat Oct 19 21:57:34 PDT 2019","Sat Oct 19 21:58:52 PDT 2019","Sat Oct 26 21:58:52 PDT 2019","","","","78","100% (1/1)","100% (1/1)","100% (1/1)","5","4","3","2","4"
"378G7J1SJLRDMYFHVTT4OQ0DG2UWE9","3HSQTUGQM2AKK76J15EGVP65ET09G1","How natural (i.e. human-sounding) is this recording?","How natural (i.e. human-sounding) is this recording?","audio, naturalness, rating","$0.05","Sat Oct 19 21:40:51 PDT 2019","111","BatchId:3807385;OriginalHitTemplateId:928390811;","1800","604800","Sat Oct 26 21:40:51 PDT 2019","","","3RGU30DZTB2SFM5OVU391S72M04JMJ","A1F6M2AE7GLM9R","Submitted","Sat Oct 19 23:00:16 PDT 2019","Sat Oct 19 23:00:57 PDT 2019","Sat Oct 26 23:00:57 PDT 2019","","","","41","0% (0/7)","0% (0/7)","0% (0/7)","5","5","4","4","5"
"378G7J1SJLRDMYFHVTT4OQ0DG2UWE9","3HSQTUGQM2AKK76J15EGVP65ET09G1","How natural (i.e. human-sounding) is this recording?","How natural (i.e. human-sounding) is this recording?","audio, naturalness, rating","$0.05","Sat Oct 19 21:40:51 PDT 2019","111","BatchId:3807385;OriginalHitTemplateId:928390811;","1800","604800","Sat Oct 26 21:40:51 PDT 2019","","","3LEP4MGT3HUJT91ZU9RPKE1V5H6BDB","A1FI4XZJQXOGPF","Submitted","Sat Oct 19 23:43:59 PDT 2019","Sat Oct 19 23:45:47 PDT 2019","Sat Oct 26 23:45:47 PDT 2019","","","","108","100% (95/95)","0% (0/0)","0% (0/0)","5","5","2","2","5"
"378G7J1SJLRDMYFHVTT4OQ0DG2UWE9","3HSQTUGQM2AKK76J15EGVP65ET09G1","How natural (i.e. human-sounding) is this recording?","How natural (i.e. human-sounding) is this recording?","audio, naturalness, rating","$0.05","Sat Oct 19 21:40:51 PDT 2019","111","BatchId:3807385;OriginalHitTemplateId:928390811;","1800","604800","Sat Oct 26 21:40:51 PDT 2019","","","3TXWC2NHN0K6755KTF8IO7S5IK2S91","A1G3XXI02ND2L9","Rejected","Sat Oct 19 21:47:36 PDT 2019","Sat Oct 19 21:48:29 PDT 2019","Sat Oct 26 21:48:29 PDT 2019","","Sat Oct 19 23:43:57 PDT 2019","Sorry, you did not pass our hidden quality assurance tests.","53","0% (0/1)","0% (0/1)","0% (0/1)","1","4","2","1","5"
"378G7J1SJLRDMYFHVTT4OQ0DG2UWE9","3HSQTUGQM2AKK76J15EGVP65ET09G1","How natural (i.e. human-sounding) is this recording?","How natural (i.e. human-sounding) is this recording?","audio, naturalness, rating","$0.05","Sat Oct 19 21:40:51 PDT 2019","111","BatchId:3807385;OriginalHitTemplateId:928390811;","1800","604800","Sat Oct 26 21:40:51 PDT 2019","","","3K4J6M3CXFNHMJ6YQLS1VOKM0RQGAK","A1G5UODTVW13MM","Submitted","Sat Oct 19 21:47:39 PDT 2019","Sat Oct 19 21:48:22 PDT 2019","Sat Oct 26 21:48:22 PDT 2019","","","","43","0% (0/0)","0% (0/0)","0% (0/0)","4","5","1","1","5"
"378G7J1SJLRDMYFHVTT4OQ0DG2UWE9","3HSQTUGQM2AKK76J15EGVP65ET09G1","How natural (i.e. human-sounding) is this recording?","How natural (i.e. human-sounding) is this recording?","audio, naturalness, rating","$0.05","Sat Oct 19 21:40:51 PDT 2019","111","BatchId:3807385;OriginalHitTemplateId:928390811;","1800","604800","Sat Oct 26 21:40:51 PDT 2019","","","3DI28L7YXB8N8HX7O79KKK67JH6E1E","A1HUDLNEEEYSOP","Submitted","Sat Oct 19 21:51:50 PDT 2019","Sat Oct 19 21:52:29 PDT 2019","Sat Oct 26 21:52:29 PDT 2019","","","","39","0% (0/2)","0% (0/2)","0% (0/2)","4","4","3","3","4"
"378G7J1SJLRDMYFHVTT4OQ0DG2UWE9","3HSQTUGQM2AKK76J15EGVP65ET09G1","How natural (i.e. human-sounding) is this recording?","How natural (i.e. human-sounding) is this recording?","audio, naturalness, rating","$0.05","Sat Oct 19 21:40:51 PDT 2019","111","BatchId:3807385;OriginalHitTemplateId:928390811;","1800","604800","Sat Oct 26 21:40:51 PDT 2019","","","3H8DHMCCWA5KMC5T0M4IJHKLSB4KDT","A1J4AZL6MZ675U","Submitted","Sat Oct 19 21:46:37 PDT 2019","Sat Oct 19 21:53:04 PDT 2019","Sat Oct 26 21:53:04 PDT 2019","","","","387","0% (0/0)","0% (0/0)","0% (0/0)","5","5","2","2","4"
"378G7J1SJLRDMYFHVTT4OQ0DG2UWE9","3HSQTUGQM2AKK76J15EGVP65ET09G1","How natural (i.e. human-sounding) is this recording?","How natural (i.e. human-sounding) is this recording?","audio, naturalness, rating","$0.05","Sat Oct 19 21:40:51 PDT 2019","111","BatchId:3807385;OriginalHitTemplateId:928390811;","1800","604800","Sat Oct 26 21:40:51 PDT 2019","","","3CCZ6YKWR8D51379HJVAVWID40V59D","A1KBT0ZV2OGI7V","Submitted","Sat Oct 19 21:53:25 PDT 2019","Sat Oct 19 21:54:10 PDT 2019","Sat Oct 26 21:54:10 PDT 2019","","","","45","0% (0/0)","0% (0/0)","0% (0/0)","3","3","1","1","4"
"378G7J1SJLRDMYFHVTT4OQ0DG2UWE9","3HSQTUGQM2AKK76J15EGVP65ET09G1","How natural (i.e. human-sounding) is this recording?","How natural (i.e. human-sounding) is this recording?","audio, naturalness, rating","$0.05","Sat Oct 19 21:40:51 PDT 2019","111","BatchId:3807385;OriginalHitTemplateId:928390811;","1800","604800","Sat Oct 26 21:40:51 PDT 2019","","","30MVJZJNHN7D82MU6LZ4W61IM1W9J9","A1MWYS9YMR5MGQ","Submitted","Sat Oct 19 22:46:04 PDT 2019","Sat Oct 19 22:46:26 PDT 2019","Sat Oct 26 22:46:26 PDT 2019","","","","22","0% (0/0)","0% (0/0)","0% (0/0)","5","5","1","1","5"
"378G7J1SJLRDMYFHVTT4OQ0DG2UWE9","3HSQTUGQM2AKK76J15EGVP65ET09G1","How natural (i.e. human-sounding) is this recording?","How natural (i.e. human-sounding) is this recording?","audio, naturalness, rating","$0.05","Sat Oct 19 21:40:51 PDT 2019","111","BatchId:3807385;OriginalHitTemplateId:928390811;","1800","604800","Sat Oct 26 21:40:51 PDT 2019","","","3P1L2B7AD2JMAFE0BVUZ9B9ZLPHLOV","A1N0L011EYXVEY","Submitted","Sat Oct 19 21:57:09 PDT 2019","Sat Oct 19 21:58:07 PDT 2019","Sat Oct 26 21:58:07 PDT 2019","","","","58","0% (0/0)","0% (0/0)","0% (0/0)","5","5","2","2","5"
"378G7J1SJLRDMYFHVTT4OQ0DG2UWE9","3HSQTUGQM2AKK76J15EGVP65ET09G1","How natural (i.e. human-sounding) is this recording?","How natural (i.e. human-sounding) is this recording?","audio, naturalness, rating","$0.05","Sat Oct 19 21:40:51 PDT 2019","111","BatchId:3807385;OriginalHitTemplateId:928390811;","1800","604800","Sat Oct 26 21:40:51 PDT 2019","","","3TS1AR6UQR8TPHC58YAZ3CIKY4KF7T","A1NF6PELRKACS9","Submitted","Sat Oct 19 21:45:04 PDT 2019","Sat Oct 19 21:45:34 PDT 2019","Sat Oct 26 21:45:34 PDT 2019","","","","30","0% (0/0)","0% (0/0)","0% (0/0)","5","5","1","1","5"
"378G7J1SJLRDMYFHVTT4OQ0DG2UWE9","3HSQTUGQM2AKK76J15EGVP65ET09G1","How natural (i.e. human-sounding) is this recording?","How natural (i.e. human-sounding) is this recording?","audio, naturalness, rating","$0.05","Sat Oct 19 21:40:51 PDT 2019","111","BatchId:3807385;OriginalHitTemplateId:928390811;","1800","604800","Sat Oct 26 21:40:51 PDT 2019","","","33LKR6A5KFEPX0F4E2YFJ668MRTT1J","A1NJJGP4S1B3I4","Submitted","Sat Oct 19 21:56:46 PDT 2019","Sat Oct 19 21:57:02 PDT 2019","Sat Oct 26 21:57:02 PDT 2019","","","","16","0% (0/1)","0% (0/1)","0% (0/1)","5","5","1","1","3"
"378G7J1SJLRDMYFHVTT4OQ0DG2UWE9","3HSQTUGQM2AKK76J15EGVP65ET09G1","How natural (i.e. human-sounding) is this recording?","How natural (i.e. human-sounding) is this recording?","audio, naturalness, rating","$0.05","Sat Oct 19 21:40:51 PDT 2019","111","BatchId:3807385;OriginalHitTemplateId:928390811;","1800","604800","Sat Oct 26 21:40:51 PDT 2019","","","3K772S5NP95YCSILQWC5C7ME066EHH","A1NL9UGIN9BVS9","Submitted","Sat Oct 19 22:26:20 PDT 2019","Sat Oct 19 22:27:18 PDT 2019","Sat Oct 26 22:27:18 PDT 2019","","","","58","100% (1/1)","100% (1/1)","100% (1/1)","5","5","1","1","5"
"378G7J1SJLRDMYFHVTT4OQ0DG2UWE9","3HSQTUGQM2AKK76J15EGVP65ET09G1","How natural (i.e. human-sounding) is this recording?","How natural (i.e. human-sounding) is this recording?","audio, naturalness, rating","$0.05","Sat Oct 19 21:40:51 PDT 2019","111","BatchId:3807385;OriginalHitTemplateId:928390811;","1800","604800","Sat Oct 26 21:40:51 PDT 2019","","","3TXMY6UCAFIWSNXADVT4VXEC6HKQCR","A1O51687PJJKJR","Submitted","Sat Oct 19 21:49:00 PDT 2019","Sat Oct 19 21:49:52 PDT 2019","Sat Oct 26 21:49:52 PDT 2019","","","","52","0% (0/0)","0% (0/0)","0% (0/0)","5","5","2","2","5"
"378G7J1SJLRDMYFHVTT4OQ0DG2UWE9","3HSQTUGQM2AKK76J15EGVP65ET09G1","How natural (i.e. human-sounding) is this recording?","How natural (i.e. human-sounding) is this recording?","audio, naturalness, rating","$0.05","Sat Oct 19 21:40:51 PDT 2019","111","BatchId:3807385;OriginalHitTemplateId:928390811;","1800","604800","Sat Oct 26 21:40:51 PDT 2019","","","3XXU1SWE8NPKBFVDCJ3YAWX6TA5A0F","A1POBG27PTO9DX","Submitted","Sat Oct 19 22:18:52 PDT 2019","Sat Oct 19 22:21:55 PDT 2019","Sat Oct 26 22:21:55 PDT 2019","","","","183","100% (1/1)","100% (1/1)","100% (1/1)","5","5","2","2","5"
"378G7J1SJLRDMYFHVTT4OQ0DG2UWE9","3HSQTUGQM2AKK76J15EGVP65ET09G1","How natural (i.e. human-sounding) is this recording?","How natural (i.e. human-sounding) is this recording?","audio, naturalness, rating","$0.05","Sat Oct 19 21:40:51 PDT 2019","111","BatchId:3807385;OriginalHitTemplateId:928390811;","1800","604800","Sat Oct 26 21:40:51 PDT 2019","","","34Q075JO1Y7OHRIDG0A5ZV43PGY01G","A1QH5YN3THTUP4","Submitted","Sat Oct 19 22:08:57 PDT 2019","Sat Oct 19 22:09:28 PDT 2019","Sat Oct 26 22:09:28 PDT 2019","","","","31","0% (0/0)","0% (0/0)","0% (0/0)","5","5","1","1","4"
"378G7J1SJLRDMYFHVTT4OQ0DG2UWE9","3HSQTUGQM2AKK76J15EGVP65ET09G1","How natural (i.e. human-sounding) is this recording?","How natural (i.e. human-sounding) is this recording?","audio, naturalness, rating","$0.05","Sat Oct 19 21:40:51 PDT 2019","111","BatchId:3807385;OriginalHitTemplateId:928390811;","1800","604800","Sat Oct 26 21:40:51 PDT 2019","","","33FOTY3KENF8BJDTSG3PUW64Y5T1C8","A1QXU4Q3CK75FK","Submitted","Sat Oct 19 21:51:38 PDT 2019","Sat Oct 19 21:52:07 PDT 2019","Sat Oct 26 21:52:07 PDT 2019","","","","29","0% (0/3)","0% (0/3)","0% (0/3)","5","5","3","2","4"
"378G7J1SJLRDMYFHVTT4OQ0DG2UWE9","3HSQTUGQM2AKK76J15EGVP65ET09G1","How natural (i.e. human-sounding) is this recording?","How natural (i.e. human-sounding) is this recording?","audio, naturalness, rating","$0.05","Sat Oct 19 21:40:51 PDT 2019","111","BatchId:3807385;OriginalHitTemplateId:928390811;","1800","604800","Sat Oct 26 21:40:51 PDT 2019","","","31IBVUNM9TTV07D1QWDF9QYNKMYFVS","A1UGZSMN8KMREM","Submitted","Sat Oct 19 22:48:59 PDT 2019","Sat Oct 19 22:50:19 PDT 2019","Sat Oct 26 22:50:19 PDT 2019","","","","80","0% (0/0)","0% (0/0)","0% (0/0)","5","5","1","2","5"
"378G7J1SJLRDMYFHVTT4OQ0DG2UWE9","3HSQTUGQM2AKK76J15EGVP65ET09G1","How natural (i.e. human-sounding) is this recording?","How natural (i.e. human-sounding) is this recording?","audio, naturalness, rating","$0.05","Sat Oct 19 21:40:51 PDT 2019","111","BatchId:3807385;OriginalHitTemplateId:928390811;","1800","604800","Sat Oct 26 21:40:51 PDT 2019","","","34S9DKFK74JOSTLNTVJCOUBQ4UINYC","A1X7XN1U6IHQY1","Submitted","Sat Oct 19 22:12:37 PDT 2019","Sat Oct 19 22:13:25 PDT 2019","Sat Oct 26 22:13:25 PDT 2019","","","","48","0% (0/0)","0% (0/0)","0% (0/0)","5","5","1","1","5"
"378G7J1SJLRDMYFHVTT4OQ0DG2UWE9","3HSQTUGQM2AKK76J15EGVP65ET09G1","How natural (i.e. human-sounding) is this recording?","How natural (i.e. human-sounding) is this recording?","audio, naturalness, rating","$0.05","Sat Oct 19 21:40:51 PDT 2019","111","BatchId:3807385;OriginalHitTemplateId:928390811;","1800","604800","Sat Oct 26 21:40:51 PDT 2019","","","3SNLUL3WO5HHNKYX7H688H1O3B8LUB","A1XAFKGJBBH6S5","Submitted","Sat Oct 19 22:23:43 PDT 2019","Sat Oct 19 22:24:17 PDT 2019","Sat Oct 26 22:24:17 PDT 2019","","","","34","0% (0/0)","0% (0/0)","0% (0/0)","5","5","2","2","5"
"378G7J1SJLRDMYFHVTT4OQ0DG2UWE9","3HSQTUGQM2AKK76J15EGVP65ET09G1","How natural (i.e. human-sounding) is this recording?","How natural (i.e. human-sounding) is this recording?","audio, naturalness, rating","$0.05","Sat Oct 19 21:40:51 PDT 2019","111","BatchId:3807385;OriginalHitTemplateId:928390811;","1800","604800","Sat Oct 26 21:40:51 PDT 2019","","","3SNLUL3WO5HHNKYX7H688H1O3B4ULG","A1YCGICA8XCNBH","Submitted","Sat Oct 19 21:47:01 PDT 2019","Sat Oct 19 21:48:17 PDT 2019","Sat Oct 26 21:48:17 PDT 2019","","","","76","0% (0/0)","0% (0/0)","0% (0/0)","5","5","2","2","5"
"378G7J1SJLRDMYFHVTT4OQ0DG2UWE9","3HSQTUGQM2AKK76J15EGVP65ET09G1","How natural (i.e. human-sounding) is this recording?","How natural (i.e. human-sounding) is this recording?","audio, naturalness, rating","$0.05","Sat Oct 19 21:40:51 PDT 2019","111","BatchId:3807385;OriginalHitTemplateId:928390811;","1800","604800","Sat Oct 26 21:40:51 PDT 2019","","","3MMN5BL1W0YHU83ZS9BMLLQDQ3A3MJ","A1YY9C43J4LJTF","Submitted","Sat Oct 19 21:42:01 PDT 2019","Sat Oct 19 21:43:17 PDT 2019","Sat Oct 26 21:43:17 PDT 2019","","","","76","50% (1/2)","50% (1/2)","50% (1/2)","4","5","1","1","4"
"378G7J1SJLRDMYFHVTT4OQ0DG2UWE9","3HSQTUGQM2AKK76J15EGVP65ET09G1","How natural (i.e. human-sounding) is this recording?","How natural (i.e. human-sounding) is this recording?","audio, naturalness, rating","$0.05","Sat Oct 19 21:40:51 PDT 2019","111","BatchId:3807385;OriginalHitTemplateId:928390811;","1800","604800","Sat Oct 26 21:40:51 PDT 2019","","","37TRT2X24RLWWV1R45D0NCW8A1VBJH","A1ZNO22R0CI05Q","Submitted","Sat Oct 19 22:07:34 PDT 2019","Sat Oct 19 22:24:18 PDT 2019","Sat Oct 26 22:24:18 PDT 2019","","","","1004","0% (0/0)","0% (0/0)","0% (0/0)","5","5","1","1","5"
"378G7J1SJLRDMYFHVTT4OQ0DG2UWE9","3HSQTUGQM2AKK76J15EGVP65ET09G1","How natural (i.e. human-sounding) is this recording?","How natural (i.e. human-sounding) is this recording?","audio, naturalness, rating","$0.05","Sat Oct 19 21:40:51 PDT 2019","111","BatchId:3807385;OriginalHitTemplateId:928390811;","1800","604800","Sat Oct 26 21:40:51 PDT 2019","","","3B3WTRP3DCWD26OMZ0TCXPF1KQ492G","A22RHH2RPR3QIN","Submitted","Sat Oct 19 21:52:02 PDT 2019","Sat Oct 19 21:53:04 PDT 2019","Sat Oct 26 21:53:04 PDT 2019","","","","62","0% (0/0)","0% (0/0)","0% (0/0)","5","5","1","1","5"
"378G7J1SJLRDMYFHVTT4OQ0DG2UWE9","3HSQTUGQM2AKK76J15EGVP65ET09G1","How natural (i.e. human-sounding) is this recording?","How natural (i.e. human-sounding) is this recording?","audio, naturalness, rating","$0.05","Sat Oct 19 21:40:51 PDT 2019","111","BatchId:3807385;OriginalHitTemplateId:928390811;","1800","604800","Sat Oct 26 21:40:51 PDT 2019","","","35DR22AR5EESOK236GDVW26BX7U3X3","A23AP978617EJS","Submitted","Sat Oct 19 21:42:34 PDT 2019","Sat Oct 19 21:48:01 PDT 2019","Sat Oct 26 21:48:01 PDT 2019","","","","327","0% (0/1)","0% (0/1)","0% (0/1)","5","4","2","2","5"
"378G7J1SJLRDMYFHVTT4OQ0DG2UWE9","3HSQTUGQM2AKK76J15EGVP65ET09G1","How natural (i.e. human-sounding) is this recording?","How natural (i.e. human-sounding) is this recording?","audio, naturalness, rating","$0.05","Sat Oct 19 21:40:51 PDT 2019","111","BatchId:3807385;OriginalHitTemplateId:928390811;","1800","604800","Sat Oct 26 21:40:51 PDT 2019","","","3HL8HNGX46VX300YNV8JH89QTUDF9A","A24A69YAB0UI36","Submitted","Sat Oct 19 22:28:14 PDT 2019","Sat Oct 19 22:29:03 PDT 2019","Sat Oct 26 22:29:03 PDT 2019","","","","49","0% (0/1)","0% (0/1)","0% (0/1)","4","4","1","2","4"
"378G7J1SJLRDMYFHVTT4OQ0DG2UWE9","3HSQTUGQM2AKK76J15EGVP65ET09G1","How natural (i.e. human-sounding) is this recording?","How natural (i.e. human-sounding) is this recording?","audio, naturalness, rating","$0.05","Sat Oct 19 21:40:51 PDT 2019","111","BatchId:3807385;OriginalHitTemplateId:928390811;","1800","604800","Sat Oct 26 21:40:51 PDT 2019","","","31Z0PCVWUL938MU63IFOKGXLPDRT7E","A24JKHC4HTY6CD","Rejected","Sat Oct 19 21:41:00 PDT 2019","Sat Oct 19 21:56:29 PDT 2019","Sat Oct 26 21:56:29 PDT 2019","","Sat Oct 19 23:43:57 PDT 2019","Sorry, you did not pass our hidden quality assurance tests.","929","16% (3/19)","0% (0/16)","0% (0/16)","4","2","3","3","4"
"378G7J1SJLRDMYFHVTT4OQ0DG2UWE9","3HSQTUGQM2AKK76J15EGVP65ET09G1","How natural (i.e. human-sounding) is this recording?","How natural (i.e. human-sounding) is this recording?","audio, naturalness, rating","$0.05","Sat Oct 19 21:40:51 PDT 2019","111","BatchId:3807385;OriginalHitTemplateId:928390811;","1800","604800","Sat Oct 26 21:40:51 PDT 2019","","","3LS2AMNW5GKX1CUD302VQX8TVVAOQT","A257HDV8YVNC88","Submitted","Sat Oct 19 22:52:23 PDT 2019","Sat Oct 19 22:53:51 PDT 2019","Sat Oct 26 22:53:51 PDT 2019","","","","88","0% (0/0)","0% (0/0)","0% (0/0)","5","5","1","1","5"
"378G7J1SJLRDMYFHVTT4OQ0DG2UWE9","3HSQTUGQM2AKK76J15EGVP65ET09G1","How natural (i.e. human-sounding) is this recording?","How natural (i.e. human-sounding) is this recording?","audio, naturalness, rating","$0.05","Sat Oct 19 21:40:51 PDT 2019","111","BatchId:3807385;OriginalHitTemplateId:928390811;","1800","604800","Sat Oct 26 21:40:51 PDT 2019","","","3TR2532VIQOQQJKW8EWSCWAGW0LJ65","A25VNYKP7SASYC","Submitted","Sat Oct 19 22:23:28 PDT 2019","Sat Oct 19 22:25:57 PDT 2019","Sat Oct 26 22:25:57 PDT 2019","","","","149","100% (1/1)","100% (1/1)","100% (1/1)","5","4","2","2","5"
"378G7J1SJLRDMYFHVTT4OQ0DG2UWE9","3HSQTUGQM2AKK76J15EGVP65ET09G1","How natural (i.e. human-sounding) is this recording?","How natural (i.e. human-sounding) is this recording?","audio, naturalness, rating","$0.05","Sat Oct 19 21:40:51 PDT 2019","111","BatchId:3807385;OriginalHitTemplateId:928390811;","1800","604800","Sat Oct 26 21:40:51 PDT 2019","","","3XLBSAQ9Z56ZUY359A4664Y2A9FZ72","A26WS1DOMK9SG2","Submitted","Sat Oct 19 22:00:32 PDT 2019","Sat Oct 19 22:03:48 PDT 2019","Sat Oct 26 22:03:48 PDT 2019","","","","196","0% (0/0)","0% (0/0)","0% (0/0)","3","4","1","1","5"
"378G7J1SJLRDMYFHVTT4OQ0DG2UWE9","3HSQTUGQM2AKK76J15EGVP65ET09G1","How natural (i.e. human-sounding) is this recording?","How natural (i.e. human-sounding) is this recording?","audio, naturalness, rating","$0.05","Sat Oct 19 21:40:51 PDT 2019","111","BatchId:3807385;OriginalHitTemplateId:928390811;","1800","604800","Sat Oct 26 21:40:51 PDT 2019","","","3MH9DQ757X611SKWWQ9SVPWG7ULGUZ","A27ABQ0EIVWFU6","Submitted","Sat Oct 19 22:14:06 PDT 2019","Sat Oct 19 22:14:48 PDT 2019","Sat Oct 26 22:14:48 PDT 2019","","","","42","0% (0/0)","0% (0/0)","0% (0/0)","5","4","1","1","5"
"378G7J1SJLRDMYFHVTT4OQ0DG2UWE9","3HSQTUGQM2AKK76J15EGVP65ET09G1","How natural (i.e. human-sounding) is this recording?","How natural (i.e. human-sounding) is this recording?","audio, naturalness, rating","$0.05","Sat Oct 19 21:40:51 PDT 2019","111","BatchId:3807385;OriginalHitTemplateId:928390811;","1800","604800","Sat Oct 26 21:40:51 PDT 2019","","","3JWH6J9I9T7SFLSCJ35SGJDPJLZBNK","A28KDYKMVKQ37K","Submitted","Sat Oct 19 21:59:27 PDT 2019","Sat Oct 19 22:00:05 PDT 2019","Sat Oct 26 22:00:05 PDT 2019","","","","38","0% (0/0)","0% (0/0)","0% (0/0)","5","5","2","2","5"
"378G7J1SJLRDMYFHVTT4OQ0DG2UWE9","3HSQTUGQM2AKK76J15EGVP65ET09G1","How natural (i.e. human-sounding) is this recording?","How natural (i.e. human-sounding) is this recording?","audio, naturalness, rating","$0.05","Sat Oct 19 21:40:51 PDT 2019","111","BatchId:3807385;OriginalHitTemplateId:928390811;","1800","604800","Sat Oct 26 21:40:51 PDT 2019","","","3R6BYFZZP86N4WIWQBEXXBV80X0FXP","A28QUR0QYD2WI7","Submitted","Sat Oct 19 21:55:20 PDT 2019","Sat Oct 19 21:56:50 PDT 2019","Sat Oct 26 21:56:50 PDT 2019","","","","90","100% (1/1)","100% (1/1)","100% (1/1)","3","5","1","1","4"
"378G7J1SJLRDMYFHVTT4OQ0DG2UWE9","3HSQTUGQM2AKK76J15EGVP65ET09G1","How natural (i.e. human-sounding) is this recording?","How natural (i.e. human-sounding) is this recording?","audio, naturalness, rating","$0.05","Sat Oct 19 21:40:51 PDT 2019","111","BatchId:3807385;OriginalHitTemplateId:928390811;","1800","604800","Sat Oct 26 21:40:51 PDT 2019","","","3G0WWMR1UWEFJRU12L2IB88O5L5NQD","A29X1A8AF3TUQP","Submitted","Sat Oct 19 22:50:23 PDT 2019","Sat Oct 19 22:51:10 PDT 2019","Sat Oct 26 22:51:10 PDT 2019","","","","47","100% (7/7)","0% (0/0)","0% (0/0)","4","4","2","2","4"
"378G7J1SJLRDMYFHVTT4OQ0DG2UWE9","3HSQTUGQM2AKK76J15EGVP65ET09G1","How natural (i.e. human-sounding) is this recording?","How natural (i.e. human-sounding) is this recording?","audio, naturalness, rating","$0.05","Sat Oct 19 21:40:51 PDT 2019","111","BatchId:3807385;OriginalHitTemplateId:928390811;","1800","604800","Sat Oct 26 21:40:51 PDT 2019","","","37TD41K0AI3853CN5ZI9QXTDO5FCSC","A2AWT3MLF4ZBVA","Submitted","Sat Oct 19 23:24:06 PDT 2019","Sat Oct 19 23:26:51 PDT 2019","Sat Oct 26 23:26:51 PDT 2019","","","","165","0% (0/0)","0% (0/0)","0% (0/0)","5","5","2","3","5"
"378G7J1SJLRDMYFHVTT4OQ0DG2UWE9","3HSQTUGQM2AKK76J15EGVP65ET09G1","How natural (i.e. human-sounding) is this recording?","How natural (i.e. human-sounding) is this recording?","audio, naturalness, rating","$0.05","Sat Oct 19 21:40:51 PDT 2019","111","BatchId:3807385;OriginalHitTemplateId:928390811;","1800","604800","Sat Oct 26 21:40:51 PDT 2019","","","3DYGAII7PM2FMC6EI0FAFXDJ50ZPQ4","A2CXCRCQN4AM46","Submitted","Sat Oct 19 21:48:00 PDT 2019","Sat Oct 19 21:48:25 PDT 2019","Sat Oct 26 21:48:25 PDT 2019","","","","25","0% (0/0)","0% (0/0)","0% (0/0)","5","5","1","1","5"
"378G7J1SJLRDMYFHVTT4OQ0DG2UWE9","3HSQTUGQM2AKK76J15EGVP65ET09G1","How natural (i.e. human-sounding) is this recording?","How natural (i.e. human-sounding) is this recording?","audio, naturalness, rating","$0.05","Sat Oct 19 21:40:51 PDT 2019","111","BatchId:3807385;OriginalHitTemplateId:928390811;","1800","604800","Sat Oct 26 21:40:51 PDT 2019","","","3YDTZAI2WYA5GF0EZ1X7BYUG6SF14Y","A2GYEDU9S4ERDX","Submitted","Sat Oct 19 22:15:12 PDT 2019","Sat Oct 19 22:15:48 PDT 2019","Sat Oct 26 22:15:48 PDT 2019","","","","36","0% (0/1)","0% (0/1)","0% (0/1)","5","5","2","2","5"
"378G7J1SJLRDMYFHVTT4OQ0DG2UWE9","3HSQTUGQM2AKK76J15EGVP65ET09G1","How natural (i.e. human-sounding) is this recording?","How natural (i.e. human-sounding) is this recording?","audio, naturalness, rating","$0.05","Sat Oct 19 21:40:51 PDT 2019","111","BatchId:3807385;OriginalHitTemplateId:928390811;","1800","604800","Sat Oct 26 21:40:51 PDT 2019","","","3ZOTGHDK5J59ES9QV4R0LXNUDJNOSA","A2HITRHQ441VHA","Submitted","Sat Oct 19 21:40:54 PDT 2019","Sat Oct 19 21:58:59 PDT 2019","Sat Oct 26 21:58:59 PDT 2019","","","","1085","96% (52/54)","0% (0/2)","0% (0/2)","5","4","1","1","4"
"378G7J1SJLRDMYFHVTT4OQ0DG2UWE9","3HSQTUGQM2AKK76J15EGVP65ET09G1","How natural (i.e. human-sounding) is this recording?","How natural (i.e. human-sounding) is this recording?","audio, naturalness, rating","$0.05","Sat Oct 19 21:40:51 PDT 2019","111","BatchId:3807385;OriginalHitTemplateId:928390811;","1800","604800","Sat Oct 26 21:40:51 PDT 2019","","","3JRJSWSMQIFJIKBMBBN38DL4H1NE39","A2IICH6KZZB6XF","Submitted","Sat Oct 19 22:21:06 PDT 2019","Sat Oct 19 22:22:04 PDT 2019","Sat Oct 26 22:22:04 PDT 2019","","","","58","0% (0/0)","0% (0/0)","0% (0/0)","5","4","2","2","5"
"378G7J1SJLRDMYFHVTT4OQ0DG2UWE9","3HSQTUGQM2AKK76J15EGVP65ET09G1","How natural (i.e. human-sounding) is this recording?","How natural (i.e. human-sounding) is this recording?","audio, naturalness, rating","$0.05","Sat Oct 19 21:40:51 PDT 2019","111","BatchId:3807385;OriginalHitTemplateId:928390811;","1800","604800","Sat Oct 26 21:40:51 PDT 2019","","","3YHH42UU5C917YMH9ASOJADHNM6L0A","A2J37FCRL0S479","Rejected","Sat Oct 19 22:41:29 PDT 2019","Sat Oct 19 22:41:58 PDT 2019","Sat Oct 26 22:41:58 PDT 2019","","Sat Oct 19 23:43:57 PDT 2019","Sorry, you did not pass our hidden quality assurance tests.","29","0% (0/7)","0% (0/7)","0% (0/7)","4","4","5","2","5"
"378G7J1SJLRDMYFHVTT4OQ0DG2UWE9","3HSQTUGQM2AKK76J15EGVP65ET09G1","How natural (i.e. human-sounding) is this recording?","How natural (i.e. human-sounding) is this recording?","audio, naturalness, rating","$0.05","Sat Oct 19 21:40:51 PDT 2019","111","BatchId:3807385;OriginalHitTemplateId:928390811;","1800","604800","Sat Oct 26 21:40:51 PDT 2019","","","37Z929RLGA2PRKEYRLDZF7THCRDST9","A2JJIYN79SQWT7","Submitted","Sat Oct 19 22:59:44 PDT 2019","Sat Oct 19 23:00:41 PDT 2019","Sat Oct 26 23:00:41 PDT 2019","","","","57","0% (0/2)","0% (0/2)","0% (0/2)","5","5","1","1","5"
"378G7J1SJLRDMYFHVTT4OQ0DG2UWE9","3HSQTUGQM2AKK76J15EGVP65ET09G1","How natural (i.e. human-sounding) is this recording?","How natural (i.e. human-sounding) is this recording?","audio, naturalness, rating","$0.05","Sat Oct 19 21:40:51 PDT 2019","111","BatchId:3807385;OriginalHitTemplateId:928390811;","1800","604800","Sat Oct 26 21:40:51 PDT 2019","","","3QECW5O0KIVOLIGNFP0RMWJPY7X5TC","A2L9QL5S7KUL6V","Submitted","Sat Oct 19 21:41:35 PDT 2019","Sat Oct 19 21:42:09 PDT 2019","Sat Oct 26 21:42:09 PDT 2019","","","","34","0% (0/1)","0% (0/1)","0% (0/1)","5","5","1","1","5"
"378G7J1SJLRDMYFHVTT4OQ0DG2UWE9","3HSQTUGQM2AKK76J15EGVP65ET09G1","How natural (i.e. human-sounding) is this recording?","How natural (i.e. human-sounding) is this recording?","audio, naturalness, rating","$0.05","Sat Oct 19 21:40:51 PDT 2019","111","BatchId:3807385;OriginalHitTemplateId:928390811;","1800","604800","Sat Oct 26 21:40:51 PDT 2019","","","38F71OA9GUQCAKJSC4COMUFATTFFM4","A2O1WX024RTWUP","Rejected","Sat Oct 19 21:46:01 PDT 2019","Sat Oct 19 21:46:32 PDT 2019","Sat Oct 26 21:46:32 PDT 2019","","Sat Oct 19 23:43:57 PDT 2019","Sorry, you did not pass our hidden quality assurance tests.","31","0% (0/16)","0% (0/16)","0% (0/16)","3","4","4","4","4"
"378G7J1SJLRDMYFHVTT4OQ0DG2UWE9","3HSQTUGQM2AKK76J15EGVP65ET09G1","How natural (i.e. human-sounding) is this recording?","How natural (i.e. human-sounding) is this recording?","audio, naturalness, rating","$0.05","Sat Oct 19 21:40:51 PDT 2019","111","BatchId:3807385;OriginalHitTemplateId:928390811;","1800","604800","Sat Oct 26 21:40:51 PDT 2019","","","3KWTYT0871X0258I6GY005984UB5L9","A2P7LKVCMHI1C5","Submitted","Sat Oct 19 21:41:02 PDT 2019","Sat Oct 19 22:09:18 PDT 2019","Sat Oct 26 22:09:18 PDT 2019","","","","1696","20% (1/5)","20% (1/5)","20% (1/5)","4","5","1","1","5"
"378G7J1SJLRDMYFHVTT4OQ0DG2UWE9","3HSQTUGQM2AKK76J15EGVP65ET09G1","How natural (i.e. human-sounding) is this recording?","How natural (i.e. human-sounding) is this recording?","audio, naturalness, rating","$0.05","Sat Oct 19 21:40:51 PDT 2019","111","BatchId:3807385;OriginalHitTemplateId:928390811;","1800","604800","Sat Oct 26 21:40:51 PDT 2019","","","33M4IA01QHVK7MN5H6ERE09R3LAXR1","A2S0BLOKRQDOSQ","Submitted","Sat Oct 19 21:48:37 PDT 2019","Sat Oct 19 21:49:13 PDT 2019","Sat Oct 26 21:49:13 PDT 2019","","","","36","0% (0/0)","0% (0/0)","0% (0/0)","5","5","1","1","5"
"378G7J1SJLRDMYFHVTT4OQ0DG2UWE9","3HSQTUGQM2AKK76J15EGVP65ET09G1","How natural (i.e. human-sounding) is this recording?","How natural (i.e. human-sounding) is this recording?","audio, naturalness, rating","$0.05","Sat Oct 19 21:40:51 PDT 2019","111","BatchId:3807385;OriginalHitTemplateId:928390811;","1800","604800","Sat Oct 26 21:40:51 PDT 2019","","","3QL2OFSM97CBPQKIX31NR3J7166NCA","A2S3T3LPFPMZJX","Submitted","Sat Oct 19 23:10:09 PDT 2019","Sat Oct 19 23:10:54 PDT 2019","Sat Oct 26 23:10:54 PDT 2019","","","","45","0% (0/0)","0% (0/0)","0% (0/0)","5","5","1","1","5"
"378G7J1SJLRDMYFHVTT4OQ0DG2UWE9","3HSQTUGQM2AKK76J15EGVP65ET09G1","How natural (i.e. human-sounding) is this recording?","How natural (i.e. human-sounding) is this recording?","audio, naturalness, rating","$0.05","Sat Oct 19 21:40:51 PDT 2019","111","BatchId:3807385;OriginalHitTemplateId:928390811;","1800","604800","Sat Oct 26 21:40:51 PDT 2019","","","33FBRBDW6PTQMJXER1C496TCCBY8CY","A2S7SCJHKZ0CDR","Submitted","Sat Oct 19 21:40:53 PDT 2019","Sat Oct 19 21:54:22 PDT 2019","Sat Oct 26 21:54:22 PDT 2019","","","","809","0% (0/0)","0% (0/0)","0% (0/0)","4","3","1","1","5"
"378G7J1SJLRDMYFHVTT4OQ0DG2UWE9","3HSQTUGQM2AKK76J15EGVP65ET09G1","How natural (i.e. human-sounding) is this recording?","How natural (i.e. human-sounding) is this recording?","audio, naturalness, rating","$0.05","Sat Oct 19 21:40:51 PDT 2019","111","BatchId:3807385;OriginalHitTemplateId:928390811;","1800","604800","Sat Oct 26 21:40:51 PDT 2019","","","38YMOXR4MVTCW3KVFDF71M4OYW6W6P","A2T9KCQM1ZNANP","Submitted","Sun Oct 20 01:26:10 PDT 2019","Sun Oct 20 01:29:21 PDT 2019","Sun Oct 27 01:29:21 PDT 2019","","","","191","0% (0/0)","0% (0/0)","0% (0/0)","4","5","1","1","4"
"378G7J1SJLRDMYFHVTT4OQ0DG2UWE9","3HSQTUGQM2AKK76J15EGVP65ET09G1","How natural (i.e. human-sounding) is this recording?","How natural (i.e. human-sounding) is this recording?","audio, naturalness, rating","$0.05","Sat Oct 19 21:40:51 PDT 2019","111","BatchId:3807385;OriginalHitTemplateId:928390811;","1800","604800","Sat Oct 26 21:40:51 PDT 2019","","","3E4GGUZ1T9LXJ27D3XK1NYTHVKFK2K","A2VX9QCUTQ2R04","Submitted","Sat Oct 19 21:46:00 PDT 2019","Sat Oct 19 21:46:38 PDT 2019","Sat Oct 26 21:46:38 PDT 2019","","","","38","0% (0/0)","0% (0/0)","0% (0/0)","5","5","1","1","4"
"378G7J1SJLRDMYFHVTT4OQ0DG2UWE9","3HSQTUGQM2AKK76J15EGVP65ET09G1","How natural (i.e. human-sounding) is this recording?","How natural (i.e. human-sounding) is this recording?","audio, naturalness, rating","$0.05","Sat Oct 19 21:40:51 PDT 2019","111","BatchId:3807385;OriginalHitTemplateId:928390811;","1800","604800","Sat Oct 26 21:40:51 PDT 2019","","","35H6S234SBUIJK5BJCSYBMRBEZN653","A2WNZ98AO2OO2E","Submitted","Sat Oct 19 21:52:11 PDT 2019","Sat Oct 19 21:52:53 PDT 2019","Sat Oct 26 21:52:53 PDT 2019","","","","42","0% (0/0)","0% (0/0)","0% (0/0)","4","5","1","1","5"
"378G7J1SJLRDMYFHVTT4OQ0DG2UWE9","3HSQTUGQM2AKK76J15EGVP65ET09G1","How natural (i.e. human-sounding) is this recording?","How natural (i.e. human-sounding) is this recording?","audio, naturalness, rating","$0.05","Sat Oct 19 21:40:51 PDT 2019","111","BatchId:3807385;OriginalHitTemplateId:928390811;","1800","604800","Sat Oct 26 21:40:51 PDT 2019","","","3F6HPJW4JEUOE21USB34B9NCIRV2W5","A30VOAZX8XTNGW","Submitted","Sat Oct 19 22:46:34 PDT 2019","Sat Oct 19 23:12:22 PDT 2019","Sat Oct 26 23:12:22 PDT 2019","","","","1548","0% (0/0)","0% (0/0)","0% (0/0)","5","5","1","1","5"
"378G7J1SJLRDMYFHVTT4OQ0DG2UWE9","3HSQTUGQM2AKK76J15EGVP65ET09G1","How natural (i.e. human-sounding) is this recording?","How natural (i.e. human-sounding) is this recording?","audio, naturalness, rating","$0.05","Sat Oct 19 21:40:51 PDT 2019","111","BatchId:3807385;OriginalHitTemplateId:928390811;","1800","604800","Sat Oct 26 21:40:51 PDT 2019","","","33UKMF931AEQ6KRDGLIPPCP3EAJTTR","A30VWWM1PBF1ZG","Submitted","Sat Oct 19 21:50:19 PDT 2019","Sat Oct 19 21:51:11 PDT 2019","Sat Oct 26 21:51:11 PDT 2019","","","","52","0% (0/1)","0% (0/1)","0% (0/1)","4","3","2","1","4"
"378G7J1SJLRDMYFHVTT4OQ0DG2UWE9","3HSQTUGQM2AKK76J15EGVP65ET09G1","How natural (i.e. human-sounding) is this recording?","How natural (i.e. human-sounding) is this recording?","audio, naturalness, rating","$0.05","Sat Oct 19 21:40:51 PDT 2019","111","BatchId:3807385;OriginalHitTemplateId:928390811;","1800","604800","Sat Oct 26 21:40:51 PDT 2019","","","3R08VXYT7DPV03Y0YNKZ704KT7JW7H","A317RA15E0SZ4P","Submitted","Sat Oct 19 23:16:00 PDT 2019","Sat Oct 19 23:23:31 PDT 2019","Sat Oct 26 23:23:31 PDT 2019","","","","451","0% (0/0)","0% (0/0)","0% (0/0)","5","5","2","2","5"
"378G7J1SJLRDMYFHVTT4OQ0DG2UWE9","3HSQTUGQM2AKK76J15EGVP65ET09G1","How natural (i.e. human-sounding) is this recording?","How natural (i.e. human-sounding) is this recording?","audio, naturalness, rating","$0.05","Sat Oct 19 21:40:51 PDT 2019","111","BatchId:3807385;OriginalHitTemplateId:928390811;","1800","604800","Sat Oct 26 21:40:51 PDT 2019","","","3DHE4R9OCX5SHGBUD6ZMP61OO3YG2D","A31BA1WLSWUSY1","Submitted","Sat Oct 19 21:46:52 PDT 2019","Sat Oct 19 21:47:04 PDT 2019","Sat Oct 26 21:47:04 PDT 2019","","","","12","0% (0/0)","0% (0/0)","0% (0/0)","5","5","2","2","5"
"378G7J1SJLRDMYFHVTT4OQ0DG2UWE9","3HSQTUGQM2AKK76J15EGVP65ET09G1","How natural (i.e. human-sounding) is this recording?","How natural (i.e. human-sounding) is this recording?","audio, naturalness, rating","$0.05","Sat Oct 19 21:40:51 PDT 2019","111","BatchId:3807385;OriginalHitTemplateId:928390811;","1800","604800","Sat Oct 26 21:40:51 PDT 2019","","","3L0KT67Y8FAL86DS1R0YNOLWRTUSYX","A31QYD4D35EJH1","Submitted","Sat Oct 19 22:49:22 PDT 2019","Sat Oct 19 22:49:42 PDT 2019","Sat Oct 26 22:49:42 PDT 2019","","","","20","0% (0/0)","0% (0/0)","0% (0/0)","5","5","2","2","5"
"378G7J1SJLRDMYFHVTT4OQ0DG2UWE9","3HSQTUGQM2AKK76J15EGVP65ET09G1","How natural (i.e. human-sounding) is this recording?","How natural (i.e. human-sounding) is this recording?","audio, naturalness, rating","$0.05","Sat Oct 19 21:40:51 PDT 2019","111","BatchId:3807385;OriginalHitTemplateId:928390811;","1800","604800","Sat Oct 26 21:40:51 PDT 2019","","","39PAAFCODNU5JCV2LGI4QUDOBVZVT9","A33H2PUP9W8WED","Submitted","Sat Oct 19 21:49:28 PDT 2019","Sat Oct 19 22:05:21 PDT 2019","Sat Oct 26 22:05:21 PDT 2019","","","","953","0% (0/3)","0% (0/3)","0% (0/3)","3","4","2","2","3"
"378G7J1SJLRDMYFHVTT4OQ0DG2UWE9","3HSQTUGQM2AKK76J15EGVP65ET09G1","How natural (i.e. human-sounding) is this recording?","How natural (i.e. human-sounding) is this recording?","audio, naturalness, rating","$0.05","Sat Oct 19 21:40:51 PDT 2019","111","BatchId:3807385;OriginalHitTemplateId:928390811;","1800","604800","Sat Oct 26 21:40:51 PDT 2019","","","37WLF8U1WQKL13QEQZW4DBATBPNK67","A37PV20YO3VBF1","Submitted","Sat Oct 19 22:39:58 PDT 2019","Sat Oct 19 22:41:49 PDT 2019","Sat Oct 26 22:41:49 PDT 2019","","","","111","0% (0/0)","0% (0/0)","0% (0/0)","5","5","1","1","5"
"378G7J1SJLRDMYFHVTT4OQ0DG2UWE9","3HSQTUGQM2AKK76J15EGVP65ET09G1","How natural (i.e. human-sounding) is this recording?","How natural (i.e. human-sounding) is this recording?","audio, naturalness, rating","$0.05","Sat Oct 19 21:40:51 PDT 2019","111","BatchId:3807385;OriginalHitTemplateId:928390811;","1800","604800","Sat Oct 26 21:40:51 PDT 2019","","","3P529IW9KZFS4217CSB9MH0LTOPFL2","A38R689MVZST8Q","Submitted","Sat Oct 19 21:46:16 PDT 2019","Sat Oct 19 21:48:02 PDT 2019","Sat Oct 26 21:48:02 PDT 2019","","","","106","100% (3/3)","100% (1/1)","100% (1/1)","4","4","1","1","3"
"378G7J1SJLRDMYFHVTT4OQ0DG2UWE9","3HSQTUGQM2AKK76J15EGVP65ET09G1","How natural (i.e. human-sounding) is this recording?","How natural (i.e. human-sounding) is this recording?","audio, naturalness, rating","$0.05","Sat Oct 19 21:40:51 PDT 2019","111","BatchId:3807385;OriginalHitTemplateId:928390811;","1800","604800","Sat Oct 26 21:40:51 PDT 2019","","","3B2X28YI3X9K80MKKMJBE8R3OV8B68","A39LL7VGRY7XQ2","Submitted","Sat Oct 19 21:41:17 PDT 2019","Sat Oct 19 21:42:01 PDT 2019","Sat Oct 26 21:42:01 PDT 2019","","","","44","0% (0/0)","0% (0/0)","0% (0/0)","4","5","1","1","5"
"378G7J1SJLRDMYFHVTT4OQ0DG2UWE9","3HSQTUGQM2AKK76J15EGVP65ET09G1","How natural (i.e. human-sounding) is this recording?","How natural (i.e. human-sounding) is this recording?","audio, naturalness, rating","$0.05","Sat Oct 19 21:40:51 PDT 2019","111","BatchId:3807385;OriginalHitTemplateId:928390811;","1800","604800","Sat Oct 26 21:40:51 PDT 2019","","","3LYA37P8IRHR7F79MQDCORWLPQ6BKR","A3ADQ2RLQNJQDU","Submitted","Sun Oct 20 00:36:37 PDT 2019","Sun Oct 20 00:39:20 PDT 2019","Sun Oct 27 00:39:20 PDT 2019","","","","163","0% (0/0)","0% (0/0)","0% (0/0)","3","4","2","2","5"
"378G7J1SJLRDMYFHVTT4OQ0DG2UWE9","3HSQTUGQM2AKK76J15EGVP65ET09G1","How natural (i.e. human-sounding) is this recording?","How natural (i.e. human-sounding) is this recording?","audio, naturalness, rating","$0.05","Sat Oct 19 21:40:51 PDT 2019","111","BatchId:3807385;OriginalHitTemplateId:928390811;","1800","604800","Sat Oct 26 21:40:51 PDT 2019","","","3QFUFYSY9Z9W6UUM60CS00YA72W4F0","A3AYHESLQSDY5T","Submitted","Sat Oct 19 21:59:45 PDT 2019","Sat Oct 19 22:01:31 PDT 2019","Sat Oct 26 22:01:31 PDT 2019","","","","106","50% (1/2)","50% (1/2)","50% (1/2)","5","5","1","1","5"
"378G7J1SJLRDMYFHVTT4OQ0DG2UWE9","3HSQTUGQM2AKK76J15EGVP65ET09G1","How natural (i.e. human-sounding) is this recording?","How natural (i.e. human-sounding) is this recording?","audio, naturalness, rating","$0.05","Sat Oct 19 21:40:51 PDT 2019","111","BatchId:3807385;OriginalHitTemplateId:928390811;","1800","604800","Sat Oct 26 21:40:51 PDT 2019","","","3XM0HYN6NLTQP9G999KALGO5MXGEPM","A3BI4ARXGU2VND","Submitted","Sat Oct 19 22:27:11 PDT 2019","Sat Oct 19 22:27:45 PDT 2019","Sat Oct 26 22:27:45 PDT 2019","","","","34","0% (0/1)","0% (0/1)","0% (0/1)","5","5","1","1","5"
"378G7J1SJLRDMYFHVTT4OQ0DG2UWE9","3HSQTUGQM2AKK76J15EGVP65ET09G1","How natural (i.e. human-sounding) is this recording?","How natural (i.e. human-sounding) is this recording?","audio, naturalness, rating","$0.05","Sat Oct 19 21:40:51 PDT 2019","111","BatchId:3807385;OriginalHitTemplateId:928390811;","1800","604800","Sat Oct 26 21:40:51 PDT 2019","","","3WMOAN2SRCR7OZQIOKWSHV7WMDENV1","A3CVW61PA58RE4","Submitted","Sat Oct 19 21:56:08 PDT 2019","Sat Oct 19 21:58:20 PDT 2019","Sat Oct 26 21:58:20 PDT 2019","","","","132","0% (0/1)","0% (0/1)","0% (0/1)","5","5","2","2","5"
"378G7J1SJLRDMYFHVTT4OQ0DG2UWE9","3HSQTUGQM2AKK76J15EGVP65ET09G1","How natural (i.e. human-sounding) is this recording?","How natural (i.e. human-sounding) is this recording?","audio, naturalness, rating","$0.05","Sat Oct 19 21:40:51 PDT 2019","111","BatchId:3807385;OriginalHitTemplateId:928390811;","1800","604800","Sat Oct 26 21:40:51 PDT 2019","","","3FDJT1UU752PIZQ0LGMZL5WTFU65K6","A3F9N2P4NUUR7S","Submitted","Sat Oct 19 21:40:58 PDT 2019","Sat Oct 19 21:42:24 PDT 2019","Sat Oct 26 21:42:24 PDT 2019","","","","86","100% (79/79)","0% (0/0)","0% (0/0)","4","5","1","1","4"
"378G7J1SJLRDMYFHVTT4OQ0DG2UWE9","3HSQTUGQM2AKK76J15EGVP65ET09G1","How natural (i.e. human-sounding) is this recording?","How natural (i.e. human-sounding) is this recording?","audio, naturalness, rating","$0.05","Sat Oct 19 21:40:51 PDT 2019","111","BatchId:3807385;OriginalHitTemplateId:928390811;","1800","604800","Sat Oct 26 21:40:51 PDT 2019","","","3LS2AMNW5GKX1CUD302VQX8TVV7QOS","A3FLLRV2FY95K1","Submitted","Sat Oct 19 22:22:40 PDT 2019","Sat Oct 19 22:23:35 PDT 2019","Sat Oct 26 22:23:35 PDT 2019","","","","55","0% (0/0)","0% (0/0)","0% (0/0)","5","5","1","1","4"
"378G7J1SJLRDMYFHVTT4OQ0DG2UWE9","3HSQTUGQM2AKK76J15EGVP65ET09G1","How natural (i.e. human-sounding) is this recording?","How natural (i.e. human-sounding) is this recording?","audio, naturalness, rating","$0.05","Sat Oct 19 21:40:51 PDT 2019","111","BatchId:3807385;OriginalHitTemplateId:928390811;","1800","604800","Sat Oct 26 21:40:51 PDT 2019","","","3CPLWGV3MPT9RSDFLJRWPDIZVLW9N8","A3FW9NWR6TJ4M9","Submitted","Sat Oct 19 22:00:34 PDT 2019","Sat Oct 19 22:01:24 PDT 2019","Sat Oct 26 22:01:24 PDT 2019","","","","50","0% (0/0)","0% (0/0)","0% (0/0)","5","5","1","1","5"
"378G7J1SJLRDMYFHVTT4OQ0DG2UWE9","3HSQTUGQM2AKK76J15EGVP65ET09G1","How natural (i.e. human-sounding) is this recording?","How natural (i.e. human-sounding) is this recording?","audio, naturalness, rating","$0.05","Sat Oct 19 21:40:51 PDT 2019","111","BatchId:3807385;OriginalHitTemplateId:928390811;","1800","604800","Sat Oct 26 21:40:51 PDT 2019","","","3NJM2BJS4X0BSBWVDIEFVSO21L9PCA","A3GF4H0O4DRXXE","Rejected","Sat Oct 19 23:47:54 PDT 2019","Sat Oct 19 23:48:22 PDT 2019","Sat Oct 26 23:48:22 PDT 2019","","Sun Oct 20 01:14:40 PDT 2019","Sorry, you did not pass our hidden quality assurance tests.","28","0% (0/5)","0% (0/5)","0% (0/5)","1","1","1","1","1"
"378G7J1SJLRDMYFHVTT4OQ0DG2UWE9","3HSQTUGQM2AKK76J15EGVP65ET09G1","How natural (i.e. human-sounding) is this recording?","How natural (i.e. human-sounding) is this recording?","audio, naturalness, rating","$0.05","Sat Oct 19 21:40:51 PDT 2019","111","BatchId:3807385;OriginalHitTemplateId:928390811;","1800","604800","Sat Oct 26 21:40:51 PDT 2019","","","3OUYGIZWR8SRYJ1F12LV0RM1SW10PH","A3JC5R5HMP1XSA","Submitted","Sat Oct 19 21:40:52 PDT 2019","Sat Oct 19 22:05:01 PDT 2019","Sat Oct 26 22:05:01 PDT 2019","","","","1449","100% (1/1)","100% (1/1)","100% (1/1)","4","5","1","1","5"
"378G7J1SJLRDMYFHVTT4OQ0DG2UWE9","3HSQTUGQM2AKK76J15EGVP65ET09G1","How natural (i.e. human-sounding) is this recording?","How natural (i.e. human-sounding) is this recording?","audio, naturalness, rating","$0.05","Sat Oct 19 21:40:51 PDT 2019","111","BatchId:3807385;OriginalHitTemplateId:928390811;","1800","604800","Sat Oct 26 21:40:51 PDT 2019","","","3WOKGM4L72A9DJPEM28GBRHBIRE0O9","A3LE1BIVORW3VR","Submitted","Sat Oct 19 23:07:32 PDT 2019","Sat Oct 19 23:10:54 PDT 2019","Sat Oct 26 23:10:54 PDT 2019","","","","202","100% (1/1)","100% (1/1)","100% (1/1)","5","5","1","1","5"
"378G7J1SJLRDMYFHVTT4OQ0DG2UWE9","3HSQTUGQM2AKK76J15EGVP65ET09G1","How natural (i.e. human-sounding) is this recording?","How natural (i.e. human-sounding) is this recording?","audio, naturalness, rating","$0.05","Sat Oct 19 21:40:51 PDT 2019","111","BatchId:3807385;OriginalHitTemplateId:928390811;","1800","604800","Sat Oct 26 21:40:51 PDT 2019","","","3EF8EXOTT2PVJXJZ28KBH0JZOP41JO","A3M5AGD0AVXK5","Submitted","Sat Oct 19 22:07:05 PDT 2019","Sat Oct 19 22:07:58 PDT 2019","Sat Oct 26 22:07:58 PDT 2019","","","","53","0% (0/0)","0% (0/0)","0% (0/0)","5","5","1","1","5"
"378G7J1SJLRDMYFHVTT4OQ0DG2UWE9","3HSQTUGQM2AKK76J15EGVP65ET09G1","How natural (i.e. human-sounding) is this recording?","How natural (i.e. human-sounding) is this recording?","audio, naturalness, rating","$0.05","Sat Oct 19 21:40:51 PDT 2019","111","BatchId:3807385;OriginalHitTemplateId:928390811;","1800","604800","Sat Oct 26 21:40:51 PDT 2019","","","3FE2ERCCZY2C10TY3NN6QSIJQZHOPV","A3M7ENYG95EEMV","Submitted","Sat Oct 19 21:51:42 PDT 2019","Sat Oct 19 21:53:40 PDT 2019","Sat Oct 26 21:53:40 PDT 2019","","","","118","0% (0/3)","0% (0/3)","0% (0/3)","4","4","2","2","4"
"378G7J1SJLRDMYFHVTT4OQ0DG2UWE9","3HSQTUGQM2AKK76J15EGVP65ET09G1","How natural (i.e. human-sounding) is this recording?","How natural (i.e. human-sounding) is this recording?","audio, naturalness, rating","$0.05","Sat Oct 19 21:40:51 PDT 2019","111","BatchId:3807385;OriginalHitTemplateId:928390811;","1800","604800","Sat Oct 26 21:40:51 PDT 2019","","","3KAKFY4PGVWVYPD87UDUTSJW9U2I3U","A3MW8P9QLFY3SC","Submitted","Sat Oct 19 23:55:24 PDT 2019","Sat Oct 19 23:57:24 PDT 2019","Sat Oct 26 23:57:24 PDT 2019","","","","120","0% (0/0)","0% (0/0)","0% (0/0)","4","5","1","1","4"
"378G7J1SJLRDMYFHVTT4OQ0DG2UWE9","3HSQTUGQM2AKK76J15EGVP65ET09G1","How natural (i.e. human-sounding) is this recording?","How natural (i.e. human-sounding) is this recording?","audio, naturalness, rating","$0.05","Sat Oct 19 21:40:51 PDT 2019","111","BatchId:3807385;OriginalHitTemplateId:928390811;","1800","604800","Sat Oct 26 21:40:51 PDT 2019","","","3Y5140Z9DYA25EIV5SA16VMXEQIIPU","A3N2NKUWP5ZH7","Submitted","Sat Oct 19 21:49:04 PDT 2019","Sat Oct 19 21:50:23 PDT 2019","Sat Oct 26 21:50:23 PDT 2019","","","","79","0% (0/0)","0% (0/0)","0% (0/0)","5","5","2","2","3"
"378G7J1SJLRDMYFHVTT4OQ0DG2UWE9","3HSQTUGQM2AKK76J15EGVP65ET09G1","How natural (i.e. human-sounding) is this recording?","How natural (i.e. human-sounding) is this recording?","audio, naturalness, rating","$0.05","Sat Oct 19 21:40:51 PDT 2019","111","BatchId:3807385;OriginalHitTemplateId:928390811;","1800","604800","Sat Oct 26 21:40:51 PDT 2019","","","308Q0PEVB97HDR2OO3E4K5MI9M59IV","A3P04JZJNOYILR","Submitted","Sat Oct 19 22:27:19 PDT 2019","Sat Oct 19 22:31:29 PDT 2019","Sat Oct 26 22:31:29 PDT 2019","","","","250","0% (0/1)","0% (0/1)","0% (0/1)","5","5","1","1","5"
"378G7J1SJLRDMYFHVTT4OQ0DG2UWE9","3HSQTUGQM2AKK76J15EGVP65ET09G1","How natural (i.e. human-sounding) is this recording?","How natural (i.e. human-sounding) is this recording?","audio, naturalness, rating","$0.05","Sat Oct 19 21:40:51 PDT 2019","111","BatchId:3807385;OriginalHitTemplateId:928390811;","1800","604800","Sat Oct 26 21:40:51 PDT 2019","","","3V26SBZTBE8IE89BS5WPXOR1K2RZZT","A3P9EYN08NPLG4","Submitted","Sat Oct 19 21:53:02 PDT 2019","Sat Oct 19 21:56:29 PDT 2019","Sat Oct 26 21:56:29 PDT 2019","","","","207","0% (0/0)","0% (0/0)","0% (0/0)","3","3","2","1","3"
"378G7J1SJLRDMYFHVTT4OQ0DG2UWE9","3HSQTUGQM2AKK76J15EGVP65ET09G1","How natural (i.e. human-sounding) is this recording?","How natural (i.e. human-sounding) is this recording?","audio, naturalness, rating","$0.05","Sat Oct 19 21:40:51 PDT 2019","111","BatchId:3807385;OriginalHitTemplateId:928390811;","1800","604800","Sat Oct 26 21:40:51 PDT 2019","","","3R9WASFE20AC9RIBRT2IUWBJ8XXFZL","A3TKUXUTDX6FBF","Rejected","Sat Oct 19 21:46:46 PDT 2019","Sat Oct 19 21:47:07 PDT 2019","Sat Oct 26 21:47:07 PDT 2019","","Sat Oct 19 23:43:57 PDT 2019","Sorry, you did not pass our hidden quality assurance tests.","21","0% (0/11)","0% (0/11)","0% (0/11)","2","1","2","1","1"
"378G7J1SJLRDMYFHVTT4OQ0DG2UWE9","3HSQTUGQM2AKK76J15EGVP65ET09G1","How natural (i.e. human-sounding) is this recording?","How natural (i.e. human-sounding) is this recording?","audio, naturalness, rating","$0.05","Sat Oct 19 21:40:51 PDT 2019","111","BatchId:3807385;OriginalHitTemplateId:928390811;","1800","604800","Sat Oct 26 21:40:51 PDT 2019","","","3TU5ZICBREVUGK7XWJDZTBITGQ6Q8S","A41VIGPOYTFUH","Rejected","Sat Oct 19 22:49:54 PDT 2019","Sat Oct 19 22:50:12 PDT 2019","Sat Oct 26 22:50:12 PDT 2019","","Sat Oct 19 23:43:58 PDT 2019","Sorry, you did not pass our hidden quality assurance tests.","18","0% (0/9)","0% (0/9)","0% (0/9)","4","3","5","4","4"
"378G7J1SJLRDMYFHVTT4OQ0DG2UWE9","3HSQTUGQM2AKK76J15EGVP65ET09G1","How natural (i.e. human-sounding) is this recording?","How natural (i.e. human-sounding) is this recording?","audio, naturalness, rating","$0.05","Sat Oct 19 21:40:51 PDT 2019","111","BatchId:3807385;OriginalHitTemplateId:928390811;","1800","604800","Sat Oct 26 21:40:51 PDT 2019","","","3NS0A6KXC52INRE62D80CHBV9CZZG6","A654E8ZVRD6GM","Rejected","Sat Oct 19 22:07:33 PDT 2019","Sat Oct 19 22:12:56 PDT 2019","Sat Oct 26 22:12:56 PDT 2019","","Sat Oct 19 23:43:58 PDT 2019","Sorry, you did not pass our hidden quality assurance tests.","323","0% (0/5)","0% (0/5)","0% (0/5)","3","3","3","2","3"
"378G7J1SJLRDMYFHVTT4OQ0DG2UWE9","3HSQTUGQM2AKK76J15EGVP65ET09G1","How natural (i.e. human-sounding) is this recording?","How natural (i.e. human-sounding) is this recording?","audio, naturalness, rating","$0.05","Sat Oct 19 21:40:51 PDT 2019","111","BatchId:3807385;OriginalHitTemplateId:928390811;","1800","604800","Sat Oct 26 21:40:51 PDT 2019","","","3VHP9MDGROEZ1Y71ZFIAJYAYZFBFCM","A6KOTWP7N7RLU","Submitted","Sat Oct 19 21:45:15 PDT 2019","Sat Oct 19 21:46:41 PDT 2019","Sat Oct 26 21:46:41 PDT 2019","","","","86","0% (0/0)","0% (0/0)","0% (0/0)","5","5","2","2","5"
"378G7J1SJLRDMYFHVTT4OQ0DG2UWE9","3HSQTUGQM2AKK76J15EGVP65ET09G1","How natural (i.e. human-sounding) is this recording?","How natural (i.e. human-sounding) is this recording?","audio, naturalness, rating","$0.05","Sat Oct 19 21:40:51 PDT 2019","111","BatchId:3807385;OriginalHitTemplateId:928390811;","1800","604800","Sat Oct 26 21:40:51 PDT 2019","","","3W2LOLRXLC9ENMOYINZ2O61P7CVRK6","A7TIN3NQVLMS6","Submitted","Sat Oct 19 21:51:30 PDT 2019","Sat Oct 19 21:55:32 PDT 2019","Sat Oct 26 21:55:32 PDT 2019","","","","242","0% (0/0)","0% (0/0)","0% (0/0)","4","5","1","1","4"
"378G7J1SJLRDMYFHVTT4OQ0DG2UWE9","3HSQTUGQM2AKK76J15EGVP65ET09G1","How natural (i.e. human-sounding) is this recording?","How natural (i.e. human-sounding) is this recording?","audio, naturalness, rating","$0.05","Sat Oct 19 21:40:51 PDT 2019","111","BatchId:3807385;OriginalHitTemplateId:928390811;","1800","604800","Sat Oct 26 21:40:51 PDT 2019","","","3QJOXOW4XKLK46JWHTSI4CUAHS1EMM","A8V55QS3J71Z0","Submitted","Sat Oct 19 21:53:01 PDT 2019","Sat Oct 19 21:53:40 PDT 2019","Sat Oct 26 21:53:40 PDT 2019","","","","39","0% (0/0)","0% (0/0)","0% (0/0)","4","4","1","1","4"
"378G7J1SJLRDMYFHVTT4OQ0DG2UWE9","3HSQTUGQM2AKK76J15EGVP65ET09G1","How natural (i.e. human-sounding) is this recording?","How natural (i.e. human-sounding) is this recording?","audio, naturalness, rating","$0.05","Sat Oct 19 21:40:51 PDT 2019","111","BatchId:3807385;OriginalHitTemplateId:928390811;","1800","604800","Sat Oct 26 21:40:51 PDT 2019","","","3A0EX8ZRN9IMRKWQQ5E3XZBWN5HBYO","A93K6KW0M0X19","Submitted","Sun Oct 20 01:15:52 PDT 2019","Sun Oct 20 01:19:42 PDT 2019","Sun Oct 27 01:19:42 PDT 2019","","","","230","67% (4/6)","0% (0/2)","0% (0/2)","3","4","1","1","3"
"378G7J1SJLRDMYFHVTT4OQ0DG2UWE9","3HSQTUGQM2AKK76J15EGVP65ET09G1","How natural (i.e. human-sounding) is this recording?","How natural (i.e. human-sounding) is this recording?","audio, naturalness, rating","$0.05","Sat Oct 19 21:40:51 PDT 2019","111","BatchId:3807385;OriginalHitTemplateId:928390811;","1800","604800","Sat Oct 26 21:40:51 PDT 2019","","","31QNSG6A5SNKA22I0K4TTK1YB0D87B","A9E9Y0LEAYO4V","Submitted","Sat Oct 19 22:39:25 PDT 2019","Sat Oct 19 22:39:43 PDT 2019","Sat Oct 26 22:39:43 PDT 2019","","","","18","100% (1/1)","100% (1/1)","100% (1/1)","4","5","1","1","5"
"378G7J1SJLRDMYFHVTT4OQ0DG2UWE9","3HSQTUGQM2AKK76J15EGVP65ET09G1","How natural (i.e. human-sounding) is this recording?","How natural (i.e. human-sounding) is this recording?","audio, naturalness, rating","$0.05","Sat Oct 19 21:40:51 PDT 2019","111","BatchId:3807385;OriginalHitTemplateId:928390811;","1800","604800","Sat Oct 26 21:40:51 PDT 2019","","","3R2UR8A0IBAHA9VPPEXNK54MSYRXOT","A9QRQL9CFJBI7","Submitted","Sat Oct 19 21:57:05 PDT 2019","Sat Oct 19 21:57:34 PDT 2019","Sat Oct 26 21:57:34 PDT 2019","","","","29","0% (0/0)","0% (0/0)","0% (0/0)","5","5","1","1","5"
"378G7J1SJLRDMYFHVTT4OQ0DG2UWE9","3HSQTUGQM2AKK76J15EGVP65ET09G1","How natural (i.e. human-sounding) is this recording?","How natural (i.e. human-sounding) is this recording?","audio, naturalness, rating","$0.05","Sat Oct 19 21:40:51 PDT 2019","111","BatchId:3807385;OriginalHitTemplateId:928390811;","1800","604800","Sat Oct 26 21:40:51 PDT 2019","","","3H8DHMCCWA5KMC5T0M4IJHKLSB4DKM","ABETYW57YQUMF","Submitted","Sat Oct 19 21:48:06 PDT 2019","Sat Oct 19 21:49:14 PDT 2019","Sat Oct 26 21:49:14 PDT 2019","","","","68","0% (0/0)","0% (0/0)","0% (0/0)","5","5","1","1","5"
"378G7J1SJLRDMYFHVTT4OQ0DG2UWE9","3HSQTUGQM2AKK76J15EGVP65ET09G1","How natural (i.e. human-sounding) is this recording?","How natural (i.e. human-sounding) is this recording?","audio, naturalness, rating","$0.05","Sat Oct 19 21:40:51 PDT 2019","111","BatchId:3807385;OriginalHitTemplateId:928390811;","1800","604800","Sat Oct 26 21:40:51 PDT 2019","","","373ERPL3YP2DQ5ELCWDUPXOLQPUTRM","ABOZM7369UF24","Submitted","Sat Oct 19 23:02:00 PDT 2019","Sat Oct 19 23:07:03 PDT 2019","Sat Oct 26 23:07:03 PDT 2019","","","","303","100% (1/1)","100% (1/1)","100% (1/1)","5","5","1","1","5"
"378G7J1SJLRDMYFHVTT4OQ0DG2UWE9","3HSQTUGQM2AKK76J15EGVP65ET09G1","How natural (i.e. human-sounding) is this recording?","How natural (i.e. human-sounding) is this recording?","audio, naturalness, rating","$0.05","Sat Oct 19 21:40:51 PDT 2019","111","BatchId:3807385;OriginalHitTemplateId:928390811;","1800","604800","Sat Oct 26 21:40:51 PDT 2019","","","3DEL4X4EL7FT4NZRV16LMW2O68PYX4","ACPENHF7DVV7L","Submitted","Sat Oct 19 21:51:01 PDT 2019","Sat Oct 19 21:51:45 PDT 2019","Sat Oct 26 21:51:45 PDT 2019","","","","44","0% (0/0)","0% (0/0)","0% (0/0)","4","5","1","1","5"
"378G7J1SJLRDMYFHVTT4OQ0DG2UWE9","3HSQTUGQM2AKK76J15EGVP65ET09G1","How natural (i.e. human-sounding) is this recording?","How natural (i.e. human-sounding) is this recording?","audio, naturalness, rating","$0.05","Sat Oct 19 21:40:51 PDT 2019","111","BatchId:3807385;OriginalHitTemplateId:928390811;","1800","604800","Sat Oct 26 21:40:51 PDT 2019","","","3OB0CAO74IJWIXZCQXOZJAEUII5YHA","AJTHGXBMZJ3HE","Rejected","Sat Oct 19 21:41:00 PDT 2019","Sat Oct 19 21:47:31 PDT 2019","Sat Oct 26 21:47:31 PDT 2019","","Sat Oct 19 23:43:59 PDT 2019","Sorry, you did not pass our hidden quality assurance tests.","391","66% (29/44)","0% (0/15)","0% (0/15)","4","2","3","3","4"
"378G7J1SJLRDMYFHVTT4OQ0DG2UWE9","3HSQTUGQM2AKK76J15EGVP65ET09G1","How natural (i.e. human-sounding) is this recording?","How natural (i.e. human-sounding) is this recording?","audio, naturalness, rating","$0.05","Sat Oct 19 21:40:51 PDT 2019","111","BatchId:3807385;OriginalHitTemplateId:928390811;","1800","604800","Sat Oct 26 21:40:51 PDT 2019","","","39ASUFLU6Y1VYII0V0URFTA8OWMXEQ","AKAMCO8JWP1XO","Submitted","Sat Oct 19 22:08:58 PDT 2019","Sat Oct 19 22:09:22 PDT 2019","Sat Oct 26 22:09:22 PDT 2019","","","","24","0% (0/0)","0% (0/0)","0% (0/0)","5","5","1","1","4"
"378G7J1SJLRDMYFHVTT4OQ0DG2UWE9","3HSQTUGQM2AKK76J15EGVP65ET09G1","How natural (i.e. human-sounding) is this recording?","How natural (i.e. human-sounding) is this recording?","audio, naturalness, rating","$0.05","Sat Oct 19 21:40:51 PDT 2019","111","BatchId:3807385;OriginalHitTemplateId:928390811;","1800","604800","Sat Oct 26 21:40:51 PDT 2019","","","3018Q3ZVOJK8B9FC6WMDUSYT20DARM","AMYFBW7YWUKMX","Submitted","Sat Oct 19 23:53:11 PDT 2019","Sat Oct 19 23:54:18 PDT 2019","Sat Oct 26 23:54:18 PDT 2019","","","","67","0% (0/0)","0% (0/0)","0% (0/0)","5","5","2","2","5"
"378G7J1SJLRDMYFHVTT4OQ0DG2UWE9","3HSQTUGQM2AKK76J15EGVP65ET09G1","How natural (i.e. human-sounding) is this recording?","How natural (i.e. human-sounding) is this recording?","audio, naturalness, rating","$0.05","Sat Oct 19 21:40:51 PDT 2019","111","BatchId:3807385;OriginalHitTemplateId:928390811;","1800","604800","Sat Oct 26 21:40:51 PDT 2019","","","3IXEICO793DK4MG1K8AWE2XPU27T6F","AO2WNSGOXAX52","Rejected","Sat Oct 19 21:40:58 PDT 2019","Sat Oct 19 21:50:34 PDT 2019","Sat Oct 26 21:50:34 PDT 2019","","Sat Oct 19 23:43:59 PDT 2019","Sorry, you did not pass our hidden quality assurance tests.","576","0% (0/17)","0% (0/17)","0% (0/17)","2","4","2","3","4"
"378G7J1SJLRDMYFHVTT4OQ0DG2UWE9","3HSQTUGQM2AKK76J15EGVP65ET09G1","How natural (i.e. human-sounding) is this recording?","How natural (i.e. human-sounding) is this recording?","audio, naturalness, rating","$0.05","Sat Oct 19 21:40:51 PDT 2019","111","BatchId:3807385;OriginalHitTemplateId:928390811;","1800","604800","Sat Oct 26 21:40:51 PDT 2019","","","3OUYGIZWR8SRYJ1F12LV0RM1SW80PO","APKO12PP5J5LW","Submitted","Sat Oct 19 22:41:45 PDT 2019","Sat Oct 19 22:44:35 PDT 2019","Sat Oct 26 22:44:35 PDT 2019","","","","170","0% (0/4)","0% (0/4)","0% (0/4)","5","5","2","3","5"
"378G7J1SJLRDMYFHVTT4OQ0DG2UWE9","3HSQTUGQM2AKK76J15EGVP65ET09G1","How natural (i.e. human-sounding) is this recording?","How natural (i.e. human-sounding) is this recording?","audio, naturalness, rating","$0.05","Sat Oct 19 21:40:51 PDT 2019","111","BatchId:3807385;OriginalHitTemplateId:928390811;","1800","604800","Sat Oct 26 21:40:51 PDT 2019","","","30X31N5D64KKCOFPLLMIK23PO2PAS3","APYYV3B1MT2B6","Submitted","Sat Oct 19 22:29:11 PDT 2019","Sat Oct 19 22:31:19 PDT 2019","Sat Oct 26 22:31:19 PDT 2019","","","","128","0% (0/0)","0% (0/0)","0% (0/0)","5","5","2","2","4"
"378G7J1SJLRDMYFHVTT4OQ0DG2UWE9","3HSQTUGQM2AKK76J15EGVP65ET09G1","How natural (i.e. human-sounding) is this recording?","How natural (i.e. human-sounding) is this recording?","audio, naturalness, rating","$0.05","Sat Oct 19 21:40:51 PDT 2019","111","BatchId:3807385;OriginalHitTemplateId:928390811;","1800","604800","Sat Oct 26 21:40:51 PDT 2019","","","3TXWC2NHN0K6755KTF8IO7S5IK8S97","AQ66O3UMAR84P","Submitted","Sat Oct 19 22:46:31 PDT 2019","Sat Oct 19 22:46:58 PDT 2019","Sat Oct 26 22:46:58 PDT 2019","","","","27","0% (0/1)","0% (0/1)","0% (0/1)","3","5","1","1","4"
"378G7J1SJLRDMYFHVTT4OQ0DG2UWE9","3HSQTUGQM2AKK76J15EGVP65ET09G1","How natural (i.e. human-sounding) is this recording?","How natural (i.e. human-sounding) is this recording?","audio, naturalness, rating","$0.05","Sat Oct 19 21:40:51 PDT 2019","111","BatchId:3807385;OriginalHitTemplateId:928390811;","1800","604800","Sat Oct 26 21:40:51 PDT 2019","","","3QL2OFSM97CBPQKIX31NR3J7167CN0","ATUPA0IUOF80E","Submitted","Sat Oct 19 23:22:54 PDT 2019","Sat Oct 19 23:23:35 PDT 2019","Sat Oct 26 23:23:35 PDT 2019","","","","41","0% (0/0)","0% (0/0)","0% (0/0)","3","5","1","1","4"
"378G7J1SJLRDMYFHVTT4OQ0DG2UWE9","3HSQTUGQM2AKK76J15EGVP65ET09G1","How natural (i.e. human-sounding) is this recording?","How natural (i.e. human-sounding) is this recording?","audio, naturalness, rating","$0.05","Sat Oct 19 21:40:51 PDT 2019","111","BatchId:3807385;OriginalHitTemplateId:928390811;","1800","604800","Sat Oct 26 21:40:51 PDT 2019","","","36U2A8VAG2TNKN0KWIRWW2UMAZ9YKE","ATVYXLWEH5N03","Submitted","Sat Oct 19 21:41:20 PDT 2019","Sat Oct 19 21:44:17 PDT 2019","Sat Oct 26 21:44:17 PDT 2019","","","","177","100% (110/110)","100% (1/1)","100% (1/1)","3","3","1","1","4"
"378G7J1SJLRDMYFHVTT4OQ0DG2UWE9","3HSQTUGQM2AKK76J15EGVP65ET09G1","How natural (i.e. human-sounding) is this recording?","How natural (i.e. human-sounding) is this recording?","audio, naturalness, rating","$0.05","Sat Oct 19 21:40:51 PDT 2019","111","BatchId:3807385;OriginalHitTemplateId:928390811;","1800","604800","Sat Oct 26 21:40:51 PDT 2019","","","3YDGXNSEO0ONRFKZYM6MQ8HOKYM48M","AVJ57PRJS8XGX","Submitted","Sat Oct 19 22:25:17 PDT 2019","Sat Oct 19 22:26:04 PDT 2019","Sat Oct 26 22:26:04 PDT 2019","","","","47","0% (0/3)","0% (0/3)","0% (0/3)","4","4","2","2","4"
"378G7J1SJLRDMYFHVTT4OQ0DG2UWE9","3HSQTUGQM2AKK76J15EGVP65ET09G1","How natural (i.e. human-sounding) is this recording?","How natural (i.e. human-sounding) is this recording?","audio, naturalness, rating","$0.05","Sat Oct 19 21:40:51 PDT 2019","111","BatchId:3807385;OriginalHitTemplateId:928390811;","1800","604800","Sat Oct 26 21:40:51 PDT 2019","","","3MB8LZR5BGN3KOTLD3262USQ1K6KL9","AWS49CZW5Y9JK","Submitted","Sat Oct 19 21:47:33 PDT 2019","Sat Oct 19 21:47:52 PDT 2019","Sat Oct 26 21:47:52 PDT 2019","","","","19","0% (0/1)","0% (0/1)","0% (0/1)","5","5","1","1","4"
"378G7J1SJLRDMYFHVTT4OQ0DG2UWE9","3HSQTUGQM2AKK76J15EGVP65ET09G1","How natural (i.e. human-sounding) is this recording?","How natural (i.e. human-sounding) is this recording?","audio, naturalness, rating","$0.05","Sat Oct 19 21:40:51 PDT 2019","111","BatchId:3807385;OriginalHitTemplateId:928390811;","1800","604800","Sat Oct 26 21:40:51 PDT 2019","","","3E4GGUZ1T9LXJ27D3XK1NYTHVKI2K5","AX3EXSGDXF9ZJ","Submitted","Sat Oct 19 22:09:36 PDT 2019","Sat Oct 19 22:10:39 PDT 2019","Sat Oct 26 22:10:39 PDT 2019","","","","63","0% (0/0)","0% (0/0)","0% (0/0)","5","5","1","1","5"
"378G7J1SJLRDMYFHVTT4OQ0DG2UWE9","3HSQTUGQM2AKK76J15EGVP65ET09G1","How natural (i.e. human-sounding) is this recording?","How natural (i.e. human-sounding) is this recording?","audio, naturalness, rating","$0.05","Sat Oct 19 21:40:51 PDT 2019","111","BatchId:3807385;OriginalHitTemplateId:928390811;","1800","604800","Sat Oct 26 21:40:51 PDT 2019","","","33NF62TLXKWXPY5LAIQTMFFYXV4JK9","AZ330Q7B1O9R6","Submitted","Sat Oct 19 22:13:27 PDT 2019","Sat Oct 19 22:14:31 PDT 2019","Sat Oct 26 22:14:31 PDT 2019","","","","64","0% (0/0)","0% (0/0)","0% (0/0)","5","5","2","2","5"
"378G7J1SJLRDMYFHVTT4OQ0DG2UWE9","3HSQTUGQM2AKK76J15EGVP65ET09G1","How natural (i.e. human-sounding) is this recording?","How natural (i.e. human-sounding) is this recording?","audio, naturalness, rating","$0.05","Sat Oct 19 21:40:51 PDT 2019","111","BatchId:3807385;OriginalHitTemplateId:928390811;","1800","604800","Sat Oct 26 21:40:51 PDT 2019","","","3HFNH7HEMI899ZDFFHPNLOZR49NGQ2","AZJYQJOIQSZ8H","Rejected","Sat Oct 19 23:44:10 PDT 2019","Sun Oct 20 00:09:34 PDT 2019","Sun Oct 27 00:09:34 PDT 2019","","Sun Oct 20 01:14:39 PDT 2019","Sorry, you did not pass our hidden quality assurance tests.","1524","0% (0/2)","0% (0/2)","0% (0/2)","1","1","1","1","1"
"378G7J1SJLRDMYFHVTT4OQ0DG2UWE9","3HSQTUGQM2AKK76J15EGVP65ET09G1","How natural (i.e. human-sounding) is this recording?","How natural (i.e. human-sounding) is this recording?","audio, naturalness, rating","$0.05","Sat Oct 19 21:40:51 PDT 2019","111","BatchId:3807385;OriginalHitTemplateId:928390811;","1800","604800","Sat Oct 26 21:40:51 PDT 2019","","","30LB5CDZND4LCN3LOBJXRPOF2V90Z3","AZR34QLGQARBV","Submitted","Sat Oct 19 21:50:16 PDT 2019","Sat Oct 19 21:51:44 PDT 2019","Sat Oct 26 21:51:44 PDT 2019","","","","88","0% (0/1)","0% (0/1)","0% (0/1)","5","5","1","1","5"